Tuition fees up to date,Debtor,Scholarship holder,financial_distress_score,financial_high_risk,Curricular units 1st sem (enrolled),Curricular units 1st sem (approved),Curricular units 1st sem (evaluations),Curricular units 1st sem (grade),approval_rate,eval_intensity,zero_approved_flag,zero_eval_flag,Gender,Age at enrollment,age_bin,marital_grouped,Daytime/evening attendance,app_mode_target_enc,course_target_enc,prev_qual_ordinal,app_order_clipped,mother_qual_tier,father_qual_tier,mother_occ_tier,father_occ_tier,ses_composite,gender_x_agebin,financial_x_zero_approved,tuition_overdue_x_zero_approved
1,0,0,1,0,0,0,0,0.0,0.0,0.0,1,1,1,20,0,1,1,0.2802021129995407,0.4606741573033708,0,5,1,1,1,1,1.0,0,1,0
0,0,0,2,0,6,0,0,0.0,0.0,0.0,1,1,1,19,0,1,1,0.2802021129995407,0.2786885245901639,0,5,1,1,1,1,1.0,0,2,1
1,0,0,1,0,6,6,8,13.428571428571429,1.0,1.3333333333333333,0,0,0,20,0,1,1,0.2802021129995407,0.3400673400673401,0,2,1,1,1,2,1.25,0,0,0
1,0,0,1,0,6,5,9,12.333333333333334,0.8333333333333334,1.5,0,0,0,45,4,2,0,0.55625,0.36597938144329895,0,1,1,1,1,1,1.0,0,0,0
1,1,0,2,0,5,5,10,11.857142857142858,1.0,2.0,0,0,1,50,4,2,0,0.55625,0.6355140186915887,1,1,1,1,1,1,1.0,4,0,0
1,0,1,0,0,7,7,9,13.3,1.0,1.2857142857142858,0,0,0,18,0,1,1,0.2802021129995407,0.17717717717717718,0,1,1,1,1,0,0.75,0,0,0
0,0,0,2,0,5,0,5,0.0,0.0,1.0,1,0,1,22,1,1,1,0.55625,0.45714285714285713,0,4,1,1,1,1,1.0,1,2,1
1,0,1,0,0,6,6,8,13.875,1.0,1.3333333333333333,0,0,0,21,1,1,1,0.2802021129995407,0.20967741935483872,0,3,3,3,1,1,2.0,0,0,0
0,1,0,3,1,6,5,9,11.4,0.8333333333333334,1.5,0,0,0,18,0,1,1,0.2802021129995407,0.20967741935483872,0,1,3,2,2,1,2.0,0,0,0
1,0,0,1,0,6,6,6,12.333333333333334,1.0,1.0,0,0,0,18,0,1,1,0.2802021129995407,0.4337899543378995,0,1,1,2,1,1,1.25,0,0,0
1,0,1,0,0,8,7,8,13.214285714285714,0.875,1.0,0,0,0,18,0,1,1,0.2802021129995407,0.17717717717717718,0,1,1,1,1,1,1.0,0,0,0
1,0,0,1,0,6,0,6,0.0,0.0,1.0,1,0,0,19,0,1,1,0.2802021129995407,0.5985915492957746,0,2,1,1,2,1,1.25,0,1,0
1,0,1,0,0,6,6,7,10.571428571428571,1.0,1.1666666666666667,0,0,0,21,1,1,1,0.2802021129995407,0.45714285714285713,1,1,3,3,2,1,2.25,0,0,0
1,0,1,0,0,5,4,7,13.25,0.8,1.4,0,0,0,18,0,1,1,0.2802021129995407,0.3423076923076923,0,1,1,1,1,1,1.0,0,0,0
1,0,0,1,0,6,5,6,13.2,0.8333333333333334,1.0,0,0,0,20,0,1,1,0.2802021129995407,0.3400673400673401,0,1,1,1,1,2,1.25,0,0,0
1,0,0,1,0,7,7,8,13.30625,1.0,1.1428571428571428,0,0,0,18,0,1,1,0.2802021129995407,0.17717717717717718,0,2,1,3,1,2,1.75,0,0,0
1,0,0,1,0,5,4,8,12.5,0.8,1.6,0,0,0,20,0,1,1,0.2802021129995407,0.65,0,1,4,2,2,1,2.25,0,0,0
1,0,1,0,0,0,0,0,0.0,0.0,0.0,1,1,0,21,1,1,1,0.2802021129995407,0.4606741573033708,0,3,3,3,1,1,2.0,0,0,0
1,0,0,1,0,8,7,12,12.857142857142858,0.875,1.5,0,0,0,18,0,1,1,0.2802021129995407,0.17717717717717718,0,4,1,2,1,1,1.25,0,0,0
1,0,1,0,0,6,6,8,13.375,1.0,1.3333333333333333,0,0,0,19,0,1,1,0.2802021129995407,0.4337899543378995,0,4,3,1,2,1,1.75,0,0,0
1,0,0,1,0,7,6,8,13.296666666666669,0.8571428571428571,1.1428571428571428,0,0,0,19,0,1,1,0.2802021129995407,0.17717717717717718,0,1,1,2,2,1,1.5,0,0,0
1,0,0,1,0,6,6,9,11.375,1.0,1.5,0,0,0,21,1,1,1,0.2802021129995407,0.20967741935483872,0,2,1,1,1,1,1.0,0,0,0
1,0,0,1,0,5,5,6,12.0,1.0,1.2,0,0,0,20,0,1,1,0.2802021129995407,0.4944649446494465,0,1,1,3,1,1,1.5,0,0,0
1,0,0,1,0,6,6,7,12.833333333333334,1.0,1.1666666666666667,0,0,1,20,0,1,1,0.55625,0.2786885245901639,0,1,1,4,0,2,1.75,0,0,0
1,0,0,1,0,6,6,6,12.666666666666666,1.0,1.0,0,0,0,19,0,1,0,0.55625,0.36597938144329895,0,1,1,3,1,1,1.5,0,0,0
1,0,0,1,0,5,5,6,12.4,1.0,1.2,0,0,1,34,3,1,0,0.2802021129995407,0.6355140186915887,0,1,4,1,2,1,2.0,3,0,0
0,1,0,3,1,7,0,7,0.0,0.0,1.0,1,0,1,37,4,1,1,0.55625,0.8888888888888888,0,1,1,1,1,2,1.25,4,3,1
1,0,0,1,0,5,0,0,0.0,0.0,0.0,1,1,1,43,4,1,1,0.55625,0.8653846153846154,2,1,3,1,0,0,1.0,4,1,0
1,0,0,1,0,5,1,10,10.0,0.2,2.0,0,0,0,55,4,1,1,0.55625,0.4944649446494465,0,1,1,1,2,2,1.5,0,0,0
1,0,0,1,0,5,5,8,11.0,1.0,1.6,0,0,0,39,4,3,0,0.55625,0.6355140186915887,0,1,1,2,1,2,1.5,0,0,0
0,1,0,3,1,6,3,13,11.666666666666666,0.5,2.1666666666666665,0,0,0,20,0,1,1,0.55625,0.65,1,1,4,4,2,2,3.0,0,0,0
1,1,0,2,0,6,4,6,12.75,0.6666666666666666,1.0,0,0,0,18,0,1,1,0.2802021129995407,0.3400673400673401,0,5,4,4,1,1,2.5,0,0,0
1,0,0,1,0,5,5,5,14.8,1.0,1.0,0,0,0,22,1,1,1,0.2802021129995407,0.4944649446494465,0,2,4,2,1,1,2.0,0,0,0
1,0,0,1,0,7,5,9,13.928,0.7142857142857143,1.2857142857142858,0,0,0,22,1,1,1,0.2802021129995407,0.17717717717717718,0,5,3,4,1,1,2.25,0,0,0
0,0,0,2,0,6,4,7,13.0,0.6666666666666666,1.1666666666666667,0,0,0,20,0,1,1,0.2802021129995407,0.3400673400673401,0,1,3,1,1,1,1.5,0,0,0
1,0,0,1,0,5,0,0,0.0,0.0,0.0,1,1,0,29,3,1,0,0.55625,0.6355140186915887,0,1,1,1,1,1,1.0,0,1,0
1,0,0,1,0,6,6,6,11.666666666666666,1.0,1.0,0,0,0,18,0,1,1,0.2802021129995407,0.20967741935483872,0,2,1,2,1,1,1.25,0,0,0
1,0,1,0,0,7,6,8,13.516666666666666,0.8571428571428571,1.1428571428571428,0,0,0,22,1,1,1,0.2802021129995407,0.17717717717717718,0,5,1,2,1,1,1.25,0,0,0
1,0,1,0,0,6,6,6,11.5,1.0,1.0,0,0,0,21,1,1,0,0.55625,0.36597938144329895,1,1,3,2,1,1,1.75,0,0,0
1,0,1,0,0,6,5,7,12.333333333333334,0.8333333333333334,1.1666666666666667,0,0,0,19,0,1,1,0.2802021129995407,0.20967741935483872,0,1,1,1,1,1,1.0,0,0,0
1,0,1,0,0,6,6,6,13.666666666666666,1.0,1.0,0,0,0,24,2,1,1,0.55625,0.45714285714285713,0,1,1,1,1,1,1.0,0,0,0
1,0,0,1,0,5,5,7,14.714285714285714,1.0,1.4,0,0,0,19,0,1,1,0.2802021129995407,0.65,0,3,1,1,0,0,0.5,0,0,0
1,0,0,1,0,5,5,12,10.6,1.0,2.4,0,0,0,27,2,1,0,0.55625,0.6355140186915887,0,1,1,1,1,1,1.0,0,0,0
1,0,0,1,0,7,7,9,13.044444444444444,1.0,1.2857142857142858,0,0,0,18,0,1,1,0.2802021129995407,0.17717717717717718,0,1,3,2,1,1,1.75,0,0,0
1,0,0,1,0,6,0,10,0.0,0.0,1.6666666666666667,1,0,0,39,4,2,1,0.6412213740458015,0.45714285714285713,2,1,3,4,2,2,2.75,0,1,0
1,0,0,1,0,6,5,9,13.0,0.8333333333333334,1.5,0,0,0,27,2,1,1,0.55625,0.65,1,1,4,4,1,1,2.5,0,0,0
1,0,0,1,0,8,8,8,14.935,1.0,1.0,0,0,0,18,0,1,1,0.2802021129995407,0.17717717717717718,0,1,1,1,1,0,0.75,0,0,0
1,0,0,1,0,7,6,8,13.133333333333333,0.8571428571428571,1.1428571428571428,0,0,0,18,0,1,1,0.2802021129995407,0.17717717717717718,0,2,1,2,1,1,1.25,0,0,0
1,0,1,0,0,6,6,7,12.0,1.0,1.1666666666666667,0,0,0,21,1,1,1,0.55625,0.20967741935483872,1,1,1,3,1,1,1.5,0,0,0
1,0,0,1,0,7,5,10,11.9,0.7142857142857143,1.4285714285714286,0,0,1,29,3,3,1,0.55625,0.17717717717717718,1,1,3,3,1,1,2.0,3,0,0
1,0,1,0,0,0,0,0,0.0,0.0,0.0,1,1,1,19,0,1,1,0.2802021129995407,0.4606741573033708,0,3,1,2,1,2,1.5,0,0,0
1,0,0,1,0,6,6,8,12.571428571428571,1.0,1.3333333333333333,0,0,1,23,1,1,1,0.55625,0.4941860465116279,1,1,1,1,1,1,1.0,1,0,0
1,1,0,2,0,5,5,8,11.2,1.0,1.6,0,0,1,19,0,1,1,0.2802021129995407,0.4944649446494465,0,3,3,1,1,1,1.5,0,0,0
1,0,0,1,0,7,7,8,11.975,1.0,1.1428571428571428,0,0,1,24,2,1,1,0.2802021129995407,0.17717717717717718,0,1,1,2,1,2,1.5,2,0,0
1,0,0,1,0,0,0,0,0.0,0.0,0.0,1,1,1,19,0,1,1,0.2802021129995407,0.4606741573033708,0,1,1,2,1,0,1.0,0,1,0
1,0,0,1,0,6,3,12,11.666666666666666,0.5,2.0,0,0,1,18,0,1,1,0.2802021129995407,0.45714285714285713,0,4,1,1,1,1,1.0,0,0,0
1,0,0,1,0,6,6,8,12.333333333333334,1.0,1.3333333333333333,0,0,1,18,0,1,1,0.2802021129995407,0.3400673400673401,0,2,1,1,1,1,1.0,0,0,0
1,1,0,2,0,5,3,8,10.333333333333334,0.6,1.6,0,0,1,18,0,1,1,0.2802021129995407,0.4944649446494465,0,3,1,2,2,1,1.5,0,0,0
1,0,1,0,0,6,4,8,10.5,0.6666666666666666,1.3333333333333333,0,0,1,21,1,1,1,0.55625,0.45714285714285713,0,4,1,1,1,1,1.0,1,0,0
1,1,1,1,0,6,6,6,13.666666666666666,1.0,1.0,0,0,1,19,0,1,1,0.2802021129995407,0.3400673400673401,0,4,3,2,1,1,1.75,0,0,0
1,0,1,0,0,7,7,7,14.842857142857142,1.0,1.0,0,0,1,22,1,1,1,0.2802021129995407,0.17717717717717718,0,4,1,1,1,1,1.0,1,0,0
1,0,0,1,0,6,6,8,12.0,1.0,1.3333333333333333,0,0,1,33,3,2,0,0.55625,0.36597938144329895,0,1,1,1,1,2,1.25,3,0,0
1,0,0,1,0,6,5,8,12.2,0.8333333333333334,1.3333333333333333,0,0,1,20,0,1,1,0.2802021129995407,0.5985915492957746,0,5,1,2,1,1,1.25,0,0,0
1,0,0,1,0,1,0,1,0.0,0.0,1.0,1,0,1,35,3,1,0,0.55625,0.6355140186915887,2,1,4,4,1,1,2.5,3,1,0
1,1,0,2,0,12,6,17,12.166666666666666,0.5,1.4166666666666667,0,0,1,24,2,1,1,0.55625,0.4941860465116279,2,1,4,4,2,1,2.75,2,0,0
1,0,0,1,0,6,6,7,11.0,1.0,1.1666666666666667,0,0,0,33,3,2,0,0.55625,0.36597938144329895,0,1,1,1,1,2,1.25,0,0,0
1,0,1,0,0,8,7,8,13.08,0.875,1.0,0,0,0,22,1,1,1,0.55625,0.17717717717717718,0,1,1,1,1,1,1.0,0,0,0
1,0,1,0,0,5,4,7,10.5,0.8,1.4,0,0,0,25,2,1,1,0.55625,0.4337899543378995,0,1,3,2,2,1,2.0,0,0,0
1,0,0,1,0,6,6,9,10.666666666666666,1.0,1.5,0,0,1,20,0,1,1,0.2802021129995407,0.2786885245901639,0,1,1,1,2,0,1.0,0,0,0
1,0,0,1,0,7,0,18,0.0,0.0,2.5714285714285716,1,0,1,24,2,1,1,0.55625,0.17717717717717718,0,1,3,3,2,0,2.0,2,1,0
0,0,0,2,0,6,6,6,14.0,1.0,1.0,0,0,0,21,1,1,1,0.2802021129995407,0.3400673400673401,0,2,1,3,1,1,1.5,0,0,0
1,0,0,1,0,6,2,7,12.0,0.3333333333333333,1.1666666666666667,0,0,0,26,2,1,1,0.36666666666666664,0.65,0,1,3,3,2,2,2.5,0,0,0
1,0,0,1,0,6,3,12,12.666666666666666,0.5,2.0,0,0,0,39,4,2,1,0.55625,0.5985915492957746,2,1,1,1,0,0,0.5,0,0,0
1,0,0,1,0,8,8,11,11.875,1.0,1.375,0,0,0,44,4,2,0,0.55625,0.36597938144329895,0,1,1,2,1,1,1.25,0,0,0
1,0,0,1,0,6,6,6,13.666666666666666,1.0,1.0,0,0,0,18,0,1,1,0.2802021129995407,0.3400673400673401,0,5,1,3,1,1,1.5,0,0,0
1,0,1,0,0,7,7,7,13.75,1.0,1.0,0,0,0,18,0,1,1,0.2802021129995407,0.17717717717717718,0,5,1,1,1,1,1.0,0,0,0
0,1,0,3,1,7,4,10,11.96,0.5714285714285714,1.4285714285714286,0,0,0,19,0,1,1,0.2802021129995407,0.17717717717717718,0,4,4,4,1,1,2.5,0,0,0
1,0,0,1,0,10,8,12,12.875,0.8,1.2,0,0,0,21,1,1,1,0.2802021129995407,0.3423076923076923,1,1,1,1,1,1,1.0,0,0,0
1,0,0,1,0,0,0,0,0.0,0.0,0.0,1,1,0,20,0,1,1,0.2802021129995407,0.4606741573033708,0,4,3,3,1,0,1.75,0,1,0
1,0,0,1,0,6,0,0,0.0,0.0,0.0,1,1,0,36,4,2,0,0.55625,0.36597938144329895,0,1,1,1,2,1,1.25,0,1,0
1,0,0,1,0,18,18,19,14.63157894736842,1.0,1.0555555555555556,0,0,0,43,4,3,1,0.55625,0.4941860465116279,1,1,1,1,1,2,1.25,0,0,0
1,0,0,1,0,6,0,0,0.0,0.0,0.0,1,1,0,19,0,1,1,0.55625,0.5985915492957746,0,1,1,2,1,1,1.25,0,1,0
1,1,0,2,0,10,10,12,13.0,1.0,1.2,0,0,0,20,0,1,1,0.55625,0.2786885245901639,0,1,4,3,1,1,2.25,0,0,0
1,0,0,1,0,6,0,0,0.0,0.0,0.0,1,1,0,19,0,1,1,0.2802021129995407,0.20967741935483872,0,2,1,1,2,1,1.25,0,1,0
1,0,0,1,0,6,4,15,14.2,0.6666666666666666,2.5,0,0,0,20,0,1,1,0.2802021129995407,0.3423076923076923,0,1,3,3,2,2,2.5,0,0,0
1,0,0,1,0,7,6,9,13.266666666666666,0.8571428571428571,1.2857142857142858,0,0,0,20,0,1,1,0.2802021129995407,0.17717717717717718,0,5,4,4,2,2,3.0,0,0,0
1,0,0,1,0,6,6,8,13.857142857142858,1.0,1.3333333333333333,0,0,0,18,0,1,1,0.2802021129995407,0.20967741935483872,0,1,1,1,2,1,1.25,0,0,0
1,0,0,1,0,5,5,6,13.4,1.0,1.2,0,0,0,19,0,1,1,0.2802021129995407,0.3423076923076923,0,1,1,2,1,1,1.25,0,0,0
1,0,0,1,0,6,6,6,12.666666666666666,1.0,1.0,0,0,0,18,0,1,1,0.2802021129995407,0.3400673400673401,0,3,3,1,2,1,1.75,0,0,0
1,0,0,1,0,7,6,7,12.516666666666666,0.8571428571428571,1.0,0,0,0,18,0,1,1,0.2802021129995407,0.17717717717717718,0,2,1,1,1,1,1.0,0,0,0
1,0,0,1,0,5,5,12,13.142857142857142,1.0,2.4,0,0,0,18,0,1,1,0.2802021129995407,0.3423076923076923,0,2,1,1,1,1,1.0,0,0,0
1,0,0,1,0,5,5,5,12.6,1.0,1.0,0,0,0,18,0,1,1,0.2802021129995407,0.4944649446494465,0,1,4,2,2,1,2.25,0,0,0
1,0,0,1,0,6,3,12,11.0,0.5,2.0,0,0,0,21,1,1,1,0.2802021129995407,0.45714285714285713,0,1,3,3,2,1,2.25,0,0,0
1,0,0,1,0,5,5,8,10.8,1.0,1.6,0,0,0,19,0,1,1,0.2802021129995407,0.4944649446494465,0,2,1,2,1,1,1.25,0,0,0
1,0,0,1,0,0,0,0,0.0,0.0,0.0,1,1,0,19,0,1,1,0.2802021129995407,0.4606741573033708,0,1,4,2,1,1,2.0,0,1,0
1,0,1,0,0,5,5,5,12.8,1.0,1.0,0,0,0,19,0,1,1,0.2802021129995407,0.4337899543378995,0,1,1,1,1,1,1.0,0,0,0
1,0,0,1,0,6,6,15,14.166666666666666,1.0,2.5,0,0,0,19,0,1,1,0.2802021129995407,0.3423076923076923,0,1,1,1,2,1,1.25,0,0,0
1,0,0,1,0,7,5,12,12.1,0.7142857142857143,1.7142857142857142,0,0,0,19,0,1,1,0.2802021129995407,0.4782608695652174,0,5,3,3,2,1,2.25,0,0,0
1,0,0,1,0,6,6,7,14.166666666666666,1.0,1.1666666666666667,0,0,0,20,0,1,1,0.55625,0.3423076923076923,1,1,1,1,1,1,1.0,0,0,0
1,0,0,1,0,6,6,7,13.0,1.0,1.1666666666666667,0,0,0,18,0,1,1,0.2802021129995407,0.20967741935483872,0,3,3,1,1,2,1.75,0,0,0
1,0,0,1,0,7,7,7,13.467142857142855,1.0,1.0,0,0,0,19,0,1,1,0.2802021129995407,0.17717717717717718,0,5,3,1,1,1,1.5,0,0,0
1,0,1,0,0,7,7,9,13.2375,1.0,1.2857142857142858,0,0,0,18,0,1,1,0.2802021129995407,0.17717717717717718,0,3,1,2,1,1,1.25,0,0,0
1,0,0,1,0,6,6,6,12.333333333333334,1.0,1.0,0,0,0,18,0,1,1,0.2802021129995407,0.2786885245901639,0,2,1,1,1,1,1.0,0,0,0
1,0,0,1,0,5,5,7,12.4,1.0,1.4,0,0,0,19,0,1,1,0.2802021129995407,0.4944649446494465,0,4,3,2,2,1,2.0,0,0,0
1,0,0,1,0,7,5,8,14.0,0.7142857142857143,1.1428571428571428,0,0,0,19,0,1,1,0.2802021129995407,0.17717717717717718,0,5,3,2,2,2,2.25,0,0,0
1,0,0,1,0,9,9,15,11.666666666666666,1.0,1.6666666666666667,0,0,0,20,0,1,1,0.55625,0.20967741935483872,0,1,1,1,1,1,1.0,0,0,0
0,1,1,2,1,6,5,7,12.0,0.8333333333333334,1.1666666666666667,0,0,0,19,0,1,1,0.2802021129995407,0.4337899543378995,0,1,3,1,2,1,1.75,0,0,0
1,0,0,1,0,5,4,7,12.2,0.8,1.4,0,0,0,20,0,1,1,0.2802021129995407,0.4337899543378995,0,1,1,2,1,1,1.25,0,0,0
1,1,1,1,0,6,6,6,14.833333333333334,1.0,1.0,0,0,0,18,0,1,1,0.2802021129995407,0.3400673400673401,0,1,3,3,2,2,2.5,0,0,0
1,0,0,1,0,7,7,8,17.125,1.0,1.1428571428571428,0,0,0,18,0,1,1,0.55625,0.17717717717717718,0,1,1,3,2,1,1.75,0,0,0
1,0,0,1,0,7,6,7,12.666666666666666,0.8571428571428571,1.0,0,0,0,19,0,1,1,0.2802021129995407,0.17717717717717718,0,5,1,1,1,1,1.0,0,0,0
1,0,1,0,0,6,6,8,12.666666666666666,1.0,1.3333333333333333,0,0,0,19,0,1,1,0.2802021129995407,0.3400673400673401,0,5,1,3,2,2,2.0,0,0,0
1,0,1,0,0,6,6,7,11.333333333333334,1.0,1.1666666666666667,0,0,0,19,0,1,1,0.2802021129995407,0.20967741935483872,0,3,3,1,1,0,1.25,0,0,0
1,0,1,0,0,7,7,10,13.605,1.0,1.4285714285714286,0,0,0,19,0,1,1,0.2802021129995407,0.17717717717717718,0,3,1,2,1,1,1.25,0,0,0
1,0,1,0,0,6,5,10,12.0,0.8333333333333334,1.6666666666666667,0,0,0,19,0,1,1,0.2802021129995407,0.5985915492957746,0,5,1,1,1,2,1.25,0,0,0
1,0,0,1,0,5,0,10,0.0,0.0,2.0,1,0,0,19,0,1,1,0.2802021129995407,0.45714285714285713,0,4,1,2,1,1,1.25,0,1,0
1,0,0,1,0,6,5,8,11.2,0.8333333333333334,1.3333333333333333,0,0,0,20,0,1,1,0.2802021129995407,0.45714285714285713,0,1,3,1,1,0,1.25,0,0,0
1,0,0,1,0,5,5,10,13.375,1.0,2.0,0,0,0,18,0,1,1,0.2802021129995407,0.4944649446494465,0,1,4,2,1,0,1.75,0,0,0
1,0,1,0,0,7,6,8,13.863333333333337,0.8571428571428571,1.1428571428571428,0,0,0,20,0,1,1,0.2802021129995407,0.17717717717717718,0,1,3,2,1,1,1.75,0,0,0
1,0,0,1,0,5,5,6,12.4,1.0,1.2,0,0,0,19,0,1,1,0.2802021129995407,0.3423076923076923,0,1,3,1,2,1,1.75,0,0,0
1,0,0,1,0,6,6,7,13.333333333333334,1.0,1.1666666666666667,0,0,0,18,0,1,1,0.2802021129995407,0.5985915492957746,0,1,1,1,1,1,1.0,0,0,0
1,0,0,1,0,6,3,10,12.666666666666666,0.5,1.6666666666666667,0,0,0,21,1,1,1,0.55625,0.5985915492957746,0,1,4,1,1,1,1.75,0,0,0
1,0,0,1,0,6,6,8,12.0,1.0,1.3333333333333333,0,0,0,19,0,1,1,0.2802021129995407,0.5985915492957746,0,1,1,1,2,2,1.5,0,0,0
1,0,1,0,0,5,5,5,10.6,1.0,1.0,0,0,0,18,0,1,1,0.2802021129995407,0.4944649446494465,0,1,1,1,1,1,1.0,0,0,0
1,0,1,0,0,6,6,8,12.25,1.0,1.3333333333333333,0,0,0,18,0,1,1,0.2802021129995407,0.20967741935483872,0,2,3,1,1,1,1.5,0,0,0
1,0,0,1,0,6,4,10,11.0,0.6666666666666666,1.6666666666666667,0,0,0,20,0,1,1,0.2802021129995407,0.20967741935483872,0,3,1,3,1,0,1.25,0,0,0
1,0,1,0,0,6,5,11,11.0,0.8333333333333334,1.8333333333333333,0,0,0,24,2,1,0,0.55625,0.36597938144329895,0,1,3,2,2,1,2.0,0,0,0
1,0,0,1,0,6,6,6,13.166666666666666,1.0,1.0,0,0,0,19,0,1,1,0.2802021129995407,0.4337899543378995,0,1,1,3,2,1,1.75,0,0,0
1,0,1,0,0,7,7,9,12.855555555555554,1.0,1.2857142857142858,0,0,0,18,0,1,1,0.2802021129995407,0.17717717717717718,0,1,1,1,1,1,1.0,0,0,0
1,0,0,1,0,7,7,8,14.91875,1.0,1.1428571428571428,0,0,0,18,0,1,1,0.2802021129995407,0.17717717717717718,0,2,1,2,1,1,1.25,0,0,0
1,0,0,1,0,6,4,13,11.5,0.6666666666666666,2.1666666666666665,0,0,0,21,1,1,1,0.2802021129995407,0.5985915492957746,0,5,1,1,2,2,1.5,0,0,0
1,0,0,1,0,5,5,5,14.2,1.0,1.0,0,0,0,19,0,1,1,0.2802021129995407,0.4337899543378995,0,2,3,2,1,2,2.0,0,0,0
1,0,1,0,0,6,6,6,12.5,1.0,1.0,0,0,0,19,0,1,1,0.2802021129995407,0.3400673400673401,0,1,1,1,1,1,1.0,0,0,0
1,0,0,1,0,6,5,10,11.666666666666666,0.8333333333333334,1.6666666666666667,0,0,0,19,0,1,1,0.2802021129995407,0.20967741935483872,0,3,1,2,1,1,1.25,0,0,0
1,0,0,1,0,8,7,8,14.257142857142856,0.875,1.0,0,0,0,29,3,1,1,0.55625,0.17717717717717718,2,1,4,4,1,1,2.5,0,0,0
1,0,0,1,0,6,3,13,12.0,0.5,2.1666666666666665,0,0,0,21,1,1,1,0.55625,0.20967741935483872,0,1,1,2,2,1,1.5,0,0,0
1,0,0,1,0,7,7,8,12.457142857142856,1.0,1.1428571428571428,0,0,0,20,0,1,1,0.2802021129995407,0.4782608695652174,0,2,1,1,2,0,1.0,0,0,0
1,0,0,1,0,7,6,7,11.683333333333332,0.8571428571428571,1.0,0,0,0,19,0,1,1,0.2802021129995407,0.17717717717717718,0,1,4,1,2,1,2.0,0,0,0
1,0,0,1,0,6,3,10,11.666666666666666,0.5,1.6666666666666667,0,0,0,26,2,1,0,0.55625,0.36597938144329895,0,1,1,4,2,2,2.25,0,0,0
0,1,0,3,1,6,4,8,11.75,0.6666666666666666,1.3333333333333333,0,0,0,20,0,1,1,0.2802021129995407,0.45714285714285713,0,2,1,1,1,1,1.0,0,0,0
1,0,0,1,0,6,5,9,13.2,0.8333333333333334,1.5,0,0,0,27,2,1,1,0.55625,0.5985915492957746,0,1,1,2,1,1,1.25,0,0,0
1,0,0,1,0,7,4,8,11.95,0.5714285714285714,1.1428571428571428,0,0,0,20,0,1,1,0.2802021129995407,0.17717717717717718,0,2,3,1,0,0,1.0,0,0,0
1,0,0,1,0,6,5,8,12.4,0.8333333333333334,1.3333333333333333,0,0,0,18,0,1,1,0.2802021129995407,0.5985915492957746,0,5,1,2,1,1,1.25,0,0,0
1,0,0,1,0,7,6,8,14.35,0.8571428571428571,1.1428571428571428,0,0,0,33,3,1,1,0.6412213740458015,0.17717717717717718,2,1,3,3,1,1,2.0,0,0,0
1,0,0,1,0,21,21,21,12.61904761904762,1.0,1.0,0,0,0,35,3,1,1,0.55625,0.5985915492957746,0,1,4,3,2,2,2.75,0,0,0
0,1,0,3,1,6,5,6,12.0,0.8333333333333334,1.0,0,0,0,27,2,1,1,0.55625,0.3400673400673401,1,1,1,2,2,2,1.75,0,0,0
0,0,0,2,0,6,6,6,12.166666666666666,1.0,1.0,0,0,0,19,0,1,1,0.55625,0.2786885245901639,0,3,3,1,1,1,1.5,0,0,0
1,0,0,1,0,6,0,0,0.0,0.0,0.0,1,1,0,20,0,1,1,0.2802021129995407,0.45714285714285713,0,2,3,2,2,2,2.25,0,1,0
0,1,0,3,1,5,3,9,10.0,0.6,1.8,0,0,0,20,0,1,1,0.55625,0.4944649446494465,0,2,4,4,1,1,2.5,0,0,0
1,0,1,0,0,7,6,7,13.05,0.8571428571428571,1.0,0,0,0,18,0,1,1,0.2802021129995407,0.17717717717717718,0,3,1,3,1,2,1.75,0,0,0
1,0,0,1,0,6,2,10,11.0,0.3333333333333333,1.6666666666666667,0,0,0,24,2,1,1,0.55625,0.3423076923076923,0,1,3,2,1,1,1.75,0,0,0
1,0,0,1,0,6,6,7,11.5,1.0,1.1666666666666667,0,0,0,20,0,1,1,0.2802021129995407,0.2786885245901639,0,4,3,4,2,1,2.5,0,0,0
1,0,1,0,0,6,6,7,12.0,1.0,1.1666666666666667,0,0,0,21,1,1,1,0.2802021129995407,0.45714285714285713,0,1,1,1,1,1,1.0,0,0,0
1,0,0,1,0,5,0,5,0.0,0.0,1.0,1,0,0,24,2,1,1,0.55625,0.4944649446494465,0,1,1,4,2,2,2.25,0,1,0
1,0,0,1,0,6,0,0,0.0,0.0,0.0,1,1,0,21,1,1,1,0.55625,0.5985915492957746,0,1,3,3,2,0,2.0,0,1,0
1,0,0,1,0,8,7,8,12.242857142857144,0.875,1.0,0,0,0,18,0,1,1,0.2802021129995407,0.17717717717717718,0,4,1,1,1,1,1.0,0,0,0
1,0,0,1,0,5,0,0,0.0,0.0,0.0,1,1,0,27,2,1,0,0.55625,0.6355140186915887,1,1,1,3,2,2,2.0,0,1,0
1,0,0,1,0,8,8,8,12.93375,1.0,1.0,0,0,0,18,0,1,1,0.55625,0.17717717717717718,0,5,1,1,1,1,1.0,0,0,0
1,0,0,1,0,5,0,0,0.0,0.0,0.0,1,1,0,35,3,1,1,0.6412213740458015,0.8653846153846154,2,1,4,4,1,1,2.5,0,1,0
1,0,0,1,0,7,7,9,12.571428571428571,1.0,1.2857142857142858,0,0,0,18,0,1,1,0.2802021129995407,0.5985915492957746,0,1,1,2,2,1,1.5,0,0,0
1,0,0,1,0,5,4,9,13.75,0.8,1.8,0,0,0,19,0,1,1,0.2802021129995407,0.3423076923076923,0,1,3,3,2,1,2.25,0,0,0
1,0,0,1,0,6,6,8,11.166666666666666,1.0,1.3333333333333333,0,0,0,20,0,1,1,0.2802021129995407,0.20967741935483872,0,4,1,2,2,0,1.25,0,0,0
1,0,0,1,0,8,7,8,12.324285714285711,0.875,1.0,0,0,0,18,0,1,1,0.2802021129995407,0.17717717717717718,0,4,1,2,1,1,1.25,0,0,0
1,1,0,2,0,6,6,6,12.166666666666666,1.0,1.0,0,0,0,21,1,1,1,0.55625,0.20967741935483872,1,1,1,1,1,0,0.75,0,0,0
1,0,1,0,0,6,5,11,11.142857142857142,0.8333333333333334,1.8333333333333333,0,0,0,18,0,1,1,0.2802021129995407,0.20967741935483872,0,2,1,1,1,1,1.0,0,0,0
1,0,0,1,0,6,4,9,11.0,0.6666666666666666,1.5,0,0,0,18,0,1,1,0.2802021129995407,0.20967741935483872,0,1,3,1,0,0,1.0,0,0,0
1,0,0,1,0,8,7,8,12.914285714285713,0.875,1.0,0,0,0,18,0,1,1,0.2802021129995407,0.17717717717717718,0,2,1,1,1,1,1.0,0,0,0
1,0,1,0,0,6,6,6,13.833333333333334,1.0,1.0,0,0,0,18,0,1,1,0.2802021129995407,0.3400673400673401,0,4,4,2,1,2,2.25,0,0,0
1,0,0,1,0,6,6,8,13.857142857142858,1.0,1.3333333333333333,0,0,0,19,0,1,1,0.2802021129995407,0.3423076923076923,0,1,1,3,1,1,1.5,0,0,0
1,0,1,0,0,6,6,7,13.714285714285714,1.0,1.1666666666666667,0,0,0,36,4,1,1,0.55625,0.45714285714285713,1,1,4,2,1,2,2.25,0,0,0
1,0,1,0,0,8,7,8,12.642857142857142,0.875,1.0,0,0,0,18,0,1,1,0.2802021129995407,0.17717717717717718,0,2,1,3,1,2,1.75,0,0,0
1,0,1,0,0,7,6,7,12.916666666666666,0.8571428571428571,1.0,0,0,0,18,0,1,1,0.2802021129995407,0.17717717717717718,0,1,1,1,1,1,1.0,0,0,0
1,0,1,0,0,6,6,8,15.625,1.0,1.3333333333333333,0,0,0,20,0,1,1,0.55625,0.65,0,1,3,4,1,1,2.25,0,0,0
1,0,1,0,0,5,0,7,0.0,0.0,1.4,1,0,0,26,2,1,0,0.55625,0.6355140186915887,0,1,1,1,1,1,1.0,0,0,0
1,0,0,1,0,6,6,8,11.714285714285714,1.0,1.3333333333333333,0,0,0,21,1,1,1,0.55625,0.3400673400673401,0,1,3,3,2,1,2.25,0,0,0
1,0,1,0,0,5,5,7,11.6,1.0,1.4,0,0,0,19,0,1,1,0.55625,0.4944649446494465,0,1,1,4,1,1,1.75,0,0,0
1,0,0,1,0,6,1,11,10.0,0.16666666666666666,1.8333333333333333,0,0,0,24,2,1,0,0.55625,0.36597938144329895,0,1,1,1,1,1,1.0,0,0,0
1,0,1,0,0,6,1,16,10.0,0.16666666666666666,2.6666666666666665,0,0,0,27,2,1,0,0.55625,0.36597938144329895,0,1,3,2,1,2,2.0,0,0,0
1,0,0,1,0,5,0,10,0.0,0.0,2.0,1,0,0,21,1,1,1,0.2802021129995407,0.3423076923076923,0,1,1,1,1,2,1.25,0,1,0
1,0,1,0,0,5,4,7,13.0,0.8,1.4,0,0,0,18,0,1,1,0.2802021129995407,0.4944649446494465,0,1,1,1,1,1,1.0,0,0,0
1,0,1,0,0,6,6,6,13.333333333333334,1.0,1.0,0,0,0,19,0,2,1,0.2802021129995407,0.5985915492957746,0,4,1,1,1,1,1.0,0,0,0
1,0,0,1,0,6,4,9,11.25,0.6666666666666666,1.5,0,0,0,18,0,1,1,0.2802021129995407,0.45714285714285713,0,3,3,3,2,2,2.5,0,0,0
1,0,1,0,0,7,5,9,13.85,0.7142857142857143,1.2857142857142858,0,0,0,19,0,1,1,0.55625,0.17717717717717718,0,1,1,3,1,1,1.5,0,0,0
1,0,1,0,0,7,6,8,13.741666666666667,0.8571428571428571,1.1428571428571428,0,0,0,19,0,1,1,0.55625,0.17717717717717718,0,1,3,1,2,1,1.75,0,0,0
1,0,0,1,0,6,6,7,15.333333333333334,1.0,1.1666666666666667,0,0,0,33,3,2,0,0.6412213740458015,0.6355140186915887,1,1,2,4,2,2,2.5,0,0,0
1,0,0,1,0,5,5,6,11.0,1.0,1.2,0,0,0,45,4,2,1,0.6412213740458015,0.4944649446494465,2,1,3,4,2,0,2.25,0,0,0
1,0,1,0,0,6,6,6,12.0,1.0,1.0,0,0,0,20,0,1,1,0.2802021129995407,0.20967741935483872,0,1,3,3,1,1,2.0,0,0,0
1,0,0,1,0,5,0,5,0.0,0.0,1.0,1,0,0,28,3,1,1,0.55625,0.4337899543378995,0,2,3,1,0,0,1.0,0,1,0
1,0,1,0,0,8,7,15,11.571428571428571,0.875,1.875,0,0,0,19,0,1,1,0.55625,0.17717717717717718,0,1,3,3,1,1,2.0,0,0,0
1,0,0,1,0,6,6,10,12.857142857142858,1.0,1.6666666666666667,0,0,0,18,0,1,1,0.2802021129995407,0.45714285714285713,0,2,3,1,2,1,1.75,0,0,0
1,0,0,1,0,6,0,0,0.0,0.0,0.0,1,1,0,38,4,1,1,0.55625,0.45714285714285713,2,1,1,2,2,2,1.75,0,1,0
1,0,0,1,0,5,5,5,13.0,1.0,1.0,0,0,0,19,0,1,1,0.2802021129995407,0.4337899543378995,0,2,3,4,2,2,2.75,0,0,0
1,0,1,0,0,6,5,9,11.0,0.8333333333333334,1.5,0,0,0,21,1,1,1,0.2802021129995407,0.45714285714285713,0,1,3,1,1,1,1.5,0,0,0
1,0,0,1,0,5,3,12,12.0,0.6,2.4,0,0,0,21,1,1,1,0.2802021129995407,0.4944649446494465,0,1,1,3,1,0,1.25,0,0,0
1,0,1,0,0,6,5,6,12.6,0.8333333333333334,1.0,0,0,0,22,1,1,1,0.2802021129995407,0.20967741935483872,0,1,1,1,1,1,1.0,0,0,0
1,0,1,0,0,6,5,8,13.4,0.8333333333333334,1.3333333333333333,0,0,0,18,0,1,1,0.2802021129995407,0.5985915492957746,0,1,1,2,1,1,1.25,0,0,0
1,0,1,0,0,6,6,9,11.333333333333334,1.0,1.5,0,0,0,18,0,1,1,0.2802021129995407,0.20967741935483872,0,2,1,1,2,1,1.25,0,0,0
0,0,0,2,0,5,4,14,13.5,0.8,2.8,0,0,0,25,2,1,1,0.2802021129995407,0.65,0,1,1,3,1,1,1.5,0,0,0
0,1,0,3,1,6,3,11,11.75,0.5,1.8333333333333333,0,0,0,24,2,1,1,0.55625,0.3423076923076923,1,1,1,2,1,1,1.25,0,0,0
1,0,1,0,0,5,5,5,11.6,1.0,1.0,0,0,0,20,0,1,1,0.2802021129995407,0.4944649446494465,0,2,1,2,1,1,1.25,0,0,0
0,0,0,2,0,5,0,5,0.0,0.0,1.0,1,0,0,25,2,1,1,0.55625,0.4944649446494465,0,1,1,3,1,1,1.5,0,2,1
1,0,1,0,0,10,9,13,12.9,0.9,1.3,0,0,0,20,0,1,1,0.2802021129995407,0.4944649446494465,0,1,1,2,1,0,1.0,0,0,0
1,0,0,1,0,8,8,8,13.22,1.0,1.0,0,0,0,23,1,1,1,0.6412213740458015,0.17717717717717718,2,1,1,1,1,2,1.25,0,0,0
1,0,1,0,0,8,7,8,13.151428571428571,0.875,1.0,0,0,0,19,0,1,1,0.2802021129995407,0.17717717717717718,0,3,1,1,1,2,1.25,0,0,0
0,1,0,3,1,6,3,13,12.75,0.5,2.1666666666666665,0,0,0,29,3,1,1,0.55625,0.4941860465116279,1,1,1,1,1,0,0.75,0,0,0
1,0,0,1,0,6,6,8,11.333333333333334,1.0,1.3333333333333333,0,0,0,21,1,1,1,0.2802021129995407,0.45714285714285713,0,3,1,1,2,1,1.25,0,0,0
1,0,1,0,0,6,6,10,13.25,1.0,1.6666666666666667,0,0,0,18,0,1,1,0.2802021129995407,0.4337899543378995,0,1,1,3,1,1,1.5,0,0,0
1,0,1,0,0,6,6,6,15.0,1.0,1.0,0,0,0,18,0,1,1,0.2802021129995407,0.3400673400673401,0,3,1,1,1,1,1.0,0,0,0
1,0,0,1,0,5,5,6,14.4,1.0,1.2,0,0,0,19,0,1,1,0.2802021129995407,0.3423076923076923,0,1,0,2,0,2,1.0,0,0,0
1,0,0,1,0,5,5,8,12.4,1.0,1.6,0,0,0,18,0,1,1,0.2802021129995407,0.4944649446494465,0,1,3,3,2,2,2.5,0,0,0
0,1,1,2,1,7,1,13,16.0,0.14285714285714285,1.8571428571428572,0,0,0,37,4,2,1,0.55625,0.4782608695652174,1,1,1,1,1,1,1.0,0,0,0
1,0,0,1,0,5,5,10,13.571428571428571,1.0,2.0,0,0,0,29,3,1,0,0.2802021129995407,0.6355140186915887,1,1,1,1,2,2,1.5,0,0,0
1,0,1,0,0,6,5,8,11.666666666666666,0.8333333333333334,1.3333333333333333,0,0,0,19,0,1,1,0.2802021129995407,0.20967741935483872,0,1,3,3,1,1,2.0,0,0,0
0,1,0,3,1,10,6,16,11.833333333333334,0.6,1.6,0,0,0,22,1,1,1,0.55625,0.20967741935483872,0,1,3,3,2,1,2.25,0,0,0
1,0,1,0,0,6,6,8,11.166666666666666,1.0,1.3333333333333333,0,0,0,20,0,1,1,0.2802021129995407,0.45714285714285713,0,1,1,1,1,1,1.0,0,0,0
1,0,0,1,0,6,0,0,0.0,0.0,0.0,1,1,0,34,3,1,0,0.55625,0.36597938144329895,0,1,1,1,0,0,0.5,0,1,0
0,1,0,3,1,12,8,17,11.75,0.6666666666666666,1.4166666666666667,0,0,0,30,3,1,1,0.55625,0.8653846153846154,0,1,1,1,1,1,1.0,0,0,0
1,0,0,1,0,6,6,7,14.0,1.0,1.1666666666666667,0,0,0,18,0,1,1,0.2802021129995407,0.20967741935483872,0,1,3,3,2,2,2.5,0,0,0
1,0,0,1,0,6,6,6,12.833333333333334,1.0,1.0,0,0,0,18,0,1,1,0.2802021129995407,0.20967741935483872,0,1,1,2,1,1,1.25,0,0,0
1,0,0,1,0,6,4,11,12.25,0.6666666666666666,1.8333333333333333,0,0,0,18,0,1,1,0.2802021129995407,0.3400673400673401,0,2,4,3,1,2,2.5,0,0,0
1,0,0,1,0,8,7,8,14.828571428571427,0.875,1.0,0,0,0,18,0,1,1,0.2802021129995407,0.17717717717717718,0,4,4,3,1,2,2.5,0,0,0
1,0,1,0,0,6,5,7,11.4,0.8333333333333334,1.1666666666666667,0,0,0,19,0,1,1,0.2802021129995407,0.3400673400673401,0,2,1,1,1,1,1.0,0,0,0
1,0,1,0,0,6,6,6,13.0,1.0,1.0,0,0,0,19,0,1,1,0.2802021129995407,0.2786885245901639,0,1,1,1,1,1,1.0,0,0,0
1,0,1,0,0,8,7,8,13.671428571428573,0.875,1.0,0,0,0,18,0,1,1,0.2802021129995407,0.17717717717717718,0,5,3,3,1,1,2.0,0,0,0
1,0,1,0,0,6,6,9,12.666666666666666,1.0,1.5,0,0,0,21,1,1,1,0.55625,0.4941860465116279,1,1,1,1,2,1,1.25,0,0,0
0,0,0,2,0,5,2,10,10.0,0.4,2.0,0,0,0,20,0,1,1,0.2802021129995407,0.4944649446494465,0,2,3,2,1,1,1.75,0,0,0
1,0,0,1,0,5,5,10,13.5,1.0,2.0,0,0,0,20,0,1,1,0.2802021129995407,0.4944649446494465,0,1,1,2,2,1,1.5,0,0,0
1,0,0,1,0,7,7,8,12.67,1.0,1.1428571428571428,0,0,0,19,0,1,1,0.2802021129995407,0.17717717717717718,0,1,4,3,1,1,2.25,0,0,0
1,0,0,1,0,6,6,8,14.5,1.0,1.3333333333333333,0,0,0,20,0,1,1,0.2802021129995407,0.20967741935483872,0,1,3,1,2,1,1.75,0,0,0
1,0,0,1,0,7,7,7,13.685714285714283,1.0,1.0,0,0,0,18,0,1,1,0.2802021129995407,0.17717717717717718,0,3,1,3,2,0,1.5,0,0,0
1,0,0,1,0,6,5,8,11.0,0.8333333333333334,1.3333333333333333,0,0,0,20,0,1,1,0.55625,0.5985915492957746,0,1,1,1,2,2,1.5,0,0,0
0,1,0,3,1,9,7,16,11.555555555555555,0.7777777777777778,1.7777777777777777,0,0,0,29,3,2,1,0.6412213740458015,0.65,2,1,4,4,1,0,2.25,0,0,0
1,0,1,0,0,7,7,8,14.00375,1.0,1.1428571428571428,0,0,0,20,0,1,1,0.2802021129995407,0.17717717717717718,0,1,1,2,1,1,1.25,0,0,0
1,0,1,0,0,5,4,8,12.0,0.8,1.6,0,0,0,22,1,1,1,0.2802021129995407,0.4944649446494465,0,2,1,1,1,1,1.0,0,0,0
1,0,1,0,0,6,5,9,14.166666666666666,0.8333333333333334,1.5,0,0,0,47,4,3,0,0.2802021129995407,0.36597938144329895,0,1,1,2,2,0,1.25,0,0,0
1,0,0,1,0,5,5,5,14.0,1.0,1.0,0,0,0,31,3,2,0,0.55625,0.6355140186915887,0,1,1,1,1,2,1.25,0,0,0
1,0,1,0,0,6,5,7,13.8,0.8333333333333334,1.1666666666666667,0,0,0,21,1,1,1,0.2802021129995407,0.2786885245901639,0,1,1,1,1,1,1.0,0,0,0
1,0,0,1,0,6,5,8,12.8,0.8333333333333334,1.3333333333333333,0,0,0,21,1,1,0,0.2802021129995407,0.36597938144329895,0,1,1,1,0,0,0.5,0,0,0
1,0,0,1,0,6,6,6,12.166666666666666,1.0,1.0,0,0,0,24,2,2,1,0.55625,0.3400673400673401,1,1,3,3,2,2,2.5,0,0,0
1,0,0,1,0,6,4,9,12.0,0.6666666666666666,1.5,0,0,0,32,3,1,0,0.55625,0.36597938144329895,2,1,3,3,0,1,1.75,0,0,0
1,0,1,0,0,6,6,8,10.833333333333334,1.0,1.3333333333333333,0,0,0,19,0,1,0,0.55625,0.36597938144329895,0,2,4,3,2,2,2.75,0,0,0
1,0,0,1,0,8,8,8,13.385,1.0,1.0,0,0,0,24,2,1,1,0.55625,0.17717717717717718,0,1,4,4,1,1,2.5,0,0,0
1,0,0,1,0,6,6,14,15.666666666666666,1.0,2.3333333333333335,0,0,0,19,0,1,1,0.2802021129995407,0.3423076923076923,0,4,1,2,2,0,1.25,0,0,0
1,1,1,1,0,6,6,9,14.333333333333334,1.0,1.5,0,0,0,19,0,1,1,0.55625,0.4941860465116279,1,1,1,1,2,2,1.5,0,0,0
1,0,1,0,0,6,6,9,11.666666666666666,1.0,1.5,0,0,0,18,0,1,1,0.2802021129995407,0.20967741935483872,0,4,1,2,2,2,1.75,0,0,0
1,0,1,0,0,6,5,9,12.0,0.8333333333333334,1.5,0,0,0,19,0,1,1,0.2802021129995407,0.2786885245901639,0,1,1,1,2,2,1.5,0,0,0
1,0,1,0,0,8,7,8,14.725714285714288,0.875,1.0,0,0,0,19,0,2,1,0.2802021129995407,0.17717717717717718,0,1,4,1,1,2,2.0,0,0,0
1,0,1,0,0,6,6,6,14.166666666666666,1.0,1.0,0,0,0,18,0,1,1,0.2802021129995407,0.3400673400673401,0,2,1,1,1,1,1.0,0,0,0
1,0,0,1,0,6,6,10,11.571428571428571,1.0,1.6666666666666667,0,0,0,18,0,1,1,0.2802021129995407,0.20967741935483872,0,1,3,3,2,2,2.5,0,0,0
1,0,0,1,0,7,7,7,12.5,1.0,1.0,0,0,0,20,0,1,1,0.2802021129995407,0.4782608695652174,0,4,3,3,2,0,2.0,0,0,0
1,0,0,1,0,8,8,10,12.86,1.0,1.25,0,0,0,18,0,1,1,0.2802021129995407,0.17717717717717718,0,1,1,1,1,1,1.0,0,0,0
1,0,0,1,0,6,6,10,12.25,1.0,1.6666666666666667,0,0,0,18,0,1,1,0.2802021129995407,0.4337899543378995,0,4,1,1,1,1,1.0,0,0,0
1,0,1,0,0,5,4,7,12.0,0.8,1.4,0,0,0,21,1,1,1,0.2802021129995407,0.3423076923076923,0,2,1,1,1,1,1.0,0,0,0
1,0,1,0,0,7,7,9,15.116666666666667,1.0,1.2857142857142858,0,0,0,18,0,1,1,0.2802021129995407,0.17717717717717718,0,1,1,2,2,1,1.5,0,0,0
0,1,0,3,1,5,2,6,12.5,0.4,1.2,0,0,0,18,0,1,1,0.55625,0.4337899543378995,0,1,1,2,1,1,1.25,0,0,0
1,0,0,1,0,6,0,11,0.0,0.0,1.8333333333333333,1,0,0,19,0,1,1,0.2802021129995407,0.20967741935483872,0,2,3,3,2,2,2.5,0,1,0
1,0,0,1,0,6,6,8,11.875,1.0,1.3333333333333333,0,0,0,18,0,1,1,0.2802021129995407,0.4337899543378995,0,4,3,2,1,1,1.75,0,0,0
1,0,0,1,0,5,1,6,11.0,0.2,1.2,0,0,0,34,3,1,1,0.55625,0.65,2,1,4,3,0,0,1.75,0,0,0
1,0,0,1,0,5,5,5,15.2,1.0,1.0,0,0,0,19,0,1,1,0.2802021129995407,0.3423076923076923,0,3,3,3,0,0,1.5,0,0,0
0,1,0,3,1,6,5,7,11.6,0.8333333333333334,1.1666666666666667,0,0,0,19,0,1,1,0.55625,0.65,1,1,1,1,1,1,1.0,0,0,0
1,1,0,2,0,6,6,6,14.833333333333334,1.0,1.0,0,0,0,26,2,1,1,0.55625,0.20967741935483872,0,1,4,2,1,1,2.0,0,0,0
1,0,0,1,0,6,3,12,11.333333333333334,0.5,2.0,0,0,0,21,1,1,1,0.2802021129995407,0.5985915492957746,0,1,3,1,0,0,1.0,0,0,0
1,0,1,0,0,5,5,5,11.2,1.0,1.0,0,0,0,18,0,1,1,0.2802021129995407,0.4944649446494465,0,2,1,2,2,1,1.5,0,0,0
1,0,1,0,0,6,5,8,13.4,0.8333333333333334,1.3333333333333333,0,0,0,20,0,1,1,0.2802021129995407,0.5985915492957746,0,4,1,1,1,1,1.0,0,0,0
1,0,0,1,0,5,2,12,10.5,0.4,2.4,0,0,0,25,2,1,1,0.55625,0.4944649446494465,0,1,3,3,2,2,2.5,0,0,0
1,0,0,1,0,5,5,5,16.2,1.0,1.0,0,0,0,18,0,1,1,0.2802021129995407,0.4944649446494465,0,1,3,1,2,2,2.0,0,0,0
1,0,1,0,0,7,7,7,14.542857142857144,1.0,1.0,0,0,0,18,0,1,1,0.2802021129995407,0.17717717717717718,0,1,1,2,2,2,1.75,0,0,0
1,0,0,1,0,7,7,7,13.694285714285714,1.0,1.0,0,0,0,19,0,1,1,0.2802021129995407,0.17717717717717718,0,1,2,2,2,1,1.75,0,0,0
1,0,1,0,0,6,6,8,11.285714285714286,1.0,1.3333333333333333,0,0,0,18,0,1,1,0.2802021129995407,0.20967741935483872,0,1,1,1,1,1,1.0,0,0,0
0,1,0,3,1,3,0,3,0.0,0.0,1.0,1,0,0,26,2,1,1,0.6412213740458015,0.3423076923076923,1,1,1,2,1,1,1.25,0,3,1
1,0,1,0,0,8,7,8,13.058571428571428,0.875,1.0,0,0,0,19,0,1,1,0.55625,0.17717717717717718,0,1,1,1,1,1,1.0,0,0,0
1,0,0,1,0,7,7,7,14.3,1.0,1.0,0,0,0,19,0,1,1,0.2802021129995407,0.17717717717717718,0,1,3,3,1,1,2.0,0,0,0
1,0,0,1,0,10,5,15,11.8,0.5,1.5,0,0,0,19,0,1,1,0.55625,0.4944649446494465,0,4,1,1,1,1,1.0,0,0,0
1,0,0,1,0,6,6,7,10.571428571428571,1.0,1.1666666666666667,0,0,0,18,0,1,1,0.2802021129995407,0.45714285714285713,0,1,1,2,1,1,1.25,0,0,0
1,0,0,1,0,7,6,7,13.333333333333334,0.8571428571428571,1.0,0,0,0,19,0,1,1,0.55625,0.17717717717717718,2,1,3,1,1,1,1.5,0,0,0
1,1,0,2,0,6,6,10,11.857142857142858,1.0,1.6666666666666667,0,0,0,18,0,1,1,0.2802021129995407,0.20967741935483872,0,1,3,3,1,2,2.25,0,0,0
1,1,0,2,0,5,0,6,0.0,0.0,1.2,1,0,0,26,2,1,1,0.55625,0.8653846153846154,1,1,1,1,2,1,1.25,0,2,0
1,0,0,1,0,6,6,7,12.0,1.0,1.1666666666666667,0,0,0,20,0,1,1,0.2802021129995407,0.20967741935483872,0,1,1,1,1,1,1.0,0,0,0
1,0,0,1,0,6,6,6,12.666666666666666,1.0,1.0,0,0,0,19,0,1,0,0.2802021129995407,0.36597938144329895,0,1,1,1,1,0,0.75,0,0,0
1,0,1,0,0,6,6,6,12.166666666666666,1.0,1.0,0,0,0,18,0,1,1,0.2802021129995407,0.20967741935483872,0,1,3,1,2,1,1.75,0,0,0
1,0,0,1,0,6,6,6,13.333333333333334,1.0,1.0,0,0,0,19,0,1,1,0.55625,0.20967741935483872,1,1,1,1,1,1,1.0,0,0,0
1,1,0,2,0,7,7,8,15.0,1.0,1.1428571428571428,0,0,0,40,4,1,1,0.6412213740458015,0.5985915492957746,1,1,2,4,1,1,2.0,0,0,0
1,0,1,0,0,8,8,8,13.39125,1.0,1.0,0,0,0,18,0,1,1,0.2802021129995407,0.17717717717717718,0,4,1,1,1,1,1.0,0,0,0
1,0,0,1,0,6,5,9,12.166666666666666,0.8333333333333334,1.5,0,0,0,19,0,1,1,0.2802021129995407,0.20967741935483872,0,1,4,3,1,0,2.0,0,0,0
1,0,0,1,0,5,4,9,11.25,0.8,1.8,0,0,0,18,0,1,1,0.2802021129995407,0.65,0,1,4,0,2,1,1.75,0,0,0
1,0,0,1,0,0,0,0,0.0,0.0,0.0,1,1,0,18,0,1,1,0.2802021129995407,0.4606741573033708,0,1,4,4,1,1,2.5,0,1,0
1,0,0,1,0,6,6,7,12.833333333333334,1.0,1.1666666666666667,0,0,0,33,3,2,0,0.55625,0.36597938144329895,0,1,1,1,1,1,1.0,0,0,0
1,0,0,1,0,6,6,10,14.0,1.0,1.6666666666666667,0,0,0,35,3,1,1,0.55625,0.4941860465116279,2,1,4,4,1,1,2.5,0,0,0
1,0,0,1,0,6,6,7,13.5,1.0,1.1666666666666667,0,0,0,18,0,1,1,0.2802021129995407,0.3400673400673401,0,1,1,2,1,1,1.25,0,0,0
1,0,0,1,0,5,5,6,11.0,1.0,1.2,0,0,0,39,4,3,0,0.55625,0.6355140186915887,0,1,1,1,2,2,1.5,0,0,0
1,0,0,1,0,6,6,8,13.0,1.0,1.3333333333333333,0,0,0,44,4,2,1,0.55625,0.20967741935483872,0,1,1,1,1,1,1.0,0,0,0
1,0,0,1,0,6,4,9,12.6,0.6666666666666666,1.5,0,0,0,24,2,1,1,0.2802021129995407,0.45714285714285713,0,1,1,2,1,1,1.25,0,0,0
1,0,1,0,0,6,6,6,13.666666666666666,1.0,1.0,0,0,0,20,0,1,1,0.55625,0.3400673400673401,0,1,1,2,1,1,1.25,0,0,0
0,0,0,2,0,0,0,0,0.0,0.0,0.0,1,1,0,19,0,1,1,0.2802021129995407,0.4606741573033708,0,4,3,3,1,1,2.0,0,2,1
1,1,1,1,0,7,6,7,14.2,0.8571428571428571,1.0,0,0,0,18,0,2,1,0.2802021129995407,0.17717717717717718,0,1,1,1,1,1,1.0,0,0,0
0,1,0,3,1,6,5,10,11.0,0.8333333333333334,1.6666666666666667,0,0,0,22,1,1,1,0.2802021129995407,0.45714285714285713,0,1,1,2,2,2,1.75,0,0,0
1,0,0,1,0,6,6,7,15.0,1.0,1.1666666666666667,0,0,0,18,0,1,1,0.2802021129995407,0.3423076923076923,0,1,1,3,2,1,1.75,0,0,0
1,0,0,1,0,7,6,9,12.585714285714284,0.8571428571428571,1.2857142857142858,0,0,0,24,2,1,1,0.55625,0.17717717717717718,1,1,1,1,1,1,1.0,0,0,0
1,0,0,1,0,5,0,0,0.0,0.0,0.0,1,1,0,33,3,1,0,0.55625,0.6355140186915887,0,1,1,1,0,1,0.75,0,1,0
1,0,0,1,0,6,0,0,0.0,0.0,0.0,1,1,0,26,2,1,1,0.55625,0.3423076923076923,1,1,4,1,1,2,2.0,0,1,0
1,0,0,1,0,6,6,7,11.666666666666666,1.0,1.1666666666666667,0,0,0,18,0,1,1,0.2802021129995407,0.5985915492957746,0,4,1,1,2,1,1.25,0,0,0
1,1,0,2,0,6,3,13,12.666666666666666,0.5,2.1666666666666665,0,0,0,19,0,1,1,0.2802021129995407,0.3400673400673401,0,1,1,1,1,1,1.0,0,0,0
1,0,1,0,0,11,8,18,13.5,0.7272727272727273,1.6363636363636365,0,0,0,22,1,1,1,0.2802021129995407,0.3423076923076923,1,1,1,1,1,1,1.0,0,0,0
1,0,1,0,0,6,6,13,16.153846153846153,1.0,2.1666666666666665,0,0,0,21,1,1,1,0.2802021129995407,0.3423076923076923,0,1,1,1,1,1,1.0,0,0,0
1,0,1,0,0,7,6,7,14.033333333333331,0.8571428571428571,1.0,0,0,0,21,1,1,1,0.2802021129995407,0.17717717717717718,0,4,1,1,2,1,1.25,0,0,0
1,0,1,0,0,7,7,8,13.857142857142858,1.0,1.1428571428571428,0,0,0,19,0,1,1,0.2802021129995407,0.5985915492957746,0,1,1,1,2,2,1.5,0,0,0
1,0,0,1,0,8,7,8,13.414285714285716,0.875,1.0,0,0,0,18,0,1,1,0.2802021129995407,0.17717717717717718,0,5,1,2,1,1,1.25,0,0,0
1,0,0,1,0,11,11,11,13.545454545454543,1.0,1.0,0,0,0,50,4,2,0,0.55625,0.36597938144329895,0,1,1,1,1,2,1.25,0,0,0
1,0,1,0,0,6,6,6,13.833333333333334,1.0,1.0,0,0,0,19,0,1,1,0.2802021129995407,0.3400673400673401,0,1,3,2,2,1,2.0,0,0,0
1,0,0,1,0,5,5,8,12.0,1.0,1.6,0,0,0,35,3,3,0,0.55625,0.6355140186915887,0,1,3,1,2,2,2.0,0,0,0
1,0,0,1,0,6,0,0,0.0,0.0,0.0,1,1,0,31,3,2,1,0.55625,0.3423076923076923,1,1,1,1,2,1,1.25,0,1,0
0,0,0,2,0,5,0,5,0.0,0.0,1.0,1,0,0,34,3,1,1,0.55625,0.4944649446494465,0,4,1,1,1,1,1.0,0,2,1
1,0,1,0,0,7,7,7,15.135714285714286,1.0,1.0,0,0,0,18,0,1,1,0.2802021129995407,0.17717717717717718,0,1,3,3,2,2,2.5,0,0,0
1,0,1,0,0,7,5,13,12.74,0.7142857142857143,1.8571428571428572,0,0,0,26,2,3,1,0.55625,0.17717717717717718,1,1,1,2,1,1,1.25,0,0,0
1,0,1,0,0,6,6,7,13.428571428571429,1.0,1.1666666666666667,0,0,0,19,0,1,1,0.2802021129995407,0.5985915492957746,0,1,1,2,1,1,1.25,0,0,0
1,0,0,1,0,11,9,19,12.555555555555555,0.8181818181818182,1.7272727272727273,0,0,0,20,0,1,1,0.2802021129995407,0.4944649446494465,1,1,4,4,1,1,2.5,0,0,0
1,0,0,1,0,6,6,8,11.5,1.0,1.3333333333333333,0,0,0,19,0,1,1,0.2802021129995407,0.20967741935483872,0,1,3,1,0,0,1.0,0,0,0
1,0,0,1,0,6,6,6,13.666666666666666,1.0,1.0,0,0,0,18,0,1,1,0.2802021129995407,0.5985915492957746,0,1,1,1,1,1,1.0,0,0,0
1,0,0,1,0,14,11,16,11.272727272727272,0.7857142857142857,1.1428571428571428,0,0,0,28,3,1,0,0.55625,0.6355140186915887,2,1,1,1,1,1,1.0,0,0,0
1,0,1,0,0,6,6,6,14.666666666666666,1.0,1.0,0,0,0,21,1,1,0,0.55625,0.36597938144329895,1,1,1,1,1,1,1.0,0,0,0
0,1,0,3,1,6,5,8,13.0,0.8333333333333334,1.3333333333333333,0,0,0,18,0,1,1,0.2802021129995407,0.3400673400673401,0,5,3,1,1,1,1.5,0,0,0
0,0,0,2,0,5,2,8,10.5,0.4,1.6,0,0,0,20,0,1,1,0.2802021129995407,0.3423076923076923,0,2,3,3,1,0,1.75,0,0,0
1,0,0,1,0,6,6,7,14.857142857142858,1.0,1.1666666666666667,0,0,0,18,0,1,1,0.2802021129995407,0.3423076923076923,0,2,3,2,2,2,2.25,0,0,0
1,0,1,0,0,8,7,11,12.86,0.875,1.375,0,0,0,19,0,1,1,0.2802021129995407,0.17717717717717718,0,4,3,3,2,1,2.25,0,0,0
1,0,0,1,0,11,11,12,11.727272727272728,1.0,1.0909090909090908,0,0,0,20,0,1,1,0.55625,0.20967741935483872,0,1,4,2,2,0,2.0,0,0,0
1,0,1,0,0,6,6,11,13.142857142857142,1.0,1.8333333333333333,0,0,0,22,1,1,1,0.55625,0.3423076923076923,1,1,1,1,2,2,1.5,0,0,0
1,1,0,2,0,6,5,6,11.8,0.8333333333333334,1.0,0,0,0,18,0,1,1,0.2802021129995407,0.4337899543378995,0,1,1,2,1,1,1.25,0,0,0
1,0,0,1,0,5,3,10,10.666666666666666,0.6,2.0,0,0,0,19,0,1,1,0.2802021129995407,0.4944649446494465,0,1,1,1,2,2,1.5,0,0,0
1,0,0,1,0,8,7,8,14.731428571428571,0.875,1.0,0,0,0,19,0,1,1,0.2802021129995407,0.17717717717717718,0,1,1,1,1,1,1.0,0,0,0
1,0,0,1,0,0,0,0,0.0,0.0,0.0,1,1,0,18,0,1,1,0.2802021129995407,0.4606741573033708,0,1,3,2,2,1,2.0,0,1,0
1,0,0,1,0,13,13,14,13.615384615384617,1.0,1.0769230769230769,0,0,0,21,1,1,1,0.6412213740458015,0.2786885245901639,1,1,3,2,2,1,2.0,0,0,0
1,0,0,1,0,5,5,5,15.8,1.0,1.0,0,0,0,27,2,1,0,0.55625,0.6355140186915887,1,1,3,2,1,1,1.75,0,0,0
1,0,0,1,0,6,6,6,14.666666666666666,1.0,1.0,0,0,0,19,0,1,1,0.2802021129995407,0.20967741935483872,0,1,3,2,2,2,2.25,0,0,0
1,0,0,1,0,5,0,5,0.0,0.0,1.0,1,0,0,25,2,3,1,0.55625,0.3423076923076923,0,1,3,1,0,0,1.0,0,1,0
1,0,1,0,0,8,7,8,14.654285714285717,0.875,1.0,0,0,0,18,0,1,1,0.2802021129995407,0.17717717717717718,0,2,1,2,1,1,1.25,0,0,0
1,0,0,1,0,8,7,8,12.401428571428571,0.875,1.0,0,0,0,24,2,1,1,0.55625,0.17717717717717718,2,1,1,3,2,1,1.75,0,0,0
1,0,0,1,0,7,7,8,11.5875,1.0,1.1428571428571428,0,0,0,20,0,1,1,0.2802021129995407,0.17717717717717718,0,3,3,3,2,0,2.0,0,0,0
1,0,0,1,0,5,5,5,14.0,1.0,1.0,0,0,0,26,2,1,0,0.6412213740458015,0.6355140186915887,1,1,1,1,2,2,1.5,0,0,0
1,0,1,0,0,6,6,9,12.333333333333334,1.0,1.5,0,0,0,20,0,1,1,0.2802021129995407,0.20967741935483872,0,1,3,1,1,1,1.5,0,0,0
1,0,0,1,0,5,5,5,14.0,1.0,1.0,0,0,0,18,0,1,1,0.2802021129995407,0.3423076923076923,0,1,1,1,0,0,0.5,0,0,0
1,0,0,1,0,6,6,13,15.23076923076923,1.0,2.1666666666666665,0,0,0,19,0,1,1,0.2802021129995407,0.3423076923076923,0,1,3,3,1,1,2.0,0,0,0
1,0,0,1,0,6,5,9,11.6,0.8333333333333334,1.5,0,0,0,23,1,1,1,0.2802021129995407,0.5985915492957746,0,1,1,2,1,1,1.25,0,0,0
1,0,1,0,0,7,6,7,11.6,0.8571428571428571,1.0,0,0,0,18,0,1,1,0.2802021129995407,0.17717717717717718,0,4,1,1,1,1,1.0,0,0,0
1,0,0,1,0,7,0,0,0.0,0.0,0.0,1,1,0,18,0,1,1,0.2802021129995407,0.17717717717717718,0,4,3,2,2,1,2.0,0,1,0
1,0,1,0,0,7,7,7,12.901428571428571,1.0,1.0,0,0,0,19,0,1,1,0.2802021129995407,0.17717717717717718,0,1,4,3,1,1,2.25,0,0,0
1,0,0,1,0,7,7,9,14.142857142857142,1.0,1.2857142857142858,0,0,0,30,3,1,0,0.55625,0.6355140186915887,0,1,3,4,2,2,2.75,0,0,0
1,0,0,1,0,6,0,0,0.0,0.0,0.0,1,1,0,29,3,1,1,0.55625,0.3423076923076923,1,1,3,4,2,2,2.75,0,1,0
1,0,0,1,0,8,8,8,13.25375,1.0,1.0,0,0,0,19,0,1,1,0.2802021129995407,0.17717717717717718,0,5,4,3,2,2,2.75,0,0,0
1,0,0,1,0,7,7,7,13.785714285714286,1.0,1.0,0,0,0,20,0,1,1,0.2802021129995407,0.4782608695652174,0,5,1,4,1,2,2.0,0,0,0
1,0,0,1,0,7,6,7,13.916666666666666,0.8571428571428571,1.0,0,0,0,20,0,1,1,0.2802021129995407,0.17717717717717718,0,1,1,1,1,2,1.25,0,0,0
1,0,0,1,0,6,6,8,13.5,1.0,1.3333333333333333,0,0,0,19,0,1,1,0.2802021129995407,0.4337899543378995,0,4,1,1,2,1,1.25,0,0,0
1,0,0,1,0,5,0,8,0.0,0.0,1.6,1,0,0,21,1,3,1,0.2802021129995407,0.3423076923076923,0,2,1,3,2,2,2.0,0,1,0
1,0,0,1,0,6,5,10,11.5,0.8333333333333334,1.6666666666666667,0,0,0,19,0,1,1,0.2802021129995407,0.4337899543378995,0,1,1,1,2,0,1.0,0,0,0
1,0,1,0,0,8,7,8,12.082857142857142,0.875,1.0,0,0,0,18,0,1,1,0.2802021129995407,0.17717717717717718,0,3,1,1,1,1,1.0,0,0,0
1,0,1,0,0,6,6,8,11.833333333333334,1.0,1.3333333333333333,0,0,0,27,2,1,0,0.55625,0.36597938144329895,0,1,1,1,1,1,1.0,0,0,0
1,0,1,0,0,5,5,6,13.4,1.0,1.2,0,0,0,19,0,1,1,0.2802021129995407,0.4944649446494465,0,2,1,1,2,1,1.25,0,0,0
1,0,1,0,0,7,0,7,0.0,0.0,1.0,1,0,0,19,0,1,1,0.2802021129995407,0.17717717717717718,0,1,3,3,0,2,2.0,0,0,0
1,0,0,1,0,6,5,7,14.2,0.8333333333333334,1.1666666666666667,0,0,0,19,0,1,1,0.2802021129995407,0.3400673400673401,0,1,3,2,2,1,2.0,0,0,0
1,0,1,0,0,8,7,8,13.814285714285717,0.875,1.0,0,0,0,18,0,1,1,0.2802021129995407,0.17717717717717718,0,5,1,2,1,1,1.25,0,0,0
1,0,1,0,0,6,6,6,14.5,1.0,1.0,0,0,0,18,0,1,1,0.2802021129995407,0.4337899543378995,0,1,1,1,2,1,1.25,0,0,0
1,0,0,1,0,6,0,0,0.0,0.0,0.0,1,1,0,19,0,1,1,0.2802021129995407,0.4337899543378995,0,5,0,3,1,2,1.5,0,1,0
1,0,0,1,0,7,6,7,11.3,0.8571428571428571,1.0,0,0,0,36,4,2,1,0.55625,0.17717717717717718,1,1,1,1,1,1,1.0,0,0,0
1,0,0,1,0,8,7,9,12.3,0.875,1.125,0,0,0,19,0,1,1,0.2802021129995407,0.17717717717717718,0,5,1,1,1,2,1.25,0,0,0
1,0,1,0,0,8,7,8,12.694285714285714,0.875,1.0,0,0,0,18,0,1,1,0.2802021129995407,0.17717717717717718,0,5,1,2,1,1,1.25,0,0,0
1,0,0,1,0,5,4,5,11.0,0.8,1.0,0,0,0,18,0,1,1,0.2802021129995407,0.4337899543378995,0,1,1,2,1,1,1.25,0,0,0
1,0,1,0,0,6,6,6,13.0,1.0,1.0,0,0,0,19,0,1,1,0.2802021129995407,0.20967741935483872,0,1,1,2,1,2,1.5,0,0,0
1,0,1,0,0,7,7,8,14.4125,1.0,1.1428571428571428,0,0,0,19,0,1,1,0.2802021129995407,0.17717717717717718,0,1,4,3,1,1,2.25,0,0,0
1,0,0,1,0,7,7,8,12.92875,1.0,1.1428571428571428,0,0,0,18,0,1,1,0.2802021129995407,0.17717717717717718,0,2,3,2,1,1,1.75,0,0,0
1,0,0,1,0,6,6,6,13.333333333333334,1.0,1.0,0,0,0,20,0,1,1,0.2802021129995407,0.3400673400673401,0,2,3,2,1,1,1.75,0,0,0
1,0,0,1,0,8,7,8,14.402857142857142,0.875,1.0,0,0,0,20,0,1,1,0.55625,0.17717717717717718,0,1,1,1,1,1,1.0,0,0,0
1,0,1,0,0,8,7,8,13.381428571428572,0.875,1.0,0,0,0,18,0,1,1,0.2802021129995407,0.17717717717717718,0,4,1,1,1,1,1.0,0,0,0
1,0,0,1,0,7,7,8,14.13125,1.0,1.1428571428571428,0,0,0,18,0,1,1,0.2802021129995407,0.17717717717717718,0,2,1,2,1,1,1.25,0,0,0
1,0,0,1,0,5,5,11,11.714285714285714,1.0,2.2,0,0,0,19,0,1,1,0.2802021129995407,0.3423076923076923,0,4,1,1,2,1,1.25,0,0,0
1,0,0,1,0,6,6,9,11.166666666666666,1.0,1.5,0,0,0,44,4,2,0,0.55625,0.36597938144329895,0,1,3,1,0,0,1.0,0,0,0
1,0,0,1,0,6,0,7,0.0,0.0,1.1666666666666667,1,0,0,32,3,1,1,0.6412213740458015,0.4941860465116279,2,1,1,1,1,2,1.25,0,1,0
1,0,0,1,0,6,5,9,13.6,0.8333333333333334,1.5,0,0,0,22,1,1,1,0.55625,0.5985915492957746,0,1,1,2,1,1,1.25,0,0,0
1,0,0,1,0,12,12,14,13.846153846153848,1.0,1.1666666666666667,0,0,0,36,4,2,1,0.55625,0.4941860465116279,0,1,3,2,2,1,2.0,0,0,0
1,0,1,0,0,6,6,7,12.5,1.0,1.1666666666666667,0,0,0,18,0,1,1,0.2802021129995407,0.3400673400673401,0,1,1,1,1,1,1.0,0,0,0
1,0,0,1,0,5,5,5,16.4,1.0,1.0,0,0,0,20,0,1,1,0.2802021129995407,0.65,0,1,4,4,2,1,2.75,0,0,0
1,0,1,0,0,11,11,11,13.818181818181818,1.0,1.0,0,0,0,20,0,1,1,0.55625,0.2786885245901639,0,1,1,2,1,1,1.25,0,0,0
1,0,0,1,0,6,5,8,10.6,0.8333333333333334,1.3333333333333333,0,0,0,19,0,1,1,0.2802021129995407,0.20967741935483872,0,1,4,3,1,2,2.5,0,0,0
1,1,0,2,0,5,5,8,10.2,1.0,1.6,0,0,0,24,2,1,1,0.55625,0.4944649446494465,1,1,4,3,2,1,2.5,0,0,0
1,0,0,1,0,10,9,10,11.444444444444445,0.9,1.0,0,0,0,27,2,1,0,0.55625,0.36597938144329895,0,1,4,4,1,2,2.75,0,0,0
1,0,1,0,0,16,16,18,13.0,1.0,1.125,0,0,0,23,1,1,1,0.55625,0.20967741935483872,0,5,3,1,0,0,1.0,0,0,0
1,0,1,0,0,8,8,9,13.31,1.0,1.125,0,0,0,18,0,1,1,0.2802021129995407,0.17717717717717718,0,5,1,1,2,1,1.25,0,0,0
1,0,1,0,0,6,5,10,10.571428571428571,0.8333333333333334,1.6666666666666667,0,0,0,18,0,1,1,0.2802021129995407,0.20967741935483872,0,1,1,1,2,1,1.25,0,0,0
1,0,1,0,0,8,7,8,13.487142857142857,0.875,1.0,0,0,0,20,0,1,1,0.2802021129995407,0.17717717717717718,0,3,3,1,1,1,1.5,0,0,0
1,0,1,0,0,6,6,6,12.333333333333334,1.0,1.0,0,0,0,20,0,1,1,0.2802021129995407,0.45714285714285713,0,1,1,1,1,1,1.0,0,0,0
1,0,0,1,0,6,6,11,11.875,1.0,1.8333333333333333,0,0,0,23,1,1,1,0.2802021129995407,0.4337899543378995,0,1,1,2,1,0,1.0,0,0,0
1,0,0,1,0,7,6,7,13.966666666666669,0.8571428571428571,1.0,0,0,0,20,0,1,1,0.2802021129995407,0.17717717717717718,0,2,1,2,1,1,1.25,0,0,0
0,0,0,2,0,5,0,10,0.0,0.0,2.0,1,0,0,28,3,1,1,0.55625,0.45714285714285713,2,1,3,1,0,0,1.0,0,2,1
1,0,0,1,0,5,4,8,11.5,0.8,1.6,0,0,0,21,1,1,1,0.2802021129995407,0.4337899543378995,0,1,3,2,2,1,2.0,0,0,0
1,0,0,1,0,2,2,2,12.5,1.0,1.0,0,0,0,21,1,1,1,0.2802021129995407,0.4782608695652174,0,2,1,2,1,1,1.25,0,0,0
1,0,0,1,0,7,0,0,0.0,0.0,0.0,1,1,0,28,3,1,1,0.6412213740458015,0.17717717717717718,2,1,3,1,0,0,1.0,0,1,0
1,0,0,1,0,7,6,10,11.98,0.8571428571428571,1.4285714285714286,0,0,0,18,0,1,1,0.2802021129995407,0.17717717717717718,0,1,4,3,2,2,2.75,0,0,0
1,0,0,1,0,7,6,10,11.614285714285714,0.8571428571428571,1.4285714285714286,0,0,0,19,0,1,1,0.2802021129995407,0.17717717717717718,0,1,3,3,2,2,2.5,0,0,0
1,0,1,0,0,8,7,8,14.314285714285717,0.875,1.0,0,0,0,18,0,1,1,0.55625,0.17717717717717718,0,5,3,2,1,1,1.75,0,0,0
1,0,0,1,0,7,0,0,0.0,0.0,0.0,1,1,0,19,0,1,1,0.2802021129995407,0.17717717717717718,0,3,4,3,1,1,2.25,0,1,0
1,0,1,0,0,7,6,9,12.766666666666666,0.8571428571428571,1.2857142857142858,0,0,0,20,0,1,1,0.2802021129995407,0.17717717717717718,0,3,3,2,1,1,1.75,0,0,0
1,0,1,0,0,6,6,7,12.666666666666666,1.0,1.1666666666666667,0,0,0,18,0,1,1,0.2802021129995407,0.5985915492957746,0,1,3,1,1,1,1.5,0,0,0
1,0,0,1,0,6,6,7,11.5,1.0,1.1666666666666667,0,0,0,20,0,1,1,0.55625,0.4337899543378995,0,2,1,2,2,2,1.75,0,0,0
1,0,0,1,0,6,5,13,11.4,0.8333333333333334,2.1666666666666665,0,0,0,31,3,1,1,0.55625,0.4337899543378995,0,1,3,2,1,2,2.0,0,0,0
1,0,1,0,0,7,7,8,14.70625,1.0,1.1428571428571428,0,0,0,19,0,1,1,0.2802021129995407,0.17717717717717718,0,3,1,1,1,1,1.0,0,0,0
1,0,1,0,0,7,6,9,11.814285714285717,0.8571428571428571,1.2857142857142858,0,0,0,19,0,1,1,0.2802021129995407,0.17717717717717718,0,3,1,1,1,1,1.0,0,0,0
1,0,0,1,0,6,6,8,13.0,1.0,1.3333333333333333,0,0,0,23,1,1,1,0.2802021129995407,0.2786885245901639,0,1,1,3,2,1,1.75,0,0,0
1,0,0,1,0,6,6,7,14.857142857142858,1.0,1.1666666666666667,0,0,0,19,0,1,1,0.2802021129995407,0.4337899543378995,0,1,1,1,1,1,1.0,0,0,0
1,0,0,1,0,7,6,7,12.6,0.8571428571428571,1.0,0,0,0,20,0,1,1,0.2802021129995407,0.17717717717717718,0,5,3,4,2,1,2.5,0,0,0
0,1,0,3,1,5,2,6,11.5,0.4,1.2,0,0,0,27,2,1,1,0.6412213740458015,0.65,2,3,1,1,0,1,0.75,0,0,0
1,0,0,1,0,7,1,9,10.0,0.14285714285714285,1.2857142857142858,0,0,0,29,3,1,1,0.55625,0.4782608695652174,1,1,1,1,1,1,1.0,0,0,0
1,0,0,1,0,6,5,10,11.8,0.8333333333333334,1.6666666666666667,0,0,0,18,0,1,1,0.2802021129995407,0.45714285714285713,0,1,3,2,2,2,2.25,0,0,0
1,0,0,1,0,6,5,7,11.8,0.8333333333333334,1.1666666666666667,0,0,0,18,0,1,1,0.2802021129995407,0.2786885245901639,0,1,1,1,1,1,1.0,0,0,0
1,0,0,1,0,8,8,8,12.77125,1.0,1.0,0,0,0,18,0,1,1,0.2802021129995407,0.17717717717717718,0,1,1,1,1,1,1.0,0,0,0
1,0,0,1,0,6,6,6,12.666666666666666,1.0,1.0,0,0,0,18,0,1,1,0.2802021129995407,0.45714285714285713,0,2,1,1,1,1,1.0,0,0,0
0,0,0,2,0,5,1,9,12.0,0.2,1.8,0,0,0,28,3,1,1,0.6412213740458015,0.3423076923076923,2,2,4,4,1,1,2.5,0,0,0
1,0,1,0,0,8,7,12,11.721428571428572,0.875,1.5,0,0,0,18,0,1,1,0.2802021129995407,0.17717717717717718,0,2,1,3,1,1,1.5,0,0,0
1,0,0,1,0,6,6,6,12.666666666666666,1.0,1.0,0,0,0,18,0,1,1,0.2802021129995407,0.3400673400673401,0,2,1,3,1,2,1.75,0,0,0
1,0,0,1,0,5,4,12,13.0,0.8,2.4,0,0,0,18,0,1,1,0.2802021129995407,0.65,0,1,4,4,1,1,2.5,0,0,0
1,0,0,1,0,5,0,6,0.0,0.0,1.2,1,0,0,21,1,1,1,0.2802021129995407,0.4944649446494465,0,2,3,2,2,2,2.25,0,1,0
0,0,0,2,0,5,0,5,0.0,0.0,1.0,1,0,0,32,3,2,0,0.55625,0.36597938144329895,0,1,3,1,0,0,1.0,0,2,1
1,0,0,1,0,5,4,6,12.5,0.8,1.2,0,0,0,28,3,1,1,0.55625,0.4337899543378995,0,2,3,1,0,0,1.0,0,0,0
0,0,0,2,0,4,0,4,0.0,0.0,1.0,1,0,0,40,4,1,0,0.55625,0.6355140186915887,0,1,1,2,1,1,1.25,0,2,1
0,1,0,3,1,5,0,5,0.0,0.0,1.0,1,0,0,39,4,2,0,0.55625,0.36597938144329895,0,2,1,1,1,0,0.75,0,3,1
0,1,0,3,1,6,0,0,0.0,0.0,0.0,1,1,0,39,4,2,1,0.55625,0.20967741935483872,0,2,1,1,1,0,0.75,0,3,1
1,0,0,1,0,6,6,7,12.5,1.0,1.1666666666666667,0,0,0,50,4,2,1,0.55625,0.4941860465116279,0,1,1,2,1,2,1.5,0,0,0
1,0,0,1,0,6,5,10,12.8,0.8333333333333334,1.6666666666666667,0,0,0,23,1,1,1,0.2802021129995407,0.5985915492957746,0,2,3,3,1,2,2.25,0,0,0
1,0,0,1,0,6,1,11,10.0,0.16666666666666666,1.8333333333333333,0,0,0,48,4,3,0,0.55625,0.36597938144329895,1,1,3,1,0,0,1.0,0,0,0
1,0,0,1,0,6,4,11,11.25,0.6666666666666666,1.8333333333333333,0,0,0,23,1,1,1,0.2802021129995407,0.5985915492957746,0,2,1,1,1,1,1.0,0,0,0
1,0,1,0,0,8,7,8,12.61,0.875,1.0,0,0,0,18,0,1,1,0.2802021129995407,0.17717717717717718,0,5,1,3,1,1,1.5,0,0,0
1,0,0,1,0,5,2,14,12.0,0.4,2.8,0,0,0,18,0,1,1,0.2802021129995407,0.65,0,1,4,2,1,1,2.0,0,0,0
0,0,0,2,0,6,5,9,13.0,0.8333333333333334,1.5,0,0,0,20,0,1,1,0.36666666666666664,0.20967741935483872,0,1,4,1,1,1,1.75,0,0,0
1,0,1,0,0,5,4,9,12.0,0.8,1.8,0,0,0,18,0,1,1,0.55625,0.3423076923076923,0,3,3,3,1,1,2.0,0,0,0
1,0,0,1,0,7,4,8,12.0,0.5714285714285714,1.1428571428571428,0,0,0,18,0,1,1,0.2802021129995407,0.4782608695652174,0,1,4,4,1,1,2.5,0,0,0
1,0,0,1,0,5,1,12,12.0,0.2,2.4,0,0,1,31,3,1,1,0.55625,0.8653846153846154,0,1,3,3,1,2,2.25,3,0,0
1,0,0,1,0,0,0,0,0.0,0.0,0.0,1,1,1,24,2,1,1,0.55625,0.4606741573033708,0,1,4,3,1,0,2.0,2,1,0
0,1,0,3,1,5,0,5,0.0,0.0,1.0,1,0,1,26,2,1,1,0.55625,0.4944649446494465,0,1,1,1,1,1,1.0,2,3,1
1,1,0,2,0,6,5,11,13.625,0.8333333333333334,1.8333333333333333,0,0,1,18,0,1,1,0.2802021129995407,0.65,0,1,4,4,1,1,2.5,0,0,0
1,0,0,1,0,6,0,0,0.0,0.0,0.0,1,1,1,22,1,1,1,0.2802021129995407,0.4337899543378995,0,1,1,1,1,1,1.0,1,1,0
1,0,0,1,0,8,7,8,11.69,0.875,1.0,0,0,1,18,0,1,1,0.2802021129995407,0.17717717717717718,0,2,4,4,1,2,2.75,0,0,0
0,1,0,3,1,6,0,11,0.0,0.0,1.8333333333333333,1,0,1,20,0,1,1,0.55625,0.2786885245901639,1,1,3,2,2,1,2.0,0,3,1
1,0,0,1,0,0,0,0,0.0,0.0,0.0,1,1,1,25,2,1,1,0.55625,0.4606741573033708,1,1,4,4,1,1,2.5,2,1,0
1,0,0,1,0,5,4,10,11.5,0.8,2.0,0,0,1,24,2,1,0,0.55625,0.6355140186915887,0,1,4,4,2,2,3.0,2,0,0
1,0,0,1,0,5,1,10,14.0,0.2,2.0,0,0,1,27,2,1,1,0.55625,0.8653846153846154,0,1,4,4,2,2,3.0,2,0,0
1,0,0,1,0,6,5,7,11.0,0.8333333333333334,1.1666666666666667,0,0,1,21,1,1,1,0.2802021129995407,0.45714285714285713,0,1,4,2,2,2,2.5,1,0,0
1,0,0,1,0,6,6,7,12.857142857142858,1.0,1.1666666666666667,0,0,1,21,1,1,1,0.55625,0.4941860465116279,1,1,1,1,2,1,1.25,1,0,0
1,0,0,1,0,6,4,9,12.5,0.6666666666666666,1.5,0,0,1,19,0,1,1,0.55625,0.3400673400673401,0,3,1,3,1,1,1.5,0,0,0
1,0,0,1,0,7,7,7,14.528571428571428,1.0,1.0,0,0,1,28,3,1,1,0.55625,0.17717717717717718,0,1,1,2,1,1,1.25,3,0,0
1,0,1,0,0,6,6,8,13.0,1.0,1.3333333333333333,0,0,1,21,1,1,1,0.55625,0.4941860465116279,1,1,3,2,2,0,1.75,1,0,0
1,0,1,0,0,7,7,7,15.957142857142856,1.0,1.0,0,0,1,18,0,1,1,0.2802021129995407,0.17717717717717718,0,1,3,3,1,2,2.25,0,0,0
1,0,0,1,0,5,5,8,13.25,1.0,1.6,0,0,1,19,0,1,1,0.2802021129995407,0.4944649446494465,0,2,1,1,1,1,1.0,0,0,0
1,0,0,1,0,5,3,12,12.0,0.6,2.4,0,0,1,19,0,1,1,0.2802021129995407,0.8653846153846154,0,5,1,2,2,1,1.5,0,0,0
0,1,0,3,1,6,4,10,13.0,0.6666666666666666,1.6666666666666667,0,0,1,25,2,1,1,0.55625,0.3400673400673401,1,1,1,3,1,1,1.5,2,0,0
1,1,0,2,0,11,9,12,11.77777777777778,0.8181818181818182,1.0909090909090908,0,0,1,21,1,1,1,0.55625,0.2786885245901639,0,1,1,1,1,0,0.75,1,0,0
1,0,0,1,0,5,2,10,11.0,0.4,2.0,0,0,1,19,0,1,1,0.2802021129995407,0.8653846153846154,0,3,3,4,2,1,2.5,0,0,0
1,0,0,1,0,5,0,14,0.0,0.0,2.8,1,0,1,20,0,1,1,0.2802021129995407,0.4944649446494465,0,2,3,3,2,2,2.5,0,1,0
1,0,0,1,0,14,14,16,12.428571428571429,1.0,1.1428571428571428,0,0,1,25,2,1,1,0.55625,0.4941860465116279,1,1,4,4,1,1,2.5,2,0,0
1,0,0,1,0,0,0,0,0.0,0.0,0.0,1,1,1,18,0,1,1,0.2802021129995407,0.4606741573033708,0,1,1,1,1,1,1.0,0,1,0
1,0,0,1,0,8,8,8,12.5075,1.0,1.0,0,0,1,23,1,1,1,0.55625,0.17717717717717718,0,1,3,4,1,0,2.0,1,0,0
1,0,0,1,0,12,11,18,12.090909090909092,0.9166666666666666,1.5,0,0,1,21,1,1,1,0.2802021129995407,0.4941860465116279,1,1,4,1,2,2,2.25,1,0,0
1,0,0,1,0,5,1,13,10.0,0.2,2.6,0,0,1,25,2,1,0,0.55625,0.6355140186915887,0,1,3,3,2,0,2.0,2,0,0
1,0,0,1,0,6,6,6,13.5,1.0,1.0,0,0,1,18,0,1,1,0.2802021129995407,0.65,0,1,1,1,1,1,1.0,0,0,0
1,0,0,1,0,6,6,6,14.166666666666666,1.0,1.0,0,0,1,22,1,1,1,0.2802021129995407,0.2786885245901639,2,5,3,3,1,1,2.0,1,0,0
1,0,0,1,0,6,6,7,14.0,1.0,1.1666666666666667,0,0,1,27,2,1,1,0.55625,0.4337899543378995,0,1,1,2,2,1,1.5,2,0,0
1,0,0,1,0,3,0,4,0.0,0.0,1.3333333333333333,1,0,1,25,2,1,1,0.55625,0.4941860465116279,1,1,4,3,1,2,2.5,2,1,0
1,0,0,1,0,5,3,9,11.666666666666666,0.6,1.8,0,0,1,18,0,1,1,0.2802021129995407,0.8653846153846154,0,4,3,2,0,1,1.5,0,0,0
1,0,0,1,0,5,5,7,14.6,1.0,1.4,0,0,1,20,0,1,1,0.2802021129995407,0.3423076923076923,0,1,1,2,1,1,1.25,0,0,0
1,0,0,1,0,6,5,10,13.0,0.8333333333333334,1.6666666666666667,0,0,1,27,2,1,1,0.55625,0.4941860465116279,0,1,4,4,1,1,2.5,2,0,0
1,0,0,1,0,6,6,7,12.166666666666666,1.0,1.1666666666666667,0,0,1,20,0,1,0,0.2802021129995407,0.36597938144329895,0,1,3,3,1,1,2.0,0,0,0
1,0,0,1,0,5,0,9,0.0,0.0,1.8,1,0,1,22,1,1,1,0.2802021129995407,0.4944649446494465,0,1,1,1,1,1,1.0,1,1,0
1,0,0,1,0,5,3,10,10.5,0.6,2.0,0,0,1,19,0,1,1,0.2802021129995407,0.8653846153846154,0,5,1,4,1,0,1.5,0,0,0
1,0,0,1,0,0,0,0,0.0,0.0,0.0,1,1,1,19,0,1,1,0.55625,0.4606741573033708,0,4,1,1,1,0,0.75,0,1,0
0,0,0,2,0,5,0,12,0.0,0.0,2.4,1,0,1,29,3,2,1,0.55625,0.3423076923076923,2,1,3,3,2,2,2.5,3,2,1
1,0,0,1,0,8,7,8,13.828571428571427,0.875,1.0,0,0,1,19,0,1,1,0.2802021129995407,0.17717717717717718,0,2,4,3,1,1,2.25,0,0,0
1,0,0,1,0,6,6,7,11.5,1.0,1.1666666666666667,0,0,0,20,0,2,1,0.2802021129995407,0.20967741935483872,0,1,1,1,1,1,1.0,0,0,0
1,0,0,1,0,6,4,6,13.5,0.6666666666666666,1.0,0,0,0,20,0,1,1,0.2802021129995407,0.2786885245901639,0,4,1,1,1,1,1.0,0,0,0
1,0,0,1,0,6,0,12,0.0,0.0,2.0,1,0,0,31,3,1,0,0.55625,0.36597938144329895,0,1,3,4,0,1,2.0,0,1,0
1,0,0,1,0,7,7,8,12.5375,1.0,1.1428571428571428,0,0,0,18,0,1,1,0.2802021129995407,0.17717717717717718,0,5,1,3,1,1,1.5,0,0,0
1,0,0,1,0,5,4,10,12.0,0.8,2.0,0,0,0,18,0,1,1,0.2802021129995407,0.4944649446494465,0,1,1,1,1,1,1.0,0,0,0
1,0,0,1,0,6,5,8,11.8,0.8333333333333334,1.3333333333333333,0,0,0,19,0,1,1,0.2802021129995407,0.45714285714285713,0,1,1,1,1,1,1.0,0,0,0
1,0,1,0,0,5,5,5,15.0,1.0,1.0,0,0,0,18,0,1,1,0.2802021129995407,0.4944649446494465,0,1,3,2,2,2,2.25,0,0,0
1,0,0,1,0,5,3,7,12.0,0.6,1.4,0,0,0,19,0,1,1,0.2802021129995407,0.3423076923076923,0,1,1,2,0,0,0.75,0,0,0
1,0,1,0,0,6,6,6,12.833333333333334,1.0,1.0,0,0,0,18,0,1,1,0.2802021129995407,0.3400673400673401,0,1,1,1,1,1,1.0,0,0,0
1,0,0,1,0,6,6,12,11.666666666666666,1.0,2.0,0,0,0,19,0,1,1,0.2802021129995407,0.45714285714285713,0,3,1,1,1,2,1.25,0,0,0
1,0,0,1,0,7,7,9,12.1625,1.0,1.2857142857142858,0,0,0,19,0,1,1,0.2802021129995407,0.4782608695652174,0,4,1,3,1,2,1.75,0,0,0
1,0,0,1,0,6,6,6,13.833333333333334,1.0,1.0,0,0,0,18,0,1,1,0.2802021129995407,0.4337899543378995,0,2,1,3,1,2,1.75,0,0,0
1,0,1,0,0,6,6,9,12.125,1.0,1.5,0,0,0,20,0,1,1,0.55625,0.4337899543378995,1,1,1,3,1,2,1.75,0,0,0
1,0,0,1,0,15,11,15,11.454545454545457,0.7333333333333333,1.0,0,0,0,29,3,1,0,0.55625,0.6355140186915887,2,1,1,1,1,1,1.0,0,0,0
0,0,1,1,0,6,4,10,12.0,0.6666666666666666,1.6666666666666667,0,0,0,20,0,1,1,0.2802021129995407,0.5985915492957746,0,1,1,1,1,0,0.75,0,0,0
0,1,0,3,1,7,6,8,12.666666666666666,0.8571428571428571,1.1428571428571428,0,0,0,31,3,3,1,0.55625,0.5985915492957746,0,1,1,3,1,0,1.25,0,0,0
1,0,0,1,0,6,6,7,12.666666666666666,1.0,1.1666666666666667,0,0,0,20,0,1,1,0.2802021129995407,0.4337899543378995,0,1,1,1,1,2,1.25,0,0,0
1,0,0,1,0,18,18,22,11.88888888888889,1.0,1.2222222222222223,0,0,0,21,1,1,1,0.2802021129995407,0.4941860465116279,0,1,1,1,1,1,1.0,0,0,0
1,0,0,1,0,6,0,0,0.0,0.0,0.0,1,1,0,23,1,1,1,0.6412213740458015,0.65,2,1,1,1,1,1,1.0,0,1,0
0,1,0,3,1,6,4,6,13.0,0.6666666666666666,1.0,0,0,0,21,1,1,1,0.2802021129995407,0.2786885245901639,0,5,1,1,1,1,1.0,0,0,0
1,0,0,1,0,7,7,7,16.885714285714283,1.0,1.0,0,0,0,24,2,1,1,0.6412213740458015,0.17717717717717718,1,1,3,3,1,2,2.25,0,0,0
1,0,0,1,0,6,6,6,12.5,1.0,1.0,0,0,0,27,2,1,0,0.55625,0.36597938144329895,0,1,3,3,2,2,2.5,0,0,0
1,0,1,0,0,7,7,9,13.055555555555555,1.0,1.2857142857142858,0,0,0,18,0,1,1,0.2802021129995407,0.17717717717717718,0,1,3,1,2,1,1.75,0,0,0
0,0,0,2,0,0,0,0,0.0,0.0,0.0,1,1,0,21,1,1,1,0.2802021129995407,0.4606741573033708,0,3,0,3,2,2,1.75,0,2,1
1,1,1,1,0,5,0,7,0.0,0.0,1.4,1,0,0,19,0,1,1,0.2802021129995407,0.65,0,1,1,4,2,1,2.0,0,1,0
1,0,1,0,0,8,7,8,12.355714285714283,0.875,1.0,0,0,0,19,0,1,1,0.2802021129995407,0.17717717717717718,0,5,1,2,1,1,1.25,0,0,0
1,0,0,1,0,6,0,0,0.0,0.0,0.0,1,1,0,18,0,1,1,0.2802021129995407,0.3423076923076923,0,1,1,1,2,2,1.5,0,1,0
1,1,1,1,0,7,7,7,13.857142857142858,1.0,1.0,0,0,0,20,0,1,1,0.2802021129995407,0.5985915492957746,0,2,1,1,2,2,1.5,0,0,0
1,0,0,1,0,6,5,9,13.0,0.8333333333333334,1.5,0,0,0,24,2,2,0,0.2802021129995407,0.36597938144329895,0,1,3,1,2,1,1.75,0,0,0
1,0,0,1,0,6,6,6,12.833333333333334,1.0,1.0,0,0,0,20,0,1,1,0.2802021129995407,0.2786885245901639,0,1,3,3,1,1,2.0,0,0,0
1,0,1,0,0,8,7,8,12.357142857142858,0.875,1.0,0,0,0,19,0,1,1,0.2802021129995407,0.17717717717717718,0,1,1,1,1,1,1.0,0,0,0
1,0,1,0,0,8,7,8,13.857142857142858,0.875,1.0,0,0,0,18,0,1,1,0.2802021129995407,0.17717717717717718,0,5,3,1,1,1,1.5,0,0,0
1,0,1,0,0,6,6,6,12.333333333333334,1.0,1.0,0,0,0,20,0,1,1,0.2802021129995407,0.20967741935483872,2,2,1,1,1,1,1.0,0,0,0
1,0,0,1,0,7,7,8,12.847142857142858,1.0,1.1428571428571428,0,0,0,20,0,1,1,0.2802021129995407,0.17717717717717718,0,1,1,1,1,1,1.0,0,0,0
1,0,1,0,0,7,6,9,12.339999999999998,0.8571428571428571,1.2857142857142858,0,0,0,19,0,1,1,0.2802021129995407,0.17717717717717718,0,2,1,1,2,1,1.25,0,0,0
1,0,0,1,0,6,6,6,13.833333333333334,1.0,1.0,0,0,0,20,0,1,1,0.2802021129995407,0.3400673400673401,0,1,4,2,2,1,2.25,0,0,0
1,0,0,1,0,5,2,15,10.75,0.4,3.0,0,0,0,19,0,1,1,0.2802021129995407,0.4944649446494465,0,2,3,1,2,2,2.0,0,0,0
1,0,0,1,0,6,4,11,13.25,0.6666666666666666,1.8333333333333333,0,0,0,19,0,1,1,0.2802021129995407,0.5985915492957746,0,5,1,1,1,1,1.0,0,0,0
1,0,1,0,0,8,8,8,13.73125,1.0,1.0,0,0,0,18,0,1,1,0.2802021129995407,0.17717717717717718,0,1,1,1,1,1,1.0,0,0,0
1,0,1,0,0,6,6,6,13.333333333333334,1.0,1.0,0,0,0,23,1,1,1,0.2802021129995407,0.2786885245901639,0,4,1,1,1,1,1.0,0,0,0
1,0,0,1,0,6,5,8,12.0,0.8333333333333334,1.3333333333333333,0,0,0,21,1,1,1,0.2802021129995407,0.5985915492957746,0,1,1,2,1,1,1.25,0,0,0
1,0,0,1,0,9,9,10,10.88888888888889,1.0,1.1111111111111112,0,0,0,23,1,1,0,0.55625,0.36597938144329895,1,1,1,1,2,2,1.5,0,0,0
1,0,0,1,0,7,7,8,13.025,1.0,1.1428571428571428,0,0,0,19,0,1,1,0.2802021129995407,0.17717717717717718,0,3,1,1,1,1,1.0,0,0,0
1,0,0,1,0,6,6,6,13.0,1.0,1.0,0,0,0,18,0,1,1,0.2802021129995407,0.3400673400673401,0,2,3,1,1,2,1.75,0,0,0
1,0,0,1,0,6,5,10,11.8,0.8333333333333334,1.6666666666666667,0,0,0,19,0,1,1,0.2802021129995407,0.3400673400673401,0,1,1,1,1,1,1.0,0,0,0
1,0,1,0,0,8,7,8,12.042857142857144,0.875,1.0,0,0,0,25,2,1,1,0.55625,0.17717717717717718,0,1,1,1,1,1,1.0,0,0,0
1,0,1,0,0,7,7,8,12.8375,1.0,1.1428571428571428,0,0,0,19,0,1,1,0.2802021129995407,0.17717717717717718,0,1,3,2,1,1,1.75,0,0,0
1,1,1,1,0,7,7,13,11.0,1.0,1.8571428571428572,0,0,0,24,2,1,1,0.55625,0.4782608695652174,0,1,1,1,2,2,1.5,0,0,0
1,0,1,0,0,6,6,7,13.5,1.0,1.1666666666666667,0,0,0,18,0,1,1,0.2802021129995407,0.4337899543378995,0,1,1,1,1,1,1.0,0,0,0
1,0,1,0,0,6,6,8,12.125,1.0,1.3333333333333333,0,0,0,19,0,1,1,0.2802021129995407,0.20967741935483872,0,5,1,1,1,1,1.0,0,0,0
1,0,1,0,0,8,7,12,12.62857142857143,0.875,1.5,0,0,0,18,0,1,1,0.2802021129995407,0.17717717717717718,0,5,1,1,1,1,1.0,0,0,0
1,0,0,1,0,6,5,11,11.2,0.8333333333333334,1.8333333333333333,0,0,0,19,0,1,1,0.2802021129995407,0.20967741935483872,0,3,3,3,2,1,2.25,0,0,0
1,0,1,0,0,6,6,6,12.666666666666666,1.0,1.0,0,0,0,18,0,1,1,0.55625,0.3400673400673401,0,1,3,3,2,2,2.5,0,0,0
0,1,0,3,1,6,4,7,13.5,0.6666666666666666,1.1666666666666667,0,0,0,34,3,2,1,0.55625,0.4337899543378995,0,1,1,1,1,0,0.75,0,0,0
0,1,0,3,1,6,0,0,0.0,0.0,0.0,1,1,0,20,0,1,1,0.2802021129995407,0.3400673400673401,0,2,1,1,1,1,1.0,0,3,1
1,0,0,1,0,5,5,5,12.0,1.0,1.0,0,0,0,26,2,2,0,0.55625,0.6355140186915887,2,1,1,2,1,1,1.25,0,0,0
1,0,0,1,0,7,7,9,12.228571428571428,1.0,1.2857142857142858,0,0,0,27,2,1,1,0.55625,0.4782608695652174,0,2,3,2,2,2,2.25,0,0,0
1,0,0,1,0,5,4,6,11.5,0.8,1.2,0,0,0,20,0,1,1,0.2802021129995407,0.4337899543378995,0,1,3,1,1,1,1.5,0,0,0
1,0,0,1,0,6,6,8,15.375,1.0,1.3333333333333333,0,0,0,18,0,1,1,0.2802021129995407,0.20967741935483872,0,1,1,3,1,0,1.25,0,0,0
1,0,0,1,0,8,7,11,12.614285714285714,0.875,1.375,0,0,0,24,2,1,1,0.55625,0.17717717717717718,1,1,3,4,2,2,2.75,0,0,0
1,0,1,0,0,6,5,7,12.2,0.8333333333333334,1.1666666666666667,0,0,0,19,0,1,1,0.55625,0.20967741935483872,1,1,1,1,2,1,1.25,0,0,0
1,0,0,1,0,6,4,13,11.75,0.6666666666666666,2.1666666666666665,0,0,0,19,0,1,1,0.2802021129995407,0.3400673400673401,0,1,1,1,2,1,1.25,0,0,0
1,0,0,1,0,16,13,16,10.923076923076923,0.8125,1.0,0,0,0,22,1,1,0,0.55625,0.36597938144329895,0,1,3,1,1,1,1.5,0,0,0
1,0,0,1,0,6,5,6,12.4,0.8333333333333334,1.0,0,0,0,20,0,1,1,0.55625,0.2786885245901639,0,1,3,2,1,0,1.5,0,0,0
1,0,0,1,0,6,0,6,0.0,0.0,1.0,1,0,0,25,2,1,1,0.55625,0.4941860465116279,0,1,1,2,1,1,1.25,0,1,0
1,0,0,1,0,6,6,6,15.833333333333334,1.0,1.0,0,0,0,21,1,1,1,0.55625,0.4941860465116279,1,1,3,4,2,1,2.5,0,0,0
1,0,0,1,0,6,6,7,12.571428571428571,1.0,1.1666666666666667,0,0,0,18,0,1,1,0.2802021129995407,0.3400673400673401,0,4,3,2,2,1,2.0,0,0,0
1,0,0,1,0,5,3,7,12.0,0.6,1.4,0,0,0,18,0,1,1,0.2802021129995407,0.4337899543378995,0,3,1,1,0,0,0.5,0,0,0
1,0,0,1,0,7,7,8,13.3625,1.0,1.1428571428571428,0,0,1,19,0,1,1,0.2802021129995407,0.17717717717717718,0,3,4,4,1,1,2.5,0,0,0
1,0,1,0,0,5,5,6,15.4,1.0,1.2,0,0,0,19,0,1,1,0.2802021129995407,0.3423076923076923,0,1,4,4,2,2,3.0,0,0,0
0,1,0,3,1,6,5,9,12.2,0.8333333333333334,1.5,0,0,0,18,0,1,1,0.2802021129995407,0.3400673400673401,0,2,1,1,1,1,1.0,0,0,0
1,0,1,0,0,11,11,11,12.818181818181818,1.0,1.0,0,0,0,20,0,1,1,0.55625,0.20967741935483872,1,1,1,1,1,1,1.0,0,0,0
1,0,0,1,0,7,0,0,0.0,0.0,0.0,1,1,0,19,0,1,1,0.2802021129995407,0.17717717717717718,0,5,3,2,2,1,2.0,0,1,0
1,0,0,1,0,17,17,21,13.394736842105264,1.0,1.2352941176470589,0,0,0,28,3,1,1,0.55625,0.17717717717717718,0,1,1,1,1,1,1.0,0,0,0
1,0,1,0,0,6,6,8,14.25,1.0,1.3333333333333333,0,0,0,20,0,1,1,0.2802021129995407,0.20967741935483872,0,1,1,3,1,1,1.5,0,0,0
1,0,0,1,0,11,9,19,13.444444444444445,0.8181818181818182,1.7272727272727273,0,0,0,30,3,1,0,0.55625,0.36597938144329895,0,1,1,1,0,1,0.75,0,0,0
1,0,1,0,0,7,7,8,12.285714285714286,1.0,1.1428571428571428,0,0,0,19,0,1,1,0.2802021129995407,0.17717717717717718,0,4,3,2,1,1,1.75,0,0,0
1,0,0,1,0,6,6,7,11.666666666666666,1.0,1.1666666666666667,0,0,0,22,1,1,1,0.2802021129995407,0.2786885245901639,0,2,1,2,2,2,1.75,0,0,0
1,0,0,1,0,6,6,8,12.166666666666666,1.0,1.3333333333333333,0,0,0,18,0,1,1,0.2802021129995407,0.45714285714285713,0,1,1,1,1,1,1.0,0,0,0
1,0,0,1,0,6,2,11,10.0,0.3333333333333333,1.8333333333333333,0,0,0,23,1,1,1,0.2802021129995407,0.5985915492957746,0,1,1,1,1,1,1.0,0,0,0
1,0,0,1,0,6,6,6,14.0,1.0,1.0,0,0,0,18,0,1,1,0.2802021129995407,0.2786885245901639,0,4,3,2,1,1,1.75,0,0,0
0,1,0,3,1,6,1,7,15.0,0.16666666666666666,1.1666666666666667,0,0,1,50,4,2,1,0.55625,0.3400673400673401,1,1,1,1,0,0,0.5,4,0,0
1,0,1,0,0,0,0,0,0.0,0.0,0.0,1,1,0,19,0,1,1,0.2802021129995407,0.4606741573033708,0,1,4,4,1,1,2.5,0,0,0
1,0,0,1,0,6,6,7,10.833333333333334,1.0,1.1666666666666667,0,0,0,22,1,1,1,0.2802021129995407,0.45714285714285713,0,2,1,1,1,1,1.0,0,0,0
1,1,1,1,0,6,6,7,13.142857142857142,1.0,1.1666666666666667,0,0,0,23,1,1,1,0.55625,0.20967741935483872,1,1,3,3,2,2,2.5,0,0,0
0,1,1,2,1,5,5,8,14.4,1.0,1.6,0,0,0,20,0,1,1,0.55625,0.3423076923076923,0,4,3,3,2,1,2.25,0,0,0
0,0,0,2,0,6,0,0,0.0,0.0,0.0,1,1,0,44,4,3,1,0.55625,0.20967741935483872,1,1,1,1,1,0,0.75,0,2,1
1,0,0,1,0,12,7,17,12.0,0.5833333333333334,1.4166666666666667,0,0,1,49,4,3,1,0.55625,0.4941860465116279,1,1,1,1,1,1,1.0,4,0,0
1,0,0,1,0,10,9,13,12.2,0.9,1.3,0,0,1,46,4,2,0,0.55625,0.6355140186915887,0,1,1,1,1,1,1.0,4,0,0
0,0,0,2,0,3,3,3,12.333333333333334,1.0,1.0,0,0,1,41,4,1,1,0.55625,0.3423076923076923,1,1,1,1,1,1,1.0,4,0,0
1,0,0,1,0,7,7,8,11.8375,1.0,1.1428571428571428,0,0,1,18,0,1,1,0.2802021129995407,0.17717717717717718,0,3,1,2,1,1,1.25,0,0,0
1,0,0,1,0,5,5,5,11.8,1.0,1.0,0,0,1,43,4,3,0,0.55625,0.6355140186915887,0,1,1,3,1,1,1.5,4,0,0
0,1,0,3,1,5,0,5,0.0,0.0,1.0,1,0,1,70,4,3,1,0.55625,0.4944649446494465,1,2,1,1,1,1,1.0,4,3,1
1,0,0,1,0,6,0,0,0.0,0.0,0.0,1,1,1,48,4,3,1,0.55625,0.65,1,1,1,1,1,2,1.25,4,1,0
1,0,0,1,0,19,19,19,12.68421052631579,1.0,1.0,0,0,1,41,4,2,1,0.55625,0.4941860465116279,0,1,1,1,1,1,1.0,4,0,0
0,1,0,3,1,7,3,18,11.25,0.42857142857142855,2.5714285714285716,0,0,1,35,3,1,1,0.55625,0.8888888888888888,0,1,1,1,1,1,1.0,3,0,0
1,0,0,1,0,5,4,13,14.0,0.8,2.6,0,0,1,44,4,2,1,0.55625,0.65,1,1,4,3,1,1,2.25,4,0,0
1,1,0,2,0,5,4,15,13.333333333333334,0.8,3.0,0,0,1,18,0,1,1,0.2802021129995407,0.4944649446494465,0,1,4,3,1,1,2.25,0,0,0
1,0,0,1,0,6,6,7,13.666666666666666,1.0,1.1666666666666667,0,0,1,45,4,2,0,0.2802021129995407,0.36597938144329895,0,1,1,1,0,0,0.5,4,0,0
1,0,0,1,0,6,5,12,12.6,0.8333333333333334,2.0,0,0,1,22,1,1,1,0.55625,0.4941860465116279,1,1,3,1,1,1,1.5,1,0,0
1,0,0,1,0,5,3,10,17.333333333333332,0.6,2.0,0,0,1,39,4,1,1,0.55625,0.8653846153846154,0,1,1,1,1,1,1.0,4,0,0
1,0,0,1,0,5,3,9,14.0,0.6,1.8,0,0,1,49,4,2,1,0.55625,0.4944649446494465,1,1,1,2,1,2,1.5,4,0,0
1,0,0,1,0,4,4,4,13.875,1.0,1.0,0,0,1,43,4,1,1,0.6412213740458015,0.4782608695652174,2,1,4,4,1,1,2.5,4,0,0
1,0,0,1,0,5,0,5,0.0,0.0,1.0,1,0,1,32,3,2,0,0.55625,0.6355140186915887,0,1,1,1,1,1,1.0,3,1,0
1,0,0,1,0,9,9,9,13.11111111111111,1.0,1.0,0,0,1,47,4,1,1,0.55625,0.20967741935483872,1,1,1,1,1,1,1.0,4,0,0
1,0,1,0,0,5,5,8,13.0,1.0,1.6,0,0,1,37,4,3,0,0.55625,0.6355140186915887,0,1,1,1,1,1,1.0,4,0,0
1,0,0,1,0,10,10,10,12.5,1.0,1.0,0,0,1,41,4,2,0,0.55625,0.36597938144329895,0,1,1,3,2,1,1.75,4,0,0
1,0,0,1,0,18,18,18,14.11111111111111,1.0,1.0,0,0,1,60,4,2,1,0.55625,0.4941860465116279,0,1,1,1,1,2,1.25,4,0,0
1,0,0,1,0,11,11,11,14.727272727272728,1.0,1.0,0,0,1,47,4,2,1,0.55625,0.45714285714285713,0,1,3,2,1,1,1.75,4,0,0
0,1,0,3,1,6,0,6,0.0,0.0,1.0,1,0,1,50,4,1,0,0.55625,0.36597938144329895,0,1,1,3,1,1,1.5,4,3,1
1,0,0,1,0,5,0,5,0.0,0.0,1.0,1,0,1,45,4,2,0,0.55625,0.6355140186915887,1,1,1,1,0,0,0.5,4,1,0
0,1,0,3,1,5,0,5,0.0,0.0,1.0,1,0,1,45,4,1,1,0.55625,0.8653846153846154,0,1,1,1,1,1,1.0,4,3,1
1,0,0,1,0,5,4,7,13.5,0.8,1.4,0,0,1,33,3,2,1,0.55625,0.3423076923076923,0,1,1,1,0,0,0.5,3,0,0
1,0,0,1,0,8,7,8,13.105714285714283,0.875,1.0,0,0,1,18,0,1,1,0.2802021129995407,0.17717717717717718,0,1,4,4,1,1,2.5,0,0,0
1,0,0,1,0,5,5,8,13.5,1.0,1.6,0,0,1,43,4,2,1,0.55625,0.3423076923076923,0,1,1,1,2,2,1.5,4,0,0
1,0,0,1,0,13,13,18,11.846153846153848,1.0,1.3846153846153846,0,0,1,44,4,1,0,0.55625,0.36597938144329895,0,1,1,1,2,0,1.0,4,0,0
1,0,0,1,0,5,0,5,0.0,0.0,1.0,1,0,1,29,3,1,1,0.55625,0.65,2,1,3,2,0,0,1.25,3,1,0
0,1,0,3,1,6,3,11,14.333333333333334,0.5,1.8333333333333333,0,0,1,53,4,3,1,0.55625,0.4337899543378995,0,1,4,3,2,1,2.5,4,0,0
1,1,0,2,0,10,6,18,12.666666666666666,0.6,1.8,0,0,1,35,3,1,1,0.55625,0.8888888888888888,1,1,1,1,2,2,1.5,3,0,0
1,0,0,1,0,0,0,0,0.0,0.0,0.0,1,1,1,22,1,1,1,0.2802021129995407,0.4606741573033708,0,1,1,1,1,1,1.0,1,1,0
0,0,0,2,0,6,1,6,11.0,0.16666666666666666,1.0,0,0,1,33,3,1,0,0.55625,0.36597938144329895,0,1,1,1,0,1,0.75,3,0,0
0,0,0,2,0,5,0,9,0.0,0.0,1.8,1,0,1,41,4,1,1,0.6412213740458015,0.65,2,3,1,3,0,0,1.0,4,2,1
1,0,0,1,0,7,7,7,15.2,1.0,1.0,0,0,1,51,4,3,1,0.6412213740458015,0.17717717717717718,2,1,1,1,1,1,1.0,4,0,0
1,0,0,1,0,6,6,7,14.428571428571429,1.0,1.1666666666666667,0,0,1,19,0,1,1,0.55625,0.4337899543378995,0,1,1,4,2,2,2.25,0,0,0
1,0,0,1,0,5,0,5,0.0,0.0,1.0,1,0,1,35,3,1,0,0.55625,0.6355140186915887,0,1,1,1,1,1,1.0,3,1,0
1,0,0,1,0,0,0,0,0.0,0.0,0.0,1,1,1,20,0,1,1,0.2802021129995407,0.4606741573033708,0,2,1,3,2,1,1.75,0,1,0
0,1,1,2,1,6,5,11,12.166666666666666,0.8333333333333334,1.8333333333333333,0,0,1,18,0,1,1,0.2802021129995407,0.3400673400673401,0,1,1,1,1,1,1.0,0,0,0
1,0,0,1,0,6,5,12,12.142857142857142,0.8333333333333334,2.0,0,0,1,21,1,1,1,0.55625,0.4941860465116279,1,1,4,3,2,2,2.75,1,0,0
1,0,0,1,0,6,6,9,12.0,1.0,1.5,0,0,1,21,1,1,1,0.2802021129995407,0.45714285714285713,0,1,3,2,2,2,2.25,1,0,0
1,0,0,1,0,5,3,10,11.666666666666666,0.6,2.0,0,0,1,34,3,2,1,0.55625,0.4944649446494465,0,2,1,1,2,1,1.25,3,0,0
1,0,0,1,0,6,0,9,0.0,0.0,1.5,1,0,1,34,3,3,1,0.55625,0.65,0,1,1,1,2,1,1.25,3,1,0
1,0,0,1,0,6,6,10,11.875,1.0,1.6666666666666667,0,0,1,21,1,1,1,0.2802021129995407,0.4337899543378995,0,2,4,4,2,0,2.5,1,0,0
1,0,0,1,0,6,2,17,10.0,0.3333333333333333,2.8333333333333335,0,0,1,30,3,1,1,0.2802021129995407,0.45714285714285713,0,2,1,1,1,1,1.0,3,0,0
1,0,0,1,0,7,6,7,13.833333333333334,0.8571428571428571,1.0,0,0,1,20,0,1,1,0.55625,0.3400673400673401,0,1,3,2,1,1,1.75,0,0,0
1,0,0,1,0,6,0,0,0.0,0.0,0.0,1,1,1,18,0,1,1,0.2802021129995407,0.2786885245901639,0,1,1,2,1,1,1.25,0,1,0
1,0,0,1,0,6,6,7,14.428571428571429,1.0,1.1666666666666667,0,0,1,19,0,1,1,0.2802021129995407,0.45714285714285713,0,1,4,4,1,1,2.5,0,0,0
1,0,0,1,0,7,5,8,14.2,0.7142857142857143,1.1428571428571428,0,0,1,18,0,1,1,0.2802021129995407,0.17717717717717718,0,3,4,4,2,2,3.0,0,0,0
1,0,0,1,0,5,4,8,11.5,0.8,1.6,0,0,1,27,2,1,0,0.55625,0.6355140186915887,0,1,3,2,2,1,2.0,2,0,0
1,0,0,1,0,6,5,7,13.0,0.8333333333333334,1.1666666666666667,0,0,1,52,4,1,1,0.55625,0.3400673400673401,1,1,3,3,1,1,2.0,4,0,0
0,0,0,2,0,6,0,6,0.0,0.0,1.0,1,0,1,29,3,2,1,0.55625,0.4941860465116279,0,1,3,3,2,1,2.25,3,2,1
0,1,0,3,1,6,3,12,11.333333333333334,0.5,2.0,0,0,1,22,1,1,1,0.55625,0.4941860465116279,1,1,3,2,2,2,2.25,1,0,0
1,0,0,1,0,18,18,45,12.5,1.0,2.5,0,0,1,28,3,1,1,0.55625,0.3423076923076923,0,1,1,1,1,2,1.25,3,0,0
1,0,0,1,0,5,0,5,0.0,0.0,1.0,1,0,1,30,3,1,1,0.55625,0.4337899543378995,2,1,3,3,0,2,2.0,3,1,0
1,0,0,1,0,7,7,7,13.471428571428572,1.0,1.0,0,0,0,18,0,1,1,0.2802021129995407,0.17717717717717718,0,2,3,3,1,2,2.25,0,0,0
1,0,0,1,0,5,4,5,11.75,0.8,1.0,0,0,0,21,1,1,1,0.2802021129995407,0.4337899543378995,0,2,1,1,1,1,1.0,0,0,0
1,1,1,1,0,6,6,9,13.333333333333334,1.0,1.5,0,0,0,20,0,1,1,0.2802021129995407,0.2786885245901639,0,1,1,1,1,1,1.0,0,0,0
1,0,1,0,0,8,8,8,13.105,1.0,1.0,0,0,0,21,1,1,1,0.55625,0.17717717717717718,0,1,1,1,2,2,1.5,0,0,0
0,1,0,3,1,5,0,5,0.0,0.0,1.0,1,0,0,32,3,2,0,0.55625,0.6355140186915887,1,1,1,1,1,1,1.0,0,3,1
1,0,1,0,0,6,6,6,15.5,1.0,1.0,0,0,1,20,0,1,1,0.2802021129995407,0.2786885245901639,0,3,1,1,1,1,1.0,0,0,0
0,1,0,3,1,0,0,0,0.0,0.0,0.0,1,1,1,19,0,1,1,0.2802021129995407,0.4606741573033708,0,4,3,2,2,1,2.0,0,3,1
0,1,0,3,1,6,4,6,11.25,0.6666666666666666,1.0,0,0,1,18,0,1,1,0.36666666666666664,0.4337899543378995,0,1,3,3,1,1,2.0,0,0,0
0,0,0,2,0,15,12,24,11.0,0.8,1.6,0,0,1,23,1,1,0,0.55625,0.6355140186915887,0,1,1,4,1,2,2.0,1,0,0
1,0,0,1,0,6,6,10,12.333333333333334,1.0,1.6666666666666667,0,0,1,20,0,1,1,0.2802021129995407,0.45714285714285713,0,1,3,3,2,2,2.5,0,0,0
1,0,0,1,0,9,8,18,11.375,0.8888888888888888,2.0,0,0,0,46,4,2,1,0.55625,0.4944649446494465,0,2,1,1,1,1,1.0,0,0,0
1,0,0,1,0,18,18,19,12.22222222222222,1.0,1.0555555555555556,0,0,1,27,2,1,1,0.2802021129995407,0.4941860465116279,0,1,4,4,1,1,2.5,2,0,0
1,0,0,1,0,9,9,11,12.0,1.0,1.2222222222222223,0,0,1,41,4,2,0,0.55625,0.36597938144329895,1,3,1,1,1,1,1.0,4,0,0
1,0,0,1,0,16,16,17,14.125,1.0,1.0625,0,0,1,37,4,2,0,0.55625,0.36597938144329895,1,1,3,3,1,1,2.0,4,0,0
1,0,0,1,0,9,9,11,12.333333333333334,1.0,1.2222222222222223,0,0,0,26,2,1,0,0.6412213740458015,0.6355140186915887,1,1,3,1,2,1,1.75,0,0,0
1,0,0,1,0,9,9,9,14.333333333333334,1.0,1.0,0,0,1,54,4,2,0,0.55625,0.36597938144329895,0,1,1,1,1,1,1.0,4,0,0
1,0,0,1,0,6,6,6,15.166666666666666,1.0,1.0,0,0,1,21,1,1,1,0.2802021129995407,0.4337899543378995,0,5,1,2,1,1,1.25,1,0,0
1,0,1,0,0,6,6,8,15.142857142857142,1.0,1.3333333333333333,0,0,0,20,0,1,1,0.2802021129995407,0.3423076923076923,0,1,3,3,1,1,2.0,0,0,0
1,0,0,1,0,6,0,0,0.0,0.0,0.0,1,1,0,18,0,1,1,0.2802021129995407,0.3400673400673401,0,5,3,2,1,1,1.75,0,1,0
1,0,0,1,0,6,6,7,12.333333333333334,1.0,1.1666666666666667,0,0,0,18,0,1,1,0.2802021129995407,0.20967741935483872,0,2,1,3,2,0,1.5,0,0,0
1,1,0,2,0,6,6,9,12.0,1.0,1.5,0,0,0,22,1,1,1,0.55625,0.3423076923076923,1,1,3,3,2,1,2.25,0,0,0
1,0,0,1,0,6,6,7,15.0,1.0,1.1666666666666667,0,0,0,19,0,1,1,0.55625,0.3423076923076923,0,1,4,3,2,2,2.75,0,0,0
1,0,0,1,0,12,8,12,13.875,0.6666666666666666,1.0,0,0,0,21,1,1,1,0.2802021129995407,0.4606741573033708,0,1,4,4,2,1,2.75,0,0,0
1,0,1,0,0,6,6,6,12.5,1.0,1.0,0,0,0,18,0,1,1,0.2802021129995407,0.3400673400673401,0,3,3,2,1,1,1.75,0,0,0
1,0,1,0,0,6,6,6,15.0,1.0,1.0,0,0,0,18,0,1,1,0.2802021129995407,0.3400673400673401,0,1,1,1,1,1,1.0,0,0,0
1,1,0,2,0,6,2,10,11.666666666666666,0.3333333333333333,1.6666666666666667,0,0,0,20,0,1,1,0.2802021129995407,0.4337899543378995,0,1,3,3,1,2,2.25,0,0,0
1,0,1,0,0,7,7,10,14.668,1.0,1.4285714285714286,0,0,0,18,0,1,1,0.2802021129995407,0.17717717717717718,0,1,1,1,2,1,1.25,0,0,0
1,0,1,0,0,6,5,7,12.8,0.8333333333333334,1.1666666666666667,0,0,0,20,0,1,1,0.2802021129995407,0.3400673400673401,0,2,3,1,1,1,1.5,0,0,0
1,0,0,1,0,6,6,10,10.833333333333334,1.0,1.6666666666666667,0,0,0,19,0,1,1,0.2802021129995407,0.20967741935483872,0,1,3,3,1,1,2.0,0,0,0
1,0,0,1,0,6,6,6,13.666666666666666,1.0,1.0,0,0,0,18,0,1,1,0.2802021129995407,0.2786885245901639,0,1,4,4,1,1,2.5,0,0,0
1,0,0,1,0,8,7,8,14.537142857142856,0.875,1.0,0,0,0,18,0,1,1,0.2802021129995407,0.17717717717717718,0,1,4,3,2,1,2.5,0,0,0
1,1,1,1,0,5,5,5,14.4,1.0,1.0,0,0,0,18,0,1,1,0.36666666666666664,0.3423076923076923,0,3,1,1,0,0,0.5,0,0,0
1,0,1,0,0,0,0,0,0.0,0.0,0.0,1,1,0,20,0,1,1,0.2802021129995407,0.4606741573033708,0,3,1,3,1,2,1.75,0,0,0
1,0,1,0,0,6,6,6,13.166666666666666,1.0,1.0,0,0,0,19,0,1,1,0.2802021129995407,0.3400673400673401,0,1,3,2,1,1,1.75,0,0,0
0,0,0,2,0,6,2,15,11.5,0.3333333333333333,2.5,0,0,1,36,4,1,1,0.55625,0.17717717717717718,0,1,4,4,1,1,2.5,4,0,0
1,0,1,0,0,6,6,7,11.333333333333334,1.0,1.1666666666666667,0,0,0,19,0,1,1,0.2802021129995407,0.20967741935483872,0,1,3,1,1,1,1.5,0,0,0
1,0,0,1,0,6,6,6,12.0,1.0,1.0,0,0,0,18,0,1,1,0.2802021129995407,0.20967741935483872,0,3,4,3,1,1,2.25,0,0,0
1,0,1,0,0,6,6,6,13.166666666666666,1.0,1.0,0,0,0,18,0,1,1,0.2802021129995407,0.3400673400673401,0,3,1,2,2,2,1.75,0,0,0
1,0,1,0,0,6,6,6,14.833333333333334,1.0,1.0,0,0,0,18,0,1,1,0.2802021129995407,0.3400673400673401,0,3,1,1,1,1,1.0,0,0,0
1,0,0,1,0,7,7,8,13.087142857142856,1.0,1.1428571428571428,0,0,0,18,0,1,1,0.55625,0.17717717717717718,0,3,3,3,2,1,2.25,0,0,0
1,0,1,0,0,6,6,8,13.333333333333334,1.0,1.3333333333333333,0,0,0,19,0,1,1,0.2802021129995407,0.65,0,1,3,1,1,1,1.5,0,0,0
0,1,0,3,1,6,0,0,0.0,0.0,0.0,1,1,0,18,0,1,1,0.2802021129995407,0.20967741935483872,0,2,1,3,1,1,1.5,0,3,1
1,0,0,1,0,5,5,7,13.6,1.0,1.4,0,0,0,19,0,1,1,0.2802021129995407,0.4944649446494465,0,4,1,2,1,1,1.25,0,0,0
1,0,0,1,0,6,6,6,15.5,1.0,1.0,0,0,0,18,0,1,1,0.2802021129995407,0.3400673400673401,0,1,1,1,1,1,1.0,0,0,0
1,0,0,1,0,7,7,7,13.857142857142858,1.0,1.0,0,0,0,19,0,1,1,0.2802021129995407,0.5985915492957746,0,3,3,4,1,2,2.5,0,0,0
1,0,1,0,0,6,6,6,13.0,1.0,1.0,0,0,0,18,0,1,1,0.2802021129995407,0.2786885245901639,0,3,3,1,2,1,1.75,0,0,0
1,0,0,1,0,4,0,4,0.0,0.0,1.0,1,0,0,20,0,1,1,0.2802021129995407,0.3400673400673401,0,4,3,4,2,1,2.5,0,1,0
0,1,1,2,1,6,0,0,0.0,0.0,0.0,1,1,0,22,1,1,1,0.2802021129995407,0.20967741935483872,0,1,3,3,1,2,2.25,0,2,1
1,0,1,0,0,7,7,8,12.142857142857142,1.0,1.1428571428571428,0,0,0,18,0,1,1,0.2802021129995407,0.5985915492957746,0,2,1,1,1,1,1.0,0,0,0
1,0,1,0,0,7,7,7,14.145714285714286,1.0,1.0,0,0,0,18,0,1,1,0.2802021129995407,0.17717717717717718,0,1,1,1,1,1,1.0,0,0,0
1,0,0,1,0,7,7,7,14.45,1.0,1.0,0,0,0,18,0,1,1,0.2802021129995407,0.17717717717717718,0,1,4,4,2,2,3.0,0,0,0
1,0,0,1,0,7,7,7,15.714285714285714,1.0,1.0,0,0,0,18,0,1,1,0.2802021129995407,0.5985915492957746,0,1,1,4,2,2,2.25,0,0,0
1,0,0,1,0,6,6,6,14.5,1.0,1.0,0,0,0,18,0,1,1,0.2802021129995407,0.2786885245901639,0,1,3,3,2,2,2.5,0,0,0
1,0,0,1,0,6,6,6,12.833333333333334,1.0,1.0,0,0,0,25,2,1,0,0.2802021129995407,0.36597938144329895,0,1,3,1,1,0,1.25,0,0,0
1,0,1,0,0,5,5,10,12.0,1.0,2.0,0,0,0,18,0,1,1,0.2802021129995407,0.4944649446494465,0,1,1,2,1,1,1.25,0,0,0
1,0,0,1,0,0,0,0,0.0,0.0,0.0,1,1,0,19,0,1,1,0.2802021129995407,0.4606741573033708,0,3,1,2,1,2,1.5,0,1,0
1,0,1,0,0,6,6,7,12.571428571428571,1.0,1.1666666666666667,0,0,0,20,0,1,1,0.2802021129995407,0.20967741935483872,0,2,1,2,1,1,1.25,0,0,0
1,0,1,0,0,6,6,6,12.5,1.0,1.0,0,0,0,21,1,1,1,0.55625,0.3400673400673401,0,4,3,3,1,1,2.0,0,0,0
1,0,0,1,0,6,6,8,14.0,1.0,1.3333333333333333,0,0,0,18,0,1,1,0.2802021129995407,0.4337899543378995,0,3,3,4,2,2,2.75,0,0,0
1,0,0,1,0,7,7,8,11.571428571428571,1.0,1.1428571428571428,0,0,0,18,0,1,1,0.2802021129995407,0.5985915492957746,0,1,3,3,1,1,2.0,0,0,0
1,0,1,0,0,6,6,6,15.833333333333334,1.0,1.0,0,0,0,18,0,1,1,0.2802021129995407,0.2786885245901639,0,3,3,4,1,1,2.25,0,0,0
1,0,0,1,0,8,8,8,14.25,1.0,1.0,0,0,0,18,0,1,1,0.2802021129995407,0.17717717717717718,0,4,1,2,2,1,1.5,0,0,0
1,0,0,1,0,6,0,0,0.0,0.0,0.0,1,1,0,19,0,1,1,0.55625,0.4337899543378995,0,1,4,2,2,1,2.25,0,1,0
1,0,0,1,0,6,6,8,11.666666666666666,1.0,1.3333333333333333,0,0,0,20,0,1,1,0.2802021129995407,0.45714285714285713,0,1,1,4,2,2,2.25,0,0,0
1,0,0,1,0,6,0,12,0.0,0.0,2.0,1,0,0,47,4,1,1,0.55625,0.20967741935483872,2,1,3,1,0,0,1.0,0,1,0
1,0,0,1,0,6,2,11,12.0,0.3333333333333333,1.8333333333333333,0,0,1,31,3,2,1,0.55625,0.65,0,1,1,1,1,2,1.25,3,0,0
1,0,0,1,0,5,0,6,0.0,0.0,1.2,1,0,1,46,4,2,1,0.55625,0.8653846153846154,0,1,1,1,0,1,0.75,4,1,0
1,0,0,1,0,5,3,10,13.333333333333334,0.6,2.0,0,0,1,19,0,1,1,0.2802021129995407,0.8653846153846154,0,3,4,4,2,2,3.0,0,0,0
0,0,0,2,0,5,0,5,0.0,0.0,1.0,1,0,1,22,1,1,1,0.55625,0.65,1,1,4,3,1,1,2.25,1,2,1
1,0,0,1,0,5,5,5,13.8,1.0,1.0,0,0,1,19,0,1,1,0.2802021129995407,0.4944649446494465,0,1,1,3,2,0,1.5,0,0,0
0,1,0,3,1,5,0,14,0.0,0.0,2.8,1,0,0,19,0,1,1,0.2802021129995407,0.4944649446494465,0,1,4,4,1,1,2.5,0,3,1
0,1,0,3,1,5,0,11,0.0,0.0,2.2,1,0,1,29,3,1,1,0.55625,0.65,0,1,4,1,2,0,1.75,3,3,1
1,0,0,1,0,7,6,7,14.016666666666666,0.8571428571428571,1.0,0,0,0,18,0,1,1,0.2802021129995407,0.17717717717717718,0,3,1,1,1,1,1.0,0,0,0
1,0,0,1,0,6,5,9,11.4,0.8333333333333334,1.5,0,0,0,18,0,1,1,0.2802021129995407,0.20967741935483872,0,1,1,1,1,1,1.0,0,0,0
0,1,1,2,1,0,0,0,0.0,0.0,0.0,1,1,0,23,1,1,1,0.2802021129995407,0.4606741573033708,0,1,1,1,1,1,1.0,0,2,1
1,0,0,1,0,5,5,12,10.4,1.0,2.4,0,0,0,34,3,2,0,0.55625,0.6355140186915887,0,1,3,3,2,2,2.5,0,0,0
1,0,0,1,0,5,3,11,10.666666666666666,0.6,2.2,0,0,0,19,0,1,1,0.2802021129995407,0.4944649446494465,0,1,1,2,1,1,1.25,0,0,0
1,0,1,0,0,7,7,7,13.914285714285713,1.0,1.0,0,0,0,20,0,1,1,0.2802021129995407,0.17717717717717718,0,5,3,2,2,2,2.25,0,0,0
1,0,0,1,0,7,7,9,13.761111111111113,1.0,1.2857142857142858,0,0,0,19,0,1,1,0.2802021129995407,0.17717717717717718,0,5,4,4,1,1,2.5,0,0,0
1,0,1,0,0,6,6,7,13.857142857142858,1.0,1.1666666666666667,0,0,0,23,1,1,1,0.2802021129995407,0.20967741935483872,0,1,1,2,1,1,1.25,0,0,0
1,0,1,0,0,8,7,8,13.842857142857143,0.875,1.0,0,0,1,34,3,2,1,0.55625,0.17717717717717718,0,1,3,2,1,1,1.75,3,0,0
1,0,0,1,0,6,5,6,11.8,0.8333333333333334,1.0,0,0,1,21,1,1,1,0.2802021129995407,0.3400673400673401,0,3,3,1,2,1,1.75,1,0,0
1,0,0,1,0,6,6,6,12.666666666666666,1.0,1.0,0,0,1,22,1,1,1,0.2802021129995407,0.20967741935483872,0,1,3,2,2,2,2.25,1,0,0
1,0,0,1,0,6,0,6,0.0,0.0,1.0,1,0,1,28,3,1,1,0.55625,0.4941860465116279,1,1,1,3,1,0,1.25,3,1,0
1,0,0,1,0,5,0,7,0.0,0.0,1.4,1,0,1,23,1,1,1,0.36666666666666664,0.8653846153846154,0,4,1,1,2,2,1.5,1,1,0
1,0,0,1,0,6,4,11,10.75,0.6666666666666666,1.8333333333333333,0,0,1,20,0,1,1,0.2802021129995407,0.3400673400673401,0,1,3,1,0,2,1.5,0,0,0
1,0,0,1,0,5,5,7,12.6,1.0,1.4,0,0,1,18,0,1,1,0.55625,0.8653846153846154,0,2,3,4,1,2,2.5,0,0,0
0,1,0,3,1,5,0,5,0.0,0.0,1.0,1,0,1,28,3,1,1,0.55625,0.4944649446494465,1,2,1,1,1,1,1.0,3,3,1
1,0,0,1,0,7,2,7,12.0,0.2857142857142857,1.0,0,0,1,21,1,1,1,0.55625,0.2786885245901639,1,1,3,2,1,1,1.75,1,0,0
0,1,0,3,1,6,3,7,14.0,0.5,1.1666666666666667,0,0,1,25,2,1,1,0.55625,0.4337899543378995,0,1,1,2,1,1,1.25,2,0,0
0,0,0,2,0,6,6,6,14.0,1.0,1.0,0,0,1,19,0,1,1,0.55625,0.3423076923076923,1,1,3,3,1,2,2.25,0,0,0
1,0,1,0,0,7,7,7,14.682857142857143,1.0,1.0,0,0,1,18,0,1,1,0.2802021129995407,0.17717717717717718,0,4,3,3,2,0,2.0,0,0,0
1,0,0,1,0,3,0,3,0.0,0.0,1.0,1,0,1,29,3,1,1,0.55625,0.8653846153846154,2,1,3,1,0,0,1.0,3,1,0
1,0,1,0,0,5,0,6,0.0,0.0,1.2,1,0,1,29,3,1,1,0.55625,0.8653846153846154,1,1,1,1,2,1,1.25,3,0,0
1,0,0,1,0,6,6,7,13.857142857142858,1.0,1.1666666666666667,0,0,1,20,0,1,1,0.55625,0.45714285714285713,0,1,1,2,2,1,1.5,0,0,0
1,0,0,1,0,0,0,0,0.0,0.0,0.0,1,1,1,18,0,1,1,0.2802021129995407,0.4606741573033708,0,1,1,3,1,1,1.5,0,1,0
1,0,0,1,0,6,6,8,13.142857142857142,1.0,1.3333333333333333,0,0,1,20,0,1,1,0.2802021129995407,0.45714285714285713,0,1,3,3,2,2,2.5,0,0,0
1,0,0,1,0,5,1,14,18.0,0.2,2.8,0,0,1,33,3,2,1,0.55625,0.8653846153846154,0,1,3,1,0,0,1.0,3,0,0
1,0,0,1,0,15,13,15,11.461538461538462,0.8666666666666667,1.0,0,0,1,30,3,1,0,0.55625,0.6355140186915887,0,1,1,2,1,1,1.25,3,0,0
1,1,0,2,0,6,5,6,15.0,0.8333333333333334,1.0,0,0,1,18,0,1,1,0.2802021129995407,0.4941860465116279,0,1,3,2,2,2,2.25,0,0,0
1,0,1,0,0,7,7,9,14.244444444444444,1.0,1.2857142857142858,0,0,1,19,0,1,1,0.2802021129995407,0.17717717717717718,0,1,1,1,1,1,1.0,0,0,0
1,0,1,0,0,6,4,8,11.5,0.6666666666666666,1.3333333333333333,0,0,1,21,1,1,1,0.2802021129995407,0.2786885245901639,0,1,1,2,1,1,1.25,1,0,0
1,0,1,0,0,7,2,7,10.0,0.2857142857142857,1.0,0,0,1,25,2,1,1,0.55625,0.4782608695652174,0,2,1,2,2,1,1.5,2,0,0
1,0,0,1,0,5,3,7,12.333333333333334,0.6,1.4,0,0,1,19,0,1,1,0.2802021129995407,0.4337899543378995,0,2,1,2,1,0,1.0,0,0,0
1,0,0,1,0,7,5,8,12.2,0.7142857142857143,1.1428571428571428,0,0,1,23,1,1,1,0.55625,0.2786885245901639,1,1,1,3,1,2,1.75,1,0,0
1,0,1,0,0,6,6,6,13.666666666666666,1.0,1.0,0,0,1,19,0,1,1,0.2802021129995407,0.2786885245901639,0,2,1,1,1,1,1.0,0,0,0
1,0,0,1,0,0,0,0,0.0,0.0,0.0,1,1,1,19,0,1,1,0.2802021129995407,0.4606741573033708,0,1,4,4,1,1,2.5,0,1,0
0,1,0,3,1,6,1,15,11.0,0.16666666666666666,2.5,0,0,1,31,3,1,1,0.55625,0.4941860465116279,0,1,1,1,1,2,1.25,3,0,0
0,1,0,3,1,6,3,8,13.0,0.5,1.3333333333333333,0,0,1,32,3,1,1,0.55625,0.4941860465116279,0,1,1,1,2,1,1.25,3,0,0
1,0,1,0,0,8,7,12,12.599999999999998,0.875,1.5,0,0,0,19,0,1,1,0.2802021129995407,0.17717717717717718,0,2,4,1,2,1,2.0,0,0,0
1,0,0,1,0,10,10,11,12.2,1.0,1.1,0,0,0,34,3,1,1,0.55625,0.3400673400673401,2,1,3,1,0,0,1.0,0,0,0
1,0,0,1,0,6,6,6,13.166666666666666,1.0,1.0,0,0,0,21,1,1,1,0.2802021129995407,0.3400673400673401,0,5,1,1,0,0,0.5,0,0,0
1,0,1,0,0,7,6,16,11.0,0.8571428571428571,2.2857142857142856,0,0,0,53,4,1,1,0.55625,0.20967741935483872,0,2,1,1,1,1,1.0,0,0,0
1,0,1,0,0,7,7,7,14.014285714285714,1.0,1.0,0,0,0,19,0,1,1,0.2802021129995407,0.17717717717717718,0,1,1,2,2,1,1.5,0,0,0
1,0,1,0,0,6,4,9,13.0,0.6666666666666666,1.5,0,0,0,20,0,1,1,0.2802021129995407,0.3400673400673401,0,3,1,1,1,1,1.0,0,0,0
1,0,0,1,0,6,6,6,14.0,1.0,1.0,0,0,0,18,0,1,1,0.2802021129995407,0.3400673400673401,0,2,3,2,1,1,1.75,0,0,0
0,0,0,2,0,0,0,0,0.0,0.0,0.0,1,1,0,32,3,1,1,0.55625,0.4606741573033708,0,1,1,1,2,2,1.5,0,2,1
1,0,1,0,0,8,7,8,14.428571428571429,0.875,1.0,0,0,0,21,1,1,1,0.55625,0.17717717717717718,0,1,1,1,1,1,1.0,0,0,0
0,0,0,2,0,5,0,9,0.0,0.0,1.8,1,0,0,26,2,1,0,0.6412213740458015,0.36597938144329895,2,1,1,1,1,2,1.25,0,2,1
1,0,0,1,0,18,18,45,11.833333333333334,1.0,2.5,0,0,0,26,2,1,1,0.55625,0.3423076923076923,1,1,3,3,2,1,2.25,0,0,0
0,0,0,2,0,5,3,12,11.333333333333334,0.6,2.4,0,0,0,21,1,2,0,0.55625,0.6355140186915887,1,1,3,1,2,1,1.75,0,0,0
1,0,0,1,0,6,6,9,12.5,1.0,1.5,0,0,0,18,0,1,1,0.2802021129995407,0.3400673400673401,0,1,1,1,1,1,1.0,0,0,0
1,0,1,0,0,12,12,12,13.333333333333334,1.0,1.0,0,0,0,21,1,1,1,0.55625,0.2786885245901639,1,1,1,1,1,1,1.0,0,0,0
1,0,1,0,0,6,6,6,13.0,1.0,1.0,0,0,0,19,0,1,1,0.2802021129995407,0.4337899543378995,0,1,1,2,1,1,1.25,0,0,0
1,0,0,1,0,5,2,7,10.0,0.4,1.4,0,0,0,19,0,1,1,0.2802021129995407,0.4944649446494465,0,1,1,2,1,1,1.25,0,0,0
1,0,1,0,0,6,6,8,11.428571428571429,1.0,1.3333333333333333,0,0,0,19,0,1,1,0.55625,0.20967741935483872,0,2,1,1,1,1,1.0,0,0,0
1,0,0,1,0,8,8,8,12.8875,1.0,1.0,0,0,0,27,2,1,1,0.6412213740458015,0.17717717717717718,2,1,1,1,1,1,1.0,0,0,0
1,0,1,0,0,7,6,7,12.95,0.8571428571428571,1.0,0,0,0,18,0,1,1,0.2802021129995407,0.17717717717717718,0,2,1,3,1,2,1.75,0,0,0
1,0,0,1,0,5,1,12,10.0,0.2,2.4,0,0,0,20,0,1,1,0.2802021129995407,0.4944649446494465,0,2,1,2,1,1,1.25,0,0,0
1,0,1,0,0,7,7,7,13.094285714285714,1.0,1.0,0,0,0,19,0,1,1,0.2802021129995407,0.17717717717717718,0,3,3,3,1,1,2.0,0,0,0
1,0,0,1,0,6,0,7,0.0,0.0,1.1666666666666667,1,0,0,20,0,1,1,0.2802021129995407,0.4337899543378995,0,4,3,3,1,1,2.0,0,1,0
1,0,1,0,0,6,5,12,11.714285714285714,0.8333333333333334,2.0,0,0,0,19,0,1,1,0.2802021129995407,0.20967741935483872,0,2,1,1,1,2,1.25,0,0,0
1,0,0,1,0,0,0,0,0.0,0.0,0.0,1,1,0,20,0,1,1,0.2802021129995407,0.4606741573033708,0,1,1,2,1,0,1.0,0,1,0
1,0,0,1,0,6,6,6,13.166666666666666,1.0,1.0,0,0,0,18,0,1,1,0.2802021129995407,0.5985915492957746,0,1,1,1,1,1,1.0,0,0,0
1,0,0,1,0,5,4,7,12.75,0.8,1.4,0,0,0,20,0,1,1,0.2802021129995407,0.3423076923076923,0,1,1,3,1,2,1.75,0,0,0
0,0,0,2,0,5,5,6,10.6,1.0,1.2,0,0,0,38,4,2,0,0.55625,0.6355140186915887,0,1,1,1,1,1,1.0,0,0,0
1,0,0,1,0,6,5,8,11.2,0.8333333333333334,1.3333333333333333,0,0,0,42,4,3,0,0.55625,0.36597938144329895,0,1,1,1,1,1,1.0,0,0,0
1,0,0,1,0,7,0,0,0.0,0.0,0.0,1,1,0,32,3,1,1,0.55625,0.17717717717717718,0,1,1,1,1,2,1.25,0,1,0
1,0,0,1,0,6,6,6,13.0,1.0,1.0,0,0,0,22,1,1,1,0.36666666666666664,0.3400673400673401,0,1,1,2,2,1,1.5,0,0,0
1,0,0,1,0,5,0,10,0.0,0.0,2.0,1,0,0,28,3,2,0,0.55625,0.6355140186915887,0,1,3,1,0,0,1.0,0,1,0
1,0,0,1,0,6,0,0,0.0,0.0,0.0,1,1,0,37,4,2,0,0.55625,0.36597938144329895,2,1,1,1,1,0,0.75,0,1,0
1,0,0,1,0,6,6,8,14.166666666666666,1.0,1.3333333333333333,0,0,0,43,4,2,1,0.55625,0.4941860465116279,1,1,1,1,1,2,1.25,0,0,0
1,0,1,0,0,6,5,10,12.833333333333334,0.8333333333333334,1.6666666666666667,0,0,0,41,4,3,0,0.55625,0.36597938144329895,0,1,1,3,1,1,1.5,0,0,0
1,0,1,0,0,6,4,11,11.75,0.6666666666666666,1.8333333333333333,0,0,0,29,3,3,0,0.55625,0.36597938144329895,1,1,1,1,1,2,1.25,0,0,0
1,0,1,0,0,6,6,8,10.833333333333334,1.0,1.3333333333333333,0,0,0,35,3,1,0,0.55625,0.36597938144329895,0,1,1,1,1,1,1.0,0,0,0
1,0,0,1,0,6,4,8,11.75,0.6666666666666666,1.3333333333333333,0,0,0,18,0,1,1,0.2802021129995407,0.20967741935483872,0,5,3,4,2,1,2.5,0,0,0
0,0,1,1,0,7,3,14,11.5,0.42857142857142855,2.0,0,0,0,39,4,1,1,0.55625,0.17717717717717718,1,1,1,1,1,2,1.25,0,0,0
1,0,1,0,0,7,6,7,13.7,0.8571428571428571,1.0,0,0,0,26,2,1,1,0.55625,0.17717717717717718,0,1,1,1,1,1,1.0,0,0,0
1,0,0,1,0,5,1,8,14.0,0.2,1.6,0,0,0,32,3,1,1,0.6412213740458015,0.3423076923076923,2,1,1,3,2,0,1.5,0,0,0
1,0,0,1,0,6,0,10,0.0,0.0,1.6666666666666667,1,0,0,19,0,1,1,0.2802021129995407,0.20967741935483872,0,1,1,1,0,0,0.5,0,1,0
1,0,1,0,0,7,6,10,13.0,0.8571428571428571,1.4285714285714286,0,0,0,19,0,1,1,0.2802021129995407,0.5985915492957746,0,1,1,1,1,1,1.0,0,0,0
1,0,0,1,0,11,8,15,13.6,0.7272727272727273,1.3636363636363635,0,0,0,32,3,2,1,0.6412213740458015,0.4337899543378995,2,1,1,1,1,1,1.0,0,0,0
1,0,0,1,0,5,3,8,11.0,0.6,1.6,0,0,0,31,3,2,1,0.55625,0.4944649446494465,0,1,1,1,1,1,1.0,0,0,0
1,0,0,1,0,12,12,12,13.25,1.0,1.0,0,0,0,20,0,1,1,0.2802021129995407,0.4606741573033708,0,3,3,3,2,2,2.5,0,0,0
1,0,0,1,0,7,1,15,10.75,0.14285714285714285,2.142857142857143,0,0,0,28,3,1,1,0.55625,0.17717717717717718,1,1,1,1,1,1,1.0,0,0,0
0,0,0,2,0,6,5,8,11.4,0.8333333333333334,1.3333333333333333,0,0,0,31,3,3,0,0.55625,0.36597938144329895,1,1,1,1,0,1,0.75,0,0,0
1,0,0,1,0,6,6,6,13.0,1.0,1.0,0,0,0,19,0,1,1,0.2802021129995407,0.3400673400673401,0,3,1,2,1,1,1.25,0,0,0
1,0,1,0,0,6,6,8,14.0,1.0,1.3333333333333333,0,0,0,19,0,1,1,0.2802021129995407,0.20967741935483872,0,1,1,2,1,2,1.5,0,0,0
1,0,0,1,0,6,0,0,0.0,0.0,0.0,1,1,0,34,3,1,1,0.6412213740458015,0.3423076923076923,2,1,3,2,1,0,1.5,0,1,0
1,0,1,0,0,7,7,7,15.285714285714286,1.0,1.0,0,0,0,18,0,1,1,0.2802021129995407,0.4782608695652174,0,1,1,1,1,1,1.0,0,0,0
1,0,0,1,0,6,6,6,13.166666666666666,1.0,1.0,0,0,0,18,0,1,1,0.2802021129995407,0.45714285714285713,0,2,1,1,1,1,1.0,0,0,0
1,1,0,2,0,5,5,7,13.6,1.0,1.4,0,0,1,19,0,1,1,0.2802021129995407,0.4944649446494465,0,1,4,2,2,2,2.5,0,0,0
0,0,1,1,0,4,0,8,0.0,0.0,2.0,1,0,1,22,1,1,1,0.2802021129995407,0.3400673400673401,0,2,4,4,0,1,2.25,1,1,1
1,0,0,1,0,10,10,12,11.4,1.0,1.2,0,0,1,32,3,2,1,0.55625,0.4337899543378995,0,1,3,1,0,0,1.0,3,0,0
1,0,0,1,0,5,0,0,0.0,0.0,0.0,1,1,1,61,4,1,1,0.55625,0.4944649446494465,0,1,1,4,1,1,1.75,4,1,0
1,0,0,1,0,5,5,7,11.0,1.0,1.4,0,0,1,30,3,1,0,0.55625,0.6355140186915887,0,1,1,1,1,1,1.0,3,0,0
0,1,0,3,1,5,0,9,0.0,0.0,1.8,1,0,1,45,4,2,0,0.55625,0.6355140186915887,0,1,1,1,1,1,1.0,4,3,1
1,0,0,1,0,6,6,7,13.571428571428571,1.0,1.1666666666666667,0,0,1,20,0,1,1,0.55625,0.4941860465116279,1,1,3,2,2,1,2.0,0,0,0
1,0,0,1,0,7,0,0,0.0,0.0,0.0,1,1,0,19,0,1,1,0.55625,0.17717717717717718,0,5,1,3,1,0,1.25,0,1,0
1,0,0,1,0,10,4,14,11.25,0.4,1.4,0,0,1,26,2,1,1,0.55625,0.8653846153846154,0,1,4,3,1,1,2.25,2,0,0
1,0,0,1,0,5,3,6,13.333333333333334,0.6,1.2,0,0,1,19,0,1,1,0.2802021129995407,0.4337899543378995,0,4,3,3,2,0,2.0,0,0,0
1,0,1,0,0,6,6,6,12.0,1.0,1.0,0,0,1,19,0,1,1,0.2802021129995407,0.3400673400673401,0,1,1,1,1,1,1.0,0,0,0
1,0,0,1,0,6,6,6,12.5,1.0,1.0,0,0,1,19,0,1,1,0.2802021129995407,0.3400673400673401,0,3,1,3,1,2,1.75,0,0,0
1,0,1,0,0,5,5,6,13.2,1.0,1.2,0,0,1,19,0,1,1,0.2802021129995407,0.4944649446494465,0,1,3,2,1,1,1.75,0,0,0
0,0,0,2,0,5,0,5,0.0,0.0,1.0,1,0,1,19,0,1,1,0.2802021129995407,0.4337899543378995,0,3,1,3,0,0,1.0,0,2,1
0,0,0,2,0,5,3,7,11.666666666666666,0.6,1.4,0,0,1,28,3,1,1,0.55625,0.4337899543378995,0,1,3,1,0,0,1.0,3,0,0
1,0,0,1,0,15,15,16,13.466666666666669,1.0,1.0666666666666667,0,0,1,24,2,1,1,0.55625,0.4944649446494465,0,1,1,1,1,1,1.0,2,0,0
1,0,0,1,0,5,3,7,13.666666666666666,0.6,1.4,0,0,1,18,0,1,1,0.2802021129995407,0.65,0,1,4,3,1,2,2.5,0,0,0
1,0,1,0,0,6,6,7,11.666666666666666,1.0,1.1666666666666667,0,0,1,18,0,1,1,0.2802021129995407,0.3400673400673401,0,1,3,4,2,1,2.5,0,0,0
1,0,0,1,0,6,5,9,13.4,0.8333333333333334,1.5,0,0,1,21,1,1,1,0.55625,0.4941860465116279,1,1,4,3,1,1,2.25,1,0,0
0,0,0,2,0,5,0,5,0.0,0.0,1.0,1,0,1,28,3,2,0,0.55625,0.6355140186915887,0,1,1,1,1,1,1.0,3,2,1
1,0,0,1,0,6,0,9,0.0,0.0,1.5,1,0,1,58,4,1,1,0.55625,0.4941860465116279,1,1,1,2,1,0,1.0,4,1,0
0,0,0,2,0,5,0,5,0.0,0.0,1.0,1,0,1,49,4,2,0,0.55625,0.6355140186915887,0,1,3,1,0,0,1.0,4,2,1
1,0,0,1,0,5,4,5,13.75,0.8,1.0,0,0,1,25,2,1,1,0.55625,0.4337899543378995,0,1,3,1,0,0,1.0,2,0,0
1,0,0,1,0,5,1,5,10.0,0.2,1.0,0,0,1,33,3,3,1,0.55625,0.4944649446494465,0,1,1,1,1,2,1.25,3,0,0
0,0,0,2,0,5,0,11,0.0,0.0,2.2,1,0,1,33,3,2,1,0.55625,0.8653846153846154,1,2,1,1,1,1,1.0,3,2,1
1,0,0,1,0,2,1,4,16.0,0.5,2.0,0,0,1,40,4,2,1,0.55625,0.5985915492957746,0,1,1,1,1,1,1.0,4,0,0
1,0,0,1,0,5,5,9,12.285714285714286,1.0,1.8,0,0,1,48,4,2,0,0.55625,0.6355140186915887,0,1,1,2,1,2,1.5,4,0,0
1,0,0,1,0,7,6,7,12.666666666666666,0.8571428571428571,1.0,0,0,1,24,2,1,1,0.55625,0.17717717717717718,1,1,1,1,1,1,1.0,2,0,0
1,0,1,0,0,5,5,6,11.8,1.0,1.2,0,0,1,23,1,2,1,0.2802021129995407,0.3423076923076923,0,1,1,2,2,2,1.75,1,0,0
0,1,0,3,1,5,5,6,10.6,1.0,1.2,0,0,1,39,4,1,0,0.55625,0.6355140186915887,1,1,1,1,1,1,1.0,4,0,0
1,0,0,1,0,11,9,16,11.9,0.8181818181818182,1.4545454545454546,0,0,1,21,1,1,1,0.55625,0.4941860465116279,0,1,3,1,1,2,1.75,1,0,0
1,0,0,1,0,6,4,8,11.25,0.6666666666666666,1.3333333333333333,0,0,1,34,3,1,1,0.55625,0.8653846153846154,2,1,1,2,2,2,1.75,3,0,0
1,0,0,1,0,6,6,6,12.0,1.0,1.0,0,0,1,18,0,1,1,0.2802021129995407,0.3400673400673401,0,1,3,1,2,1,1.75,0,0,0
1,0,0,1,0,5,2,8,10.0,0.4,1.6,0,0,1,19,0,1,1,0.2802021129995407,0.4944649446494465,0,1,3,3,1,0,1.75,0,0,0
1,0,0,1,0,8,7,8,13.714285714285714,0.875,1.0,0,0,1,19,0,1,1,0.2802021129995407,0.17717717717717718,0,1,1,2,2,2,1.75,0,0,0
1,0,0,1,0,6,6,14,14.875,1.0,2.3333333333333335,0,0,1,28,3,1,1,0.6412213740458015,0.4941860465116279,2,1,3,3,2,2,2.5,3,0,0
1,0,0,1,0,6,5,7,10.8,0.8333333333333334,1.1666666666666667,0,0,1,18,0,1,1,0.2802021129995407,0.2786885245901639,0,1,3,3,1,0,1.75,0,0,0
1,0,0,1,0,6,3,11,12.0,0.5,1.8333333333333333,0,0,1,19,0,1,1,0.2802021129995407,0.20967741935483872,0,1,4,4,2,2,3.0,0,0,0
0,1,0,3,1,6,5,10,12.5,0.8333333333333334,1.6666666666666667,0,0,1,19,0,1,1,0.2802021129995407,0.3423076923076923,0,2,1,1,1,1,1.0,0,0,0
1,0,0,1,0,7,7,7,14.728571428571428,1.0,1.0,0,0,0,18,0,1,1,0.2802021129995407,0.17717717717717718,0,1,3,4,1,1,2.25,0,0,0
1,0,0,1,0,6,6,8,12.0,1.0,1.3333333333333333,0,0,0,18,0,1,1,0.2802021129995407,0.65,0,1,4,4,1,1,2.5,0,0,0
1,0,0,1,0,6,6,8,11.428571428571429,1.0,1.3333333333333333,0,0,0,18,0,1,1,0.2802021129995407,0.3400673400673401,0,1,3,4,2,2,2.75,0,0,0
1,0,0,1,0,6,6,6,14.166666666666666,1.0,1.0,0,0,0,19,0,1,1,0.55625,0.20967741935483872,1,2,4,2,2,1,2.25,0,0,0
1,0,0,1,0,6,5,12,12.5,0.8333333333333334,2.0,0,0,0,31,3,2,1,0.6412213740458015,0.20967741935483872,2,1,1,1,2,2,1.5,0,0,0
1,0,1,0,0,6,6,6,14.166666666666666,1.0,1.0,0,0,0,33,3,1,0,0.55625,0.36597938144329895,0,1,1,1,1,1,1.0,0,0,0
1,0,0,1,0,6,6,8,12.666666666666666,1.0,1.3333333333333333,0,0,0,19,0,1,1,0.2802021129995407,0.45714285714285713,0,1,3,2,2,2,2.25,0,0,0
1,0,0,1,0,6,6,6,12.5,1.0,1.0,0,0,0,18,0,1,1,0.2802021129995407,0.2786885245901639,0,3,3,1,0,0,1.0,0,0,0
1,0,0,1,0,6,0,0,0.0,0.0,0.0,1,1,0,18,0,1,1,0.2802021129995407,0.2786885245901639,0,3,1,3,1,1,1.5,0,1,0
0,0,0,2,0,6,0,0,0.0,0.0,0.0,1,1,0,18,0,1,1,0.2802021129995407,0.4337899543378995,0,5,1,1,1,1,1.0,0,2,1
1,0,0,1,0,0,0,0,0.0,0.0,0.0,1,1,0,18,0,1,1,0.2802021129995407,0.4606741573033708,0,1,4,4,1,1,2.5,0,1,0
1,0,1,0,0,5,5,8,11.2,1.0,1.6,0,0,0,19,0,1,1,0.2802021129995407,0.4944649446494465,0,2,1,2,1,1,1.25,0,0,0
1,0,0,1,0,6,6,6,16.5,1.0,1.0,0,0,0,18,0,1,1,0.2802021129995407,0.20967741935483872,0,2,3,4,2,2,2.75,0,0,0
1,0,0,1,0,5,3,9,13.666666666666666,0.6,1.8,0,0,0,18,0,1,1,0.2802021129995407,0.3423076923076923,0,1,4,2,1,1,2.0,0,0,0
1,0,1,0,0,8,7,8,15.228571428571428,0.875,1.0,0,0,0,18,0,1,1,0.2802021129995407,0.17717717717717718,0,5,1,1,1,2,1.25,0,0,0
1,0,0,1,0,9,9,10,12.77777777777778,1.0,1.1111111111111112,0,0,0,21,1,1,1,0.2802021129995407,0.20967741935483872,1,1,1,1,1,0,0.75,0,0,0
1,0,1,0,0,8,7,8,14.428571428571429,0.875,1.0,0,0,0,18,0,1,1,0.2802021129995407,0.17717717717717718,0,1,1,1,1,1,1.0,0,0,0
1,0,0,1,0,6,6,8,13.875,1.0,1.3333333333333333,0,0,0,18,0,1,1,0.2802021129995407,0.4337899543378995,0,3,3,1,2,2,2.0,0,0,0
1,0,0,1,0,7,7,10,13.128,1.0,1.4285714285714286,0,0,0,18,0,1,1,0.2802021129995407,0.17717717717717718,0,2,1,2,1,0,1.0,0,0,0
1,0,0,1,0,7,6,9,11.605,0.8571428571428571,1.2857142857142858,0,0,0,20,0,1,1,0.2802021129995407,0.17717717717717718,0,1,1,3,2,2,2.0,0,0,0
1,0,1,0,0,5,5,5,14.6,1.0,1.0,0,0,0,18,0,1,1,0.2802021129995407,0.4944649446494465,0,1,3,1,2,1,1.75,0,0,0
1,0,0,1,0,6,0,0,0.0,0.0,0.0,1,1,0,18,0,1,1,0.2802021129995407,0.3400673400673401,0,2,1,3,2,1,1.75,0,1,0
1,0,1,0,0,5,5,6,11.8,1.0,1.2,0,0,0,20,0,1,1,0.55625,0.4944649446494465,0,2,1,1,2,2,1.5,0,0,0
1,0,0,1,0,6,6,6,12.333333333333334,1.0,1.0,0,0,0,20,0,1,1,0.2802021129995407,0.45714285714285713,0,1,1,2,1,1,1.25,0,0,0
1,1,1,1,0,5,4,5,11.0,0.8,1.0,0,0,0,19,0,1,1,0.2802021129995407,0.4944649446494465,0,1,1,3,1,1,1.5,0,0,0
1,0,1,0,0,11,11,11,13.181818181818182,1.0,1.0,0,0,0,19,0,1,1,0.55625,0.2786885245901639,0,1,4,3,2,1,2.5,0,0,0
0,1,1,2,1,6,1,6,11.0,0.16666666666666666,1.0,0,0,0,18,0,1,1,0.2802021129995407,0.4337899543378995,0,4,1,1,1,0,0.75,0,0,0
1,1,1,1,0,6,6,6,11.833333333333334,1.0,1.0,0,0,0,19,0,1,1,0.2802021129995407,0.3400673400673401,0,3,3,3,2,1,2.25,0,0,0
1,0,1,0,0,8,8,8,12.98125,1.0,1.0,0,0,0,20,0,1,1,0.2802021129995407,0.17717717717717718,0,2,3,1,2,1,1.75,0,0,0
1,0,0,1,0,7,6,10,11.333333333333334,0.8571428571428571,1.4285714285714286,0,0,0,21,1,1,1,0.55625,0.4944649446494465,1,1,1,3,2,1,1.75,0,0,0
1,0,0,1,0,8,6,12,11.68,0.75,1.5,0,0,0,21,1,1,1,0.55625,0.17717717717717718,0,2,2,4,1,1,2.0,0,0,0
1,0,0,1,0,6,6,6,14.5,1.0,1.0,0,0,0,20,0,1,1,0.2802021129995407,0.2786885245901639,0,1,1,1,1,1,1.0,0,0,0
1,0,0,1,0,7,7,7,13.142857142857142,1.0,1.0,0,0,0,19,0,1,1,0.55625,0.5985915492957746,0,2,1,1,2,2,1.5,0,0,0
0,0,0,2,0,5,2,8,11.5,0.4,1.6,0,0,0,21,1,1,1,0.2802021129995407,0.3423076923076923,0,3,3,2,2,0,1.75,0,0,0
1,0,0,1,0,5,5,6,14.2,1.0,1.2,0,0,0,18,0,1,1,0.2802021129995407,0.3423076923076923,0,1,3,2,2,0,1.75,0,0,0
1,0,1,0,0,6,5,8,11.666666666666666,0.8333333333333334,1.3333333333333333,0,0,0,19,0,1,1,0.2802021129995407,0.45714285714285713,0,5,1,1,1,1,1.0,0,0,0
1,0,0,1,0,7,7,8,13.175,1.0,1.1428571428571428,0,0,0,18,0,1,1,0.2802021129995407,0.17717717717717718,0,2,1,2,1,2,1.5,0,0,0
1,0,1,0,0,8,7,8,13.314285714285717,0.875,1.0,0,0,0,19,0,1,1,0.2802021129995407,0.17717717717717718,0,4,3,3,1,1,2.0,0,0,0
1,0,1,0,0,5,3,13,10.6,0.6,2.6,0,0,0,18,0,1,1,0.2802021129995407,0.4944649446494465,0,2,3,2,2,2,2.25,0,0,0
1,0,0,1,0,6,6,7,13.428571428571429,1.0,1.1666666666666667,0,0,0,18,0,1,1,0.2802021129995407,0.3400673400673401,0,1,1,1,1,1,1.0,0,0,0
1,0,1,0,0,5,4,7,13.25,0.8,1.4,0,0,0,18,0,1,1,0.2802021129995407,0.3423076923076923,0,1,3,1,1,1,1.5,0,0,0
1,0,0,1,0,6,2,6,13.0,0.3333333333333333,1.0,0,0,0,18,0,1,1,0.2802021129995407,0.2786885245901639,0,1,1,2,1,1,1.25,0,0,0
1,0,0,1,0,6,0,0,0.0,0.0,0.0,1,1,0,18,0,1,1,0.2802021129995407,0.20967741935483872,0,1,3,1,1,1,1.5,0,1,0
1,0,0,1,0,6,6,6,14.0,1.0,1.0,0,0,0,18,0,1,1,0.2802021129995407,0.20967741935483872,0,1,3,4,2,1,2.5,0,0,0
1,0,1,0,0,2,2,2,12.0,1.0,1.0,0,0,0,20,0,1,1,0.55625,0.3423076923076923,0,1,3,1,2,1,1.75,0,0,0
1,0,0,1,0,6,5,8,11.8,0.8333333333333334,1.3333333333333333,0,0,0,18,0,1,1,0.2802021129995407,0.2786885245901639,0,4,3,2,2,1,2.0,0,0,0
1,0,1,0,0,8,7,8,12.791428571428572,0.875,1.0,0,0,0,20,0,1,1,0.55625,0.17717717717717718,0,5,1,1,1,1,1.0,0,0,0
1,0,0,1,0,8,8,8,11.625,1.0,1.0,0,0,0,40,4,3,1,0.55625,0.4337899543378995,0,1,1,1,1,2,1.25,0,0,0
1,0,1,0,0,7,6,11,11.994444444444444,0.8571428571428571,1.5714285714285714,0,0,0,18,0,1,1,0.2802021129995407,0.17717717717717718,0,5,1,1,1,1,1.0,0,0,0
1,0,0,1,0,6,5,9,11.6,0.8333333333333334,1.5,0,0,0,19,0,1,1,0.2802021129995407,0.45714285714285713,0,5,1,2,2,1,1.5,0,0,0
1,0,0,1,0,5,0,5,0.0,0.0,1.0,1,0,0,24,2,1,0,0.6412213740458015,0.6355140186915887,1,1,3,2,2,1,2.0,0,1,0
1,0,0,1,0,6,6,8,13.166666666666666,1.0,1.3333333333333333,0,0,0,19,0,1,1,0.2802021129995407,0.3400673400673401,0,3,4,1,1,0,1.5,0,0,0
1,0,0,1,0,8,7,8,14.1,0.875,1.0,0,0,0,19,0,1,1,0.2802021129995407,0.17717717717717718,0,5,4,3,2,2,2.75,0,0,0
1,0,1,0,0,7,6,8,12.396666666666668,0.8571428571428571,1.1428571428571428,0,0,0,20,0,1,1,0.2802021129995407,0.17717717717717718,0,1,3,2,1,2,2.0,0,0,0
1,0,0,1,0,7,7,7,15.014285714285714,1.0,1.0,0,0,0,18,0,1,1,0.2802021129995407,0.17717717717717718,0,1,1,1,1,1,1.0,0,0,0
1,0,1,0,0,0,0,0,0.0,0.0,0.0,1,1,0,18,0,1,1,0.2802021129995407,0.4606741573033708,0,1,3,1,2,1,1.75,0,0,0
1,0,0,1,0,7,7,8,14.05,1.0,1.1428571428571428,0,0,0,19,0,1,1,0.2802021129995407,0.17717717717717718,0,2,1,1,2,1,1.25,0,0,0
1,0,0,1,0,7,7,8,14.85,1.0,1.1428571428571428,0,0,0,18,0,1,1,0.2802021129995407,0.17717717717717718,0,3,4,4,2,1,2.75,0,0,0
1,0,0,1,0,6,6,10,13.0,1.0,1.6666666666666667,0,0,0,19,0,1,1,0.55625,0.3423076923076923,1,1,4,4,1,1,2.5,0,0,0
1,0,1,0,0,7,7,8,14.7875,1.0,1.1428571428571428,0,0,0,19,0,1,1,0.2802021129995407,0.17717717717717718,0,2,1,1,1,1,1.0,0,0,0
1,0,1,0,0,7,7,7,13.7,1.0,1.0,0,0,0,19,0,1,1,0.2802021129995407,0.17717717717717718,0,1,1,2,1,1,1.25,0,0,0
1,0,1,0,0,7,7,7,12.495714285714286,1.0,1.0,0,0,0,19,0,1,1,0.2802021129995407,0.17717717717717718,0,2,3,1,2,2,2.0,0,0,0
1,0,0,1,0,7,6,7,14.566666666666668,0.8571428571428571,1.0,0,0,0,19,0,1,1,0.2802021129995407,0.17717717717717718,0,1,3,1,1,1,1.5,0,0,0
0,1,0,3,1,5,5,5,11.2,1.0,1.0,0,0,0,25,2,1,1,0.55625,0.4337899543378995,1,1,3,2,1,1,1.75,0,0,0
1,0,0,1,0,8,7,8,12.685714285714283,0.875,1.0,0,0,0,20,0,1,1,0.2802021129995407,0.17717717717717718,0,1,1,2,2,0,1.25,0,0,0
0,1,0,3,1,9,7,12,13.571428571428571,0.7777777777777778,1.3333333333333333,0,0,0,23,1,1,1,0.2802021129995407,0.20967741935483872,1,1,3,2,1,1,1.75,0,0,0
1,0,0,1,0,6,0,0,0.0,0.0,0.0,1,1,0,20,0,1,1,0.2802021129995407,0.2786885245901639,0,1,1,2,1,1,1.25,0,1,0
1,0,0,1,0,6,5,8,11.0,0.8333333333333334,1.3333333333333333,0,0,0,27,2,1,0,0.55625,0.36597938144329895,0,1,1,3,1,0,1.25,0,0,0
1,0,0,1,0,8,8,8,14.445,1.0,1.0,0,0,0,18,0,1,1,0.2802021129995407,0.17717717717717718,0,1,1,3,2,2,2.0,0,0,0
0,1,0,3,1,12,11,12,14.0,0.9166666666666666,1.0,0,0,0,23,1,1,0,0.6412213740458015,0.36597938144329895,1,1,1,3,1,0,1.25,0,0,0
1,0,1,0,0,7,6,7,13.416666666666666,0.8571428571428571,1.0,0,0,0,19,0,1,1,0.2802021129995407,0.17717717717717718,0,5,1,1,1,2,1.25,0,0,0
1,0,0,1,0,5,5,8,12.333333333333334,1.0,1.6,0,0,0,18,0,1,1,0.2802021129995407,0.4944649446494465,0,1,1,1,2,2,1.5,0,0,0
1,0,0,1,0,7,7,8,13.1,1.0,1.1428571428571428,0,0,0,20,0,1,1,0.55625,0.17717717717717718,0,1,3,2,1,1,1.75,0,0,0
1,0,0,1,0,6,4,9,13.2,0.6666666666666666,1.5,0,0,0,18,0,1,1,0.2802021129995407,0.4337899543378995,0,2,1,2,1,1,1.25,0,0,0
1,0,1,0,0,8,8,8,14.75,1.0,1.0,0,0,0,19,0,1,1,0.2802021129995407,0.17717717717717718,0,1,3,3,2,2,2.5,0,0,0
1,0,1,0,0,6,6,7,13.142857142857142,1.0,1.1666666666666667,0,0,0,19,0,1,1,0.55625,0.20967741935483872,1,1,1,2,1,1,1.25,0,0,0
1,0,0,1,0,5,4,6,13.75,0.8,1.2,0,0,0,18,0,1,1,0.2802021129995407,0.3423076923076923,0,1,4,4,1,0,2.25,0,0,0
1,0,0,1,0,6,5,11,12.4,0.8333333333333334,1.8333333333333333,0,0,0,18,0,1,1,0.2802021129995407,0.20967741935483872,0,1,1,1,1,1,1.0,0,0,0
1,0,0,1,0,6,6,6,13.333333333333334,1.0,1.0,0,0,0,18,0,1,1,0.2802021129995407,0.3400673400673401,0,2,1,2,2,1,1.5,0,0,0
0,0,0,2,0,11,11,11,11.727272727272728,1.0,1.0,0,0,0,28,3,1,1,0.36666666666666664,0.5985915492957746,0,1,1,1,1,1,1.0,0,0,0
1,0,0,1,0,6,4,8,12.5,0.6666666666666666,1.3333333333333333,0,0,0,19,0,1,1,0.2802021129995407,0.45714285714285713,0,1,1,1,1,1,1.0,0,0,0
1,1,0,2,0,0,0,0,0.0,0.0,0.0,1,1,0,20,0,1,1,0.55625,0.4606741573033708,0,1,4,3,1,2,2.5,0,2,0
1,0,1,0,0,7,6,8,13.533333333333331,0.8571428571428571,1.1428571428571428,0,0,0,19,0,1,1,0.2802021129995407,0.17717717717717718,0,2,3,1,2,1,1.75,0,0,0
1,0,1,0,0,6,6,6,13.166666666666666,1.0,1.0,0,0,0,20,0,1,1,0.2802021129995407,0.2786885245901639,0,1,3,2,2,0,1.75,0,0,0
1,0,1,0,0,6,5,9,13.2,0.8333333333333334,1.5,0,0,0,19,0,1,1,0.2802021129995407,0.45714285714285713,0,2,1,2,1,1,1.25,0,0,0
1,0,1,0,0,7,7,7,13.428571428571429,1.0,1.0,0,0,0,19,0,1,1,0.2802021129995407,0.5985915492957746,0,1,3,2,1,2,2.0,0,0,0
1,0,1,0,0,6,6,8,12.714285714285714,1.0,1.3333333333333333,0,0,0,18,0,1,1,0.2802021129995407,0.2786885245901639,0,2,1,3,1,2,1.75,0,0,0
1,0,0,1,0,6,0,0,0.0,0.0,0.0,1,1,0,19,0,1,1,0.2802021129995407,0.65,0,2,4,3,1,1,2.25,0,1,0
1,0,1,0,0,6,6,6,13.666666666666666,1.0,1.0,0,0,0,19,0,1,1,0.2802021129995407,0.4337899543378995,0,1,1,1,1,1,1.0,0,0,0
1,1,0,2,0,6,5,6,11.0,0.8333333333333334,1.0,0,0,0,20,0,1,1,0.2802021129995407,0.3400673400673401,0,1,1,2,0,0,0.75,0,0,0
1,0,0,1,0,5,4,7,12.0,0.8,1.4,0,0,0,18,0,1,1,0.2802021129995407,0.65,0,1,3,3,2,1,2.25,0,0,0
1,0,0,1,0,6,0,6,0.0,0.0,1.0,1,0,0,18,0,1,1,0.2802021129995407,0.3400673400673401,0,3,1,2,1,1,1.25,0,1,0
1,0,0,1,0,6,5,14,11.0,0.8333333333333334,2.3333333333333335,0,0,0,18,0,1,1,0.2802021129995407,0.20967741935483872,0,3,1,1,0,1,0.75,0,0,0
1,0,0,1,0,6,5,12,12.0,0.8333333333333334,2.0,0,0,0,20,0,1,1,0.55625,0.3400673400673401,0,4,1,2,2,2,1.75,0,0,0
1,0,1,0,0,7,7,7,13.308571428571428,1.0,1.0,0,0,0,19,0,1,1,0.2802021129995407,0.17717717717717718,0,3,1,3,1,1,1.5,0,0,0
0,1,0,3,1,6,3,8,13.666666666666666,0.5,1.3333333333333333,0,0,0,21,1,1,1,0.2802021129995407,0.5985915492957746,0,1,1,1,1,1,1.0,0,0,0
0,1,0,3,1,6,0,6,0.0,0.0,1.0,1,0,0,20,0,1,1,0.2802021129995407,0.4337899543378995,2,1,1,4,1,1,1.75,0,3,1
1,0,0,1,0,6,5,10,12.2,0.8333333333333334,1.6666666666666667,0,0,0,18,0,1,1,0.2802021129995407,0.45714285714285713,0,1,1,1,1,1,1.0,0,0,0
1,0,1,0,0,6,6,7,12.666666666666666,1.0,1.1666666666666667,0,0,0,20,0,1,1,0.2802021129995407,0.3400673400673401,0,1,3,4,1,2,2.5,0,0,0
1,0,1,0,0,8,8,8,14.07125,1.0,1.0,0,0,0,19,0,1,1,0.2802021129995407,0.17717717717717718,0,2,1,1,1,1,1.0,0,0,0
1,0,0,1,0,5,4,14,14.25,0.8,2.8,0,0,0,22,1,1,1,0.2802021129995407,0.3423076923076923,2,1,1,2,1,1,1.25,0,0,0
0,0,0,2,0,6,0,0,0.0,0.0,0.0,1,1,0,22,1,1,1,0.2802021129995407,0.65,0,1,1,2,1,1,1.25,0,2,1
1,0,0,1,0,6,2,12,13.0,0.3333333333333333,2.0,0,0,0,19,0,1,1,0.2802021129995407,0.20967741935483872,0,1,1,2,0,1,1.0,0,0,0
1,0,0,1,0,0,0,0,0.0,0.0,0.0,1,1,0,19,0,1,1,0.2802021129995407,0.4606741573033708,0,4,1,1,1,1,1.0,0,1,0
1,0,1,0,0,8,7,8,14.901428571428571,0.875,1.0,0,0,0,20,0,1,1,0.2802021129995407,0.17717717717717718,0,2,3,1,0,0,1.0,0,0,0
1,1,1,1,0,7,7,8,12.65,1.0,1.1428571428571428,0,0,0,18,0,1,1,0.2802021129995407,0.17717717717717718,0,3,1,2,1,1,1.25,0,0,0
0,0,0,2,0,12,7,12,11.0,0.5833333333333334,1.0,0,0,0,22,1,1,0,0.55625,0.6355140186915887,1,1,1,1,1,1,1.0,0,0,0
1,0,0,1,0,5,4,7,12.4,0.8,1.4,0,0,0,20,0,1,1,0.2802021129995407,0.3423076923076923,0,4,1,2,0,1,1.0,0,0,0
1,0,0,1,0,6,6,7,12.0,1.0,1.1666666666666667,0,0,0,19,0,1,1,0.55625,0.4941860465116279,1,1,1,1,2,2,1.5,0,0,0
1,0,1,0,0,7,7,8,12.135714285714286,1.0,1.1428571428571428,0,0,0,19,0,1,1,0.2802021129995407,0.17717717717717718,0,5,3,2,2,1,2.0,0,0,0
1,0,1,0,0,7,6,12,13.766666666666666,0.8571428571428571,1.7142857142857142,0,0,0,19,0,1,1,0.2802021129995407,0.17717717717717718,0,1,1,2,1,1,1.25,0,0,0
1,0,0,1,0,8,8,8,13.11625,1.0,1.0,0,0,0,19,0,1,1,0.55625,0.17717717717717718,0,1,1,1,1,1,1.0,0,0,0
0,0,0,2,0,5,0,5,0.0,0.0,1.0,1,0,0,19,0,1,1,0.2802021129995407,0.2786885245901639,0,1,4,1,1,1,1.75,0,2,1
1,0,0,1,0,7,6,9,12.7,0.8571428571428571,1.2857142857142858,0,0,0,20,0,1,1,0.2802021129995407,0.17717717717717718,0,1,1,2,1,1,1.25,0,0,0
1,0,1,0,0,7,6,7,12.333333333333334,0.8571428571428571,1.0,0,0,0,20,0,1,1,0.2802021129995407,0.17717717717717718,0,1,1,1,1,1,1.0,0,0,0
1,0,0,1,0,5,5,6,13.333333333333334,1.0,1.2,0,0,0,20,0,1,1,0.2802021129995407,0.4337899543378995,0,3,3,3,1,1,2.0,0,0,0
1,0,0,1,0,7,7,9,14.355555555555554,1.0,1.2857142857142858,0,0,0,21,1,1,1,0.55625,0.17717717717717718,0,1,3,2,2,1,2.0,0,0,0
1,1,1,1,0,6,6,8,13.0,1.0,1.3333333333333333,0,0,0,19,0,1,1,0.55625,0.4941860465116279,1,1,1,1,1,1,1.0,0,0,0
1,0,1,0,0,6,6,6,12.833333333333334,1.0,1.0,0,0,0,19,0,1,1,0.2802021129995407,0.3400673400673401,0,1,1,1,1,1,1.0,0,0,0
1,0,1,0,0,5,5,5,13.2,1.0,1.0,0,0,0,21,1,1,1,0.2802021129995407,0.4337899543378995,0,2,1,1,1,1,1.0,0,0,0
1,0,0,1,0,7,7,9,17.005555555555556,1.0,1.2857142857142858,0,0,0,28,3,1,1,0.55625,0.17717717717717718,2,1,4,1,1,0,1.5,0,0,0
0,1,1,2,1,6,5,8,10.6,0.8333333333333334,1.3333333333333333,0,0,0,19,0,1,1,0.2802021129995407,0.20967741935483872,0,1,1,1,1,1,1.0,0,0,0
1,0,1,0,0,5,5,5,14.0,1.0,1.0,0,0,0,18,0,1,1,0.2802021129995407,0.4944649446494465,0,1,1,1,1,2,1.25,0,0,0
1,0,1,0,0,8,7,8,12.114285714285714,0.875,1.0,0,0,0,18,0,3,1,0.2802021129995407,0.17717717717717718,0,5,1,1,1,1,1.0,0,0,0
1,0,1,0,0,8,8,8,13.05875,1.0,1.0,0,0,0,18,0,1,1,0.2802021129995407,0.17717717717717718,0,3,1,1,1,1,1.0,0,0,0
1,0,0,1,0,8,7,8,13.285714285714286,0.875,1.0,0,0,0,22,1,1,1,0.55625,0.17717717717717718,0,1,3,4,1,2,2.5,0,0,0
1,0,1,0,0,7,7,7,14.071428571428571,1.0,1.0,0,0,0,18,0,1,1,0.2802021129995407,0.17717717717717718,0,1,1,3,1,1,1.5,0,0,0
0,0,0,2,0,6,0,0,0.0,0.0,0.0,1,1,0,20,0,1,1,0.2802021129995407,0.45714285714285713,0,1,1,1,1,2,1.25,0,2,1
0,0,0,2,0,9,4,9,11.25,0.4444444444444444,1.0,0,0,0,26,2,1,1,0.55625,0.4606741573033708,1,1,1,1,1,2,1.25,0,0,0
1,0,1,0,0,6,6,6,14.0,1.0,1.0,0,0,0,18,0,1,1,0.2802021129995407,0.2786885245901639,0,3,1,1,1,1,1.0,0,0,0
1,0,1,0,0,6,6,8,12.166666666666666,1.0,1.3333333333333333,0,0,0,21,1,1,1,0.2802021129995407,0.45714285714285713,0,1,3,1,2,1,1.75,0,0,0
1,0,0,1,0,8,7,8,13.297142857142855,0.875,1.0,0,0,0,18,0,1,1,0.2802021129995407,0.17717717717717718,0,4,1,1,2,2,1.5,0,0,0
1,0,0,1,0,6,6,14,13.923076923076923,1.0,2.3333333333333335,0,0,0,20,0,1,1,0.2802021129995407,0.3423076923076923,0,1,1,2,2,2,1.75,0,0,0
1,0,0,1,0,7,7,11,13.37,1.0,1.5714285714285714,0,0,0,18,0,1,1,0.2802021129995407,0.17717717717717718,0,5,1,2,1,2,1.5,0,0,0
1,0,0,1,0,5,4,5,15.0,0.8,1.0,0,0,0,20,0,1,1,0.2802021129995407,0.4337899543378995,0,1,3,3,1,1,2.0,0,0,0
1,1,1,1,0,6,6,6,13.333333333333334,1.0,1.0,0,0,0,18,0,1,1,0.2802021129995407,0.5985915492957746,0,1,1,2,1,1,1.25,0,0,0
1,0,0,1,0,6,5,7,13.4,0.8333333333333334,1.1666666666666667,0,0,0,22,1,1,0,0.2802021129995407,0.36597938144329895,0,2,1,3,0,0,1.0,0,0,0
1,0,0,1,0,5,4,9,11.5,0.8,1.8,0,0,0,21,1,1,0,0.55625,0.6355140186915887,0,1,1,1,1,1,1.0,0,0,0
1,0,0,1,0,8,7,8,13.485714285714284,0.875,1.0,0,0,0,18,0,1,1,0.2802021129995407,0.17717717717717718,0,1,1,2,2,2,1.75,0,0,0
1,0,1,0,0,6,6,6,12.0,1.0,1.0,0,0,0,18,0,1,1,0.2802021129995407,0.2786885245901639,0,1,1,2,2,1,1.5,0,0,0
1,0,0,1,0,0,0,0,0.0,0.0,0.0,1,1,0,19,0,1,1,0.2802021129995407,0.4606741573033708,0,1,1,1,1,1,1.0,0,1,0
1,0,0,1,0,8,7,11,13.258571428571427,0.875,1.375,0,0,0,19,0,1,1,0.2802021129995407,0.17717717717717718,0,3,3,1,1,1,1.5,0,0,0
0,0,0,2,0,6,3,9,11.666666666666666,0.5,1.5,0,0,0,19,0,1,1,0.2802021129995407,0.45714285714285713,0,1,1,1,1,1,1.0,0,0,0
1,0,1,0,0,6,6,7,13.571428571428571,1.0,1.1666666666666667,0,0,0,21,1,1,1,0.2802021129995407,0.45714285714285713,0,4,1,1,1,1,1.0,0,0,0
1,0,1,0,0,6,5,9,11.8,0.8333333333333334,1.5,0,0,0,20,0,1,1,0.2802021129995407,0.3400673400673401,0,2,3,1,1,1,1.5,0,0,0
1,0,1,0,0,5,5,7,14.2,1.0,1.4,0,0,0,20,0,1,1,0.2802021129995407,0.4944649446494465,0,1,1,2,2,1,1.5,0,0,0
1,0,0,1,0,5,5,8,11.0,1.0,1.6,0,0,0,41,4,1,0,0.55625,0.6355140186915887,1,1,1,1,1,1,1.0,0,0,0
1,0,0,1,0,8,7,8,14.652857142857142,0.875,1.0,0,0,0,18,0,1,1,0.2802021129995407,0.17717717717717718,0,3,1,3,1,1,1.5,0,0,0
1,0,1,0,0,6,6,9,11.333333333333334,1.0,1.5,0,0,0,35,3,3,0,0.55625,0.36597938144329895,0,1,1,1,2,2,1.5,0,0,0
0,1,0,3,1,7,4,12,13.7,0.5714285714285714,1.7142857142857142,0,0,0,32,3,1,1,0.55625,0.17717717717717718,0,1,1,1,1,1,1.0,0,0,0
1,0,0,1,0,11,11,11,13.727272727272728,1.0,1.0,0,0,0,37,4,1,0,0.55625,0.36597938144329895,1,1,1,1,1,1,1.0,0,0,0
1,0,0,1,0,7,7,9,11.75,1.0,1.2857142857142858,0,0,0,30,3,2,1,0.55625,0.4944649446494465,2,2,4,1,1,1,1.75,0,0,0
1,0,0,1,0,6,6,9,12.333333333333334,1.0,1.5,0,0,1,23,1,1,1,0.55625,0.3400673400673401,0,2,1,2,0,0,0.75,1,0,0
1,0,1,0,0,6,6,6,14.0,1.0,1.0,0,0,0,20,0,1,1,0.2802021129995407,0.3400673400673401,0,2,4,3,1,1,2.25,0,0,0
1,0,0,1,0,5,4,7,11.5,0.8,1.4,0,0,1,21,1,1,1,0.2802021129995407,0.4337899543378995,0,1,1,1,1,1,1.0,1,0,0
1,0,0,1,0,5,5,6,11.2,1.0,1.2,0,0,1,19,0,1,1,0.2802021129995407,0.4944649446494465,0,1,1,2,1,1,1.25,0,0,0
1,0,1,0,0,8,7,8,15.07,0.875,1.0,0,0,1,18,0,1,1,0.2802021129995407,0.17717717717717718,0,4,3,2,2,2,2.25,0,0,0
1,0,0,1,0,5,1,6,10.0,0.2,1.2,0,0,1,18,0,1,1,0.55625,0.8653846153846154,0,1,3,1,0,0,1.0,0,0,0
1,0,0,1,0,6,4,11,13.0,0.6666666666666666,1.8333333333333333,0,0,1,22,1,1,1,0.55625,0.4337899543378995,0,1,3,1,1,1,1.5,1,0,0
1,0,0,1,0,6,4,7,11.0,0.6666666666666666,1.1666666666666667,0,0,1,18,0,1,1,0.2802021129995407,0.45714285714285713,0,4,1,3,1,1,1.5,0,0,0
1,0,0,1,0,6,6,8,13.571428571428571,1.0,1.3333333333333333,0,0,0,18,0,1,1,0.2802021129995407,0.20967741935483872,0,2,1,1,1,2,1.25,0,0,0
1,0,0,1,0,6,5,7,14.6,0.8333333333333334,1.1666666666666667,0,0,1,21,1,1,1,0.2802021129995407,0.2786885245901639,0,2,4,3,1,1,2.25,1,0,0
1,1,0,2,0,7,3,13,11.833333333333334,0.42857142857142855,1.8571428571428572,0,0,0,38,4,3,1,0.55625,0.17717717717717718,0,1,1,1,1,1,1.0,0,0,0
1,0,1,0,0,7,7,11,12.625,1.0,1.5714285714285714,0,0,0,19,0,1,1,0.55625,0.4782608695652174,0,1,1,1,1,1,1.0,0,0,0
1,0,0,1,0,7,4,12,11.5,0.5714285714285714,1.7142857142857142,0,0,0,36,4,3,1,0.55625,0.17717717717717718,0,1,1,1,1,1,1.0,0,0,0
1,0,0,1,0,5,4,8,13.25,0.8,1.6,0,0,0,18,0,1,1,0.2802021129995407,0.3423076923076923,0,1,3,3,1,1,2.0,0,0,0
1,0,0,1,0,7,7,9,12.60625,1.0,1.2857142857142858,0,0,0,19,0,1,1,0.2802021129995407,0.17717717717717718,0,3,1,2,1,1,1.25,0,0,0
0,1,0,3,1,10,8,15,13.75,0.8,1.5,0,0,0,21,1,1,1,0.2802021129995407,0.3423076923076923,1,1,1,1,1,1,1.0,0,0,0
1,0,1,0,0,6,5,11,11.142857142857142,0.8333333333333334,1.8333333333333333,0,0,0,18,0,1,1,0.2802021129995407,0.20967741935483872,0,1,1,2,1,1,1.25,0,0,0
1,0,0,1,0,5,1,9,10.0,0.2,1.8,0,0,0,20,0,1,1,0.2802021129995407,0.4944649446494465,0,1,1,1,1,1,1.0,0,0,0
1,1,0,2,0,6,6,8,11.666666666666666,1.0,1.3333333333333333,0,0,0,18,0,1,1,0.2802021129995407,0.45714285714285713,0,1,1,3,1,1,1.5,0,0,0
1,0,1,0,0,6,6,8,14.0,1.0,1.3333333333333333,0,0,0,18,0,1,1,0.2802021129995407,0.4337899543378995,0,1,3,2,2,2,2.25,0,0,0
1,0,0,1,0,5,0,9,0.0,0.0,1.8,1,0,0,25,2,1,1,0.6412213740458015,0.65,2,2,3,1,0,0,1.0,0,1,0
1,0,0,1,0,8,7,9,12.04142857142857,0.875,1.125,0,0,0,19,0,1,1,0.2802021129995407,0.17717717717717718,0,5,3,3,2,2,2.5,0,0,0
1,0,1,0,0,0,0,0,0.0,0.0,0.0,1,1,0,18,0,1,1,0.2802021129995407,0.4606741573033708,0,1,1,2,1,1,1.25,0,0,0
1,0,0,1,0,13,13,14,13.76923076923077,1.0,1.0769230769230769,0,0,0,39,4,1,1,0.6412213740458015,0.45714285714285713,1,1,3,3,2,2,2.5,0,0,0
1,0,0,1,0,18,18,20,15.444444444444445,1.0,1.1111111111111112,0,0,0,29,3,2,1,0.55625,0.4941860465116279,0,1,1,1,1,1,1.0,0,0,0
0,0,0,2,0,3,2,3,10.0,0.6666666666666666,1.0,0,0,0,23,1,1,1,0.6412213740458015,0.2786885245901639,2,1,1,4,1,2,2.0,0,0,0
1,0,0,1,0,6,4,8,12.25,0.6666666666666666,1.3333333333333333,0,0,0,21,1,1,1,0.55625,0.5985915492957746,0,1,3,1,1,1,1.5,0,0,0
0,0,0,2,0,6,6,6,14.5,1.0,1.0,0,0,0,18,0,1,1,0.2802021129995407,0.20967741935483872,0,1,3,2,2,2,2.25,0,0,0
1,0,0,1,0,6,6,7,15.571428571428571,1.0,1.1666666666666667,0,0,0,23,1,1,1,0.6412213740458015,0.3423076923076923,1,1,3,2,1,1,1.75,0,0,0
1,0,0,1,0,6,6,7,15.571428571428571,1.0,1.1666666666666667,0,0,0,18,0,1,1,0.2802021129995407,0.65,0,1,3,2,2,2,2.25,0,0,0
1,0,0,1,0,6,5,8,13.8,0.8333333333333334,1.3333333333333333,0,0,0,32,3,2,0,0.55625,0.36597938144329895,1,1,1,1,2,1,1.25,0,0,0
0,1,0,3,1,5,3,8,10.666666666666666,0.6,1.6,0,0,0,29,3,2,1,0.55625,0.4944649446494465,0,2,1,1,1,1,1.0,0,0,0
1,1,1,1,0,6,5,8,11.6,0.8333333333333334,1.3333333333333333,0,0,0,20,0,1,1,0.2802021129995407,0.20967741935483872,0,5,3,1,2,2,2.0,0,0,0
0,0,0,2,0,6,1,11,13.0,0.16666666666666666,1.8333333333333333,0,0,0,28,3,1,1,0.55625,0.20967741935483872,0,1,3,1,0,0,1.0,0,0,0
1,0,0,1,0,5,3,9,12.0,0.6,1.8,0,0,0,27,2,1,1,0.6412213740458015,0.4944649446494465,2,1,1,1,1,1,1.0,0,0,0
1,1,0,2,0,14,12,14,12.333333333333334,0.8571428571428571,1.0,0,0,0,22,1,1,1,0.55625,0.17717717717717718,0,2,1,1,0,0,0.5,0,0,0
0,0,0,2,0,6,1,12,11.0,0.16666666666666666,2.0,0,0,0,28,3,1,0,0.6412213740458015,0.36597938144329895,2,1,1,1,0,1,0.75,0,0,0
0,1,0,3,1,6,4,10,12.25,0.6666666666666666,1.6666666666666667,0,0,0,43,4,2,1,0.55625,0.4941860465116279,0,1,1,1,1,1,1.0,0,0,0
0,0,0,2,0,7,0,7,0.0,0.0,1.0,1,0,0,32,3,1,1,0.55625,0.4782608695652174,0,1,1,1,1,1,1.0,0,2,1
1,0,1,0,0,8,8,9,13.63,1.0,1.125,0,0,0,35,3,3,1,0.55625,0.17717717717717718,1,1,1,3,1,2,1.75,0,0,0
1,0,0,1,0,5,3,8,13.0,0.6,1.6,0,0,0,21,1,1,1,0.2802021129995407,0.4337899543378995,0,1,1,1,0,0,0.5,0,0,0
1,0,1,0,0,7,7,7,16.9,1.0,1.0,0,0,0,18,0,1,1,0.2802021129995407,0.17717717717717718,0,1,4,1,2,1,2.0,0,0,0
1,0,0,1,0,6,5,10,12.0,0.8333333333333334,1.6666666666666667,0,0,0,18,0,1,1,0.2802021129995407,0.20967741935483872,0,4,1,2,1,1,1.25,0,0,0
1,0,0,1,0,6,6,6,12.5,1.0,1.0,0,0,0,22,1,1,0,0.55625,0.36597938144329895,1,1,1,1,1,2,1.25,0,0,0
1,0,0,1,0,8,7,8,12.764285714285714,0.875,1.0,0,0,0,19,0,1,1,0.2802021129995407,0.17717717717717718,0,2,3,3,2,0,2.0,0,0,0
1,0,1,0,0,5,5,8,13.75,1.0,1.6,0,0,0,18,0,1,1,0.55625,0.4944649446494465,0,2,1,1,1,1,1.0,0,0,0
1,1,0,2,0,0,0,0,0.0,0.0,0.0,1,1,0,19,0,1,1,0.2802021129995407,0.4606741573033708,0,2,1,3,2,2,2.0,0,2,0
1,0,1,0,0,7,7,7,14.604285714285712,1.0,1.0,0,0,0,18,0,1,1,0.2802021129995407,0.17717717717717718,0,1,1,3,1,1,1.5,0,0,0
0,1,0,3,1,5,0,7,0.0,0.0,1.4,1,0,0,31,3,2,0,0.55625,0.6355140186915887,1,1,1,1,1,2,1.25,0,3,1
1,1,1,1,0,6,5,9,13.833333333333334,0.8333333333333334,1.5,0,0,0,33,3,2,0,0.55625,0.36597938144329895,1,1,3,2,1,1,1.75,0,0,0
1,0,1,0,0,8,8,8,13.57625,1.0,1.0,0,0,0,19,0,1,1,0.2802021129995407,0.17717717717717718,0,3,1,1,1,1,1.0,0,0,0
1,0,1,0,0,6,6,7,15.142857142857142,1.0,1.1666666666666667,0,0,0,18,0,1,1,0.2802021129995407,0.20967741935483872,0,1,1,1,1,1,1.0,0,0,0
1,0,0,1,0,5,3,8,10.666666666666666,0.6,1.6,0,0,0,23,1,1,1,0.2802021129995407,0.4944649446494465,0,1,0,2,2,2,1.5,0,0,0
1,0,0,1,0,6,5,11,11.2,0.8333333333333334,1.8333333333333333,0,0,0,20,0,1,1,0.2802021129995407,0.20967741935483872,0,1,1,1,1,1,1.0,0,0,0
1,0,0,1,0,8,8,8,13.76375,1.0,1.0,0,0,0,18,0,1,1,0.2802021129995407,0.17717717717717718,0,5,1,1,2,1,1.25,0,0,0
1,0,1,0,0,6,5,10,10.714285714285714,0.8333333333333334,1.6666666666666667,0,0,0,22,1,1,1,0.2802021129995407,0.20967741935483872,0,1,1,1,1,2,1.25,0,0,0
1,1,0,2,0,6,6,6,12.166666666666666,1.0,1.0,0,0,0,20,0,1,1,0.2802021129995407,0.20967741935483872,0,1,3,2,2,2,2.25,0,0,0
1,0,0,1,0,7,6,8,14.357142857142858,0.8571428571428571,1.1428571428571428,0,0,0,23,1,1,1,0.6412213740458015,0.17717717717717718,2,1,1,1,2,0,1.0,0,0,0
1,0,0,1,0,6,6,6,12.833333333333334,1.0,1.0,0,0,0,19,0,1,1,0.2802021129995407,0.3400673400673401,0,2,4,3,2,1,2.5,0,0,0
1,0,0,1,0,8,7,8,13.925714285714283,0.875,1.0,0,0,0,19,0,1,1,0.2802021129995407,0.17717717717717718,0,5,3,1,1,1,1.5,0,0,0
1,0,0,1,0,5,2,9,12.0,0.4,1.8,0,0,0,26,2,1,0,0.55625,0.6355140186915887,0,1,1,1,1,2,1.25,0,0,0
1,0,0,1,0,7,7,7,13.44285714285714,1.0,1.0,0,0,0,18,0,1,1,0.2802021129995407,0.17717717717717718,0,5,3,1,2,2,2.0,0,0,0
1,0,0,1,0,5,1,5,16.0,0.2,1.0,0,0,1,18,0,1,1,0.55625,0.8653846153846154,0,1,3,1,1,1,1.5,0,0,0
1,0,0,1,0,6,6,8,13.125,1.0,1.3333333333333333,0,0,1,20,0,1,1,0.55625,0.4941860465116279,1,1,1,1,1,1,1.0,0,0,0
1,0,0,1,0,6,0,7,0.0,0.0,1.1666666666666667,1,0,1,19,0,1,1,0.2802021129995407,0.4337899543378995,0,1,4,3,2,2,2.75,0,1,0
0,0,0,2,0,9,5,9,11.4,0.5555555555555556,1.0,0,0,1,32,3,1,0,0.55625,0.6355140186915887,0,1,1,1,1,1,1.0,3,0,0
0,0,0,2,0,4,2,12,11.0,0.5,3.0,0,0,1,31,3,2,1,0.55625,0.65,0,1,1,2,2,2,1.75,3,0,0
1,0,0,1,0,6,5,14,13.666666666666666,0.8333333333333334,2.3333333333333335,0,0,0,21,1,1,1,0.55625,0.3423076923076923,1,1,1,4,1,1,1.75,0,0,0
0,0,0,2,0,6,4,10,11.75,0.6666666666666666,1.6666666666666667,0,0,0,31,3,2,0,0.55625,0.6355140186915887,0,1,1,1,2,1,1.25,0,0,0
1,0,0,1,0,7,1,11,10.0,0.14285714285714285,1.5714285714285714,0,0,0,34,3,2,1,0.55625,0.5985915492957746,0,1,1,1,1,1,1.0,0,0,0
1,0,1,0,0,6,6,8,13.5,1.0,1.3333333333333333,0,0,0,18,0,1,1,0.2802021129995407,0.20967741935483872,0,1,1,2,1,1,1.25,0,0,0
1,1,0,2,0,6,0,0,0.0,0.0,0.0,1,1,0,19,0,1,1,0.2802021129995407,0.20967741935483872,0,3,1,2,1,1,1.25,0,2,0
0,0,0,2,0,6,3,11,13.0,0.5,1.8333333333333333,0,0,0,18,0,1,1,0.2802021129995407,0.5985915492957746,0,2,1,1,1,2,1.25,0,0,0
1,0,0,1,0,6,6,7,14.833333333333334,1.0,1.1666666666666667,0,0,0,20,0,1,1,0.2802021129995407,0.45714285714285713,0,1,1,1,2,1,1.25,0,0,0
1,0,0,1,0,6,6,6,11.833333333333334,1.0,1.0,0,0,0,20,0,1,1,0.55625,0.3400673400673401,0,1,1,1,1,1,1.0,0,0,0
1,0,1,0,0,6,5,10,12.0,0.8333333333333334,1.6666666666666667,0,0,0,18,0,1,1,0.2802021129995407,0.4337899543378995,0,3,1,1,1,1,1.0,0,0,0
1,0,0,1,0,6,4,11,12.75,0.6666666666666666,1.8333333333333333,0,0,0,19,0,1,1,0.2802021129995407,0.20967741935483872,0,1,1,1,1,1,1.0,0,0,0
1,0,1,0,0,6,0,7,0.0,0.0,1.1666666666666667,1,0,0,30,3,3,1,0.55625,0.65,0,1,4,3,1,1,2.25,0,0,0
1,0,0,1,0,6,6,6,12.0,1.0,1.0,0,0,0,19,0,1,1,0.2802021129995407,0.20967741935483872,0,1,1,1,1,1,1.0,0,0,0
1,0,0,1,0,7,7,9,11.677777777777775,1.0,1.2857142857142858,0,0,0,19,0,1,1,0.2802021129995407,0.4782608695652174,0,3,1,1,1,1,1.0,0,0,0
1,0,1,0,0,8,7,8,13.6,0.875,1.0,0,0,0,19,0,1,1,0.2802021129995407,0.17717717717717718,0,4,3,1,2,1,1.75,0,0,0
1,0,0,1,0,6,6,7,16.0,1.0,1.1666666666666667,0,0,0,19,0,1,1,0.2802021129995407,0.3423076923076923,0,1,1,1,1,1,1.0,0,0,0
1,0,0,1,0,6,5,9,11.8,0.8333333333333334,1.5,0,0,0,20,0,1,1,0.2802021129995407,0.20967741935483872,0,3,3,3,2,2,2.5,0,0,0
1,1,0,2,0,5,0,5,0.0,0.0,1.0,1,0,1,25,2,1,1,0.55625,0.8653846153846154,0,1,1,1,1,2,1.25,2,2,0
1,0,0,1,0,6,0,0,0.0,0.0,0.0,1,1,1,19,0,1,1,0.2802021129995407,0.3400673400673401,0,2,1,2,1,1,1.25,0,1,0
1,1,1,1,0,6,6,7,16.142857142857142,1.0,1.1666666666666667,0,0,0,34,3,2,1,0.55625,0.5985915492957746,0,1,1,2,1,2,1.5,0,0,0
1,0,1,0,0,8,7,8,11.785714285714286,0.875,1.0,0,0,0,18,0,1,1,0.55625,0.17717717717717718,0,2,1,1,1,1,1.0,0,0,0
1,0,1,0,0,8,8,8,13.42375,1.0,1.0,0,0,0,18,0,1,1,0.2802021129995407,0.17717717717717718,0,5,3,3,2,1,2.25,0,0,0
1,0,0,1,0,6,6,8,12.5,1.0,1.3333333333333333,0,0,0,20,0,1,1,0.2802021129995407,0.4337899543378995,0,1,1,1,1,0,0.75,0,0,0
1,0,1,0,0,8,7,8,12.464285714285714,0.875,1.0,0,0,0,20,0,1,1,0.2802021129995407,0.17717717717717718,0,2,1,1,1,1,1.0,0,0,0
1,0,0,1,0,6,1,8,10.0,0.16666666666666666,1.3333333333333333,0,0,0,28,3,1,1,0.55625,0.4337899543378995,0,1,1,1,2,2,1.5,0,0,0
1,0,0,1,0,5,5,5,12.6,1.0,1.0,0,0,0,19,0,1,1,0.55625,0.4944649446494465,0,1,1,1,1,1,1.0,0,0,0
1,0,0,1,0,5,2,7,10.0,0.4,1.4,0,0,0,34,3,2,1,0.2802021129995407,0.4944649446494465,0,1,1,1,1,1,1.0,0,0,0
1,0,0,1,0,7,0,7,0.0,0.0,1.0,1,0,0,35,3,2,1,0.55625,0.5985915492957746,0,1,1,1,1,1,1.0,0,1,0
1,0,0,1,0,5,5,7,11.6,1.0,1.4,0,0,0,32,3,1,0,0.6412213740458015,0.6355140186915887,1,1,1,1,1,1,1.0,0,0,0
1,0,0,1,0,6,6,8,12.166666666666666,1.0,1.3333333333333333,0,0,0,19,0,1,1,0.2802021129995407,0.45714285714285713,0,2,1,2,2,1,1.5,0,0,0
1,0,0,1,0,6,4,10,13.6,0.6666666666666666,1.6666666666666667,0,0,0,18,0,1,1,0.2802021129995407,0.4337899543378995,0,5,3,2,1,1,1.75,0,0,0
0,0,0,2,0,5,4,8,12.5,0.8,1.6,0,0,0,35,3,2,1,0.55625,0.4944649446494465,0,1,1,1,1,1,1.0,0,0,0
1,0,1,0,0,6,6,7,11.714285714285714,1.0,1.1666666666666667,0,0,0,20,0,1,1,0.2802021129995407,0.20967741935483872,0,1,1,1,1,1,1.0,0,0,0
1,0,1,0,0,6,6,7,13.5,1.0,1.1666666666666667,0,0,1,18,0,1,1,0.2802021129995407,0.3400673400673401,0,3,1,2,2,1,1.5,0,0,0
1,0,1,0,0,8,7,8,13.024285714285714,0.875,1.0,0,0,1,20,0,1,1,0.2802021129995407,0.17717717717717718,0,3,1,2,1,1,1.25,0,0,0
0,0,0,2,0,6,0,12,0.0,0.0,2.0,1,0,1,18,0,1,1,0.2802021129995407,0.45714285714285713,0,5,3,2,2,1,2.0,0,2,1
1,0,1,0,0,5,5,6,17.333333333333332,1.0,1.2,0,0,1,18,0,1,1,0.2802021129995407,0.8653846153846154,0,1,1,2,2,2,1.75,0,0,0
1,0,1,0,0,5,4,7,11.0,0.8,1.4,0,0,1,20,0,1,1,0.2802021129995407,0.4337899543378995,0,1,1,1,1,1,1.0,0,0,0
1,0,0,1,0,7,6,10,13.666666666666666,0.8571428571428571,1.4285714285714286,0,0,1,19,0,1,1,0.2802021129995407,0.5985915492957746,0,2,1,1,2,2,1.5,0,0,0
1,0,0,1,0,6,6,6,12.833333333333334,1.0,1.0,0,0,1,19,0,1,1,0.2802021129995407,0.20967741935483872,0,1,1,3,1,1,1.5,0,0,0
1,0,0,1,0,6,5,9,12.6,0.8333333333333334,1.5,0,0,1,20,0,1,1,0.2802021129995407,0.3400673400673401,0,1,1,1,0,0,0.5,0,0,0
1,0,0,1,0,7,6,8,14.333333333333334,0.8571428571428571,1.1428571428571428,0,0,1,22,1,1,1,0.2802021129995407,0.17717717717717718,0,1,1,2,1,1,1.25,1,0,0
1,0,0,1,0,8,7,8,14.285714285714286,0.875,1.0,0,0,1,19,0,1,1,0.2802021129995407,0.17717717717717718,0,1,1,1,1,1,1.0,0,0,0
1,0,0,1,0,6,3,15,11.75,0.5,2.5,0,0,1,22,1,1,1,0.55625,0.4941860465116279,1,1,3,2,1,1,1.75,1,0,0
1,0,0,1,0,5,5,5,14.8,1.0,1.0,0,0,1,20,0,1,1,0.2802021129995407,0.8653846153846154,0,5,4,1,1,1,1.75,0,0,0
0,1,0,3,1,6,0,7,0.0,0.0,1.1666666666666667,1,0,1,34,3,2,1,0.55625,0.4941860465116279,0,1,3,1,1,2,1.75,3,3,1
1,0,0,1,0,6,1,14,10.0,0.16666666666666666,2.3333333333333335,0,0,1,24,2,2,0,0.55625,0.36597938144329895,1,1,3,3,2,2,2.5,2,0,0
1,0,0,1,0,5,0,5,0.0,0.0,1.0,1,0,1,26,2,1,1,0.55625,0.4337899543378995,0,2,3,1,0,0,1.0,2,1,0
1,0,0,1,0,7,4,10,12.6,0.5714285714285714,1.4285714285714286,0,0,1,35,3,1,1,0.55625,0.17717717717717718,0,1,1,1,1,2,1.25,3,0,0
1,0,0,1,0,5,5,9,12.428571428571429,1.0,1.8,0,0,1,22,1,1,0,0.2802021129995407,0.6355140186915887,0,1,4,1,2,1,2.0,1,0,0
1,0,0,1,0,5,3,7,12.333333333333334,0.6,1.4,0,0,1,19,0,1,1,0.2802021129995407,0.4944649446494465,0,1,3,2,2,2,2.25,0,0,0
0,0,0,2,0,6,0,0,0.0,0.0,0.0,1,1,1,19,0,1,1,0.2802021129995407,0.45714285714285713,0,5,4,2,2,1,2.25,0,2,1
1,1,0,2,0,0,0,0,0.0,0.0,0.0,1,1,1,20,0,1,1,0.55625,0.4606741573033708,1,1,4,4,1,1,2.5,0,2,0
1,1,0,2,0,11,10,12,12.1,0.9090909090909091,1.0909090909090908,0,0,1,21,1,1,1,0.55625,0.4337899543378995,0,1,4,4,1,0,2.25,1,0,0
1,0,1,0,0,6,6,7,14.714285714285714,1.0,1.1666666666666667,0,0,0,19,0,1,1,0.2802021129995407,0.3400673400673401,0,2,3,2,1,1,1.75,0,0,0
1,0,0,1,0,6,6,6,12.666666666666666,1.0,1.0,0,0,0,18,0,1,1,0.2802021129995407,0.3400673400673401,0,3,1,2,1,1,1.25,0,0,0
1,0,1,0,0,12,12,14,14.384615384615383,1.0,1.1666666666666667,0,0,0,23,1,1,1,0.2802021129995407,0.4941860465116279,1,1,3,1,1,1,1.5,0,0,0
1,0,1,0,0,5,5,5,13.4,1.0,1.0,0,0,0,18,0,1,1,0.2802021129995407,0.4944649446494465,0,3,1,1,1,1,1.0,0,0,0
1,0,0,1,0,8,7,8,13.314285714285717,0.875,1.0,0,0,0,18,0,1,1,0.55625,0.17717717717717718,0,1,1,1,1,1,1.0,0,0,0
1,0,0,1,0,8,7,8,11.98857142857143,0.875,1.0,0,0,0,19,0,1,1,0.2802021129995407,0.17717717717717718,0,3,1,1,1,1,1.0,0,0,0
1,0,0,1,0,11,11,17,11.545454545454543,1.0,1.5454545454545454,0,0,0,21,1,1,1,0.2802021129995407,0.4944649446494465,1,1,3,2,2,2,2.25,0,0,0
1,0,1,0,0,6,6,13,16.46153846153846,1.0,2.1666666666666665,0,0,0,18,0,1,1,0.2802021129995407,0.3423076923076923,0,1,1,1,1,2,1.25,0,0,0
1,0,1,0,0,6,6,7,13.666666666666666,1.0,1.1666666666666667,0,0,0,24,2,1,1,0.2802021129995407,0.3400673400673401,0,1,1,1,1,1,1.0,0,0,0
1,0,0,1,0,7,7,8,12.65,1.0,1.1428571428571428,0,0,0,18,0,1,1,0.2802021129995407,0.17717717717717718,0,4,4,1,1,2,2.0,0,0,0
1,0,0,1,0,7,6,8,14.37,0.8571428571428571,1.1428571428571428,0,0,0,20,0,1,1,0.2802021129995407,0.17717717717717718,0,2,1,1,1,1,1.0,0,0,0
0,0,1,1,0,6,3,12,12.0,0.5,2.0,0,0,0,18,0,1,1,0.2802021129995407,0.3400673400673401,0,5,3,1,0,1,1.25,0,0,0
1,0,1,0,0,6,4,11,12.0,0.6666666666666666,1.8333333333333333,0,0,0,19,0,1,1,0.55625,0.45714285714285713,0,1,3,2,1,1,1.75,0,0,0
1,0,0,1,0,6,5,10,12.6,0.8333333333333334,1.6666666666666667,0,0,0,19,0,1,1,0.2802021129995407,0.5985915492957746,0,2,3,1,2,1,1.75,0,0,0
1,1,0,2,0,6,6,6,12.166666666666666,1.0,1.0,0,0,0,18,0,1,1,0.2802021129995407,0.20967741935483872,2,5,3,1,1,2,1.75,0,0,0
1,0,1,0,0,8,8,8,13.76375,1.0,1.0,0,0,0,18,0,1,1,0.2802021129995407,0.17717717717717718,0,5,1,1,1,1,1.0,0,0,0
1,0,1,0,0,7,6,11,12.4,0.8571428571428571,1.5714285714285714,0,0,0,19,0,1,1,0.2802021129995407,0.4782608695652174,0,5,1,1,1,1,1.0,0,0,0
1,0,0,1,0,7,6,7,14.333333333333334,0.8571428571428571,1.0,0,0,0,18,0,1,1,0.2802021129995407,0.17717717717717718,0,2,1,1,1,1,1.0,0,0,0
0,1,0,3,1,6,1,14,10.0,0.16666666666666666,2.3333333333333335,0,0,0,19,0,1,1,0.2802021129995407,0.45714285714285713,0,1,3,1,0,1,1.25,0,0,0
1,0,0,1,0,7,7,8,14.69625,1.0,1.1428571428571428,0,0,0,21,1,1,1,0.2802021129995407,0.17717717717717718,0,4,3,3,2,2,2.5,0,0,0
1,0,1,0,0,7,7,9,12.855555555555556,1.0,1.2857142857142858,0,0,0,18,0,1,1,0.2802021129995407,0.4782608695652174,0,3,1,1,1,1,1.0,0,0,0
1,0,0,1,0,7,7,7,13.7,1.0,1.0,0,0,0,18,0,1,1,0.2802021129995407,0.17717717717717718,0,1,3,3,2,0,2.0,0,0,0
0,0,0,2,0,5,0,9,0.0,0.0,1.8,1,0,0,23,1,1,1,0.2802021129995407,0.65,0,1,4,3,1,2,2.5,0,2,1
1,0,0,1,0,7,7,7,13.285714285714286,1.0,1.0,0,0,0,18,0,1,1,0.2802021129995407,0.17717717717717718,0,1,1,1,1,1,1.0,0,0,0
1,0,0,1,0,6,5,14,11.5,0.8333333333333334,2.3333333333333335,0,0,0,21,1,1,1,0.55625,0.65,0,1,3,2,1,1,1.75,0,0,0
1,0,1,0,0,8,7,8,11.4,0.875,1.0,0,0,0,19,0,1,1,0.55625,0.17717717717717718,0,1,1,1,1,1,1.0,0,0,0
1,0,0,1,0,6,5,7,12.8,0.8333333333333334,1.1666666666666667,0,0,0,18,0,1,1,0.2802021129995407,0.3400673400673401,0,5,1,2,1,1,1.25,0,0,0
1,0,1,0,0,5,5,8,12.0,1.0,1.6,0,0,0,20,0,1,1,0.2802021129995407,0.3423076923076923,0,1,1,1,1,1,1.0,0,0,0
1,0,1,0,0,6,5,8,13.0,0.8333333333333334,1.3333333333333333,0,0,0,18,0,1,1,0.2802021129995407,0.5985915492957746,0,1,1,1,1,1,1.0,0,0,0
0,1,1,2,1,6,6,6,11.833333333333334,1.0,1.0,0,0,0,18,0,1,1,0.2802021129995407,0.2786885245901639,0,1,3,3,2,1,2.25,0,0,0
1,0,0,1,0,6,6,8,14.0,1.0,1.3333333333333333,0,0,0,18,0,1,1,0.2802021129995407,0.3423076923076923,0,3,3,4,2,2,2.75,0,0,0
1,0,1,0,0,6,6,6,12.333333333333334,1.0,1.0,0,0,0,18,0,1,1,0.2802021129995407,0.3400673400673401,0,4,3,3,2,2,2.5,0,0,0
1,0,1,0,0,6,6,7,12.5,1.0,1.1666666666666667,0,0,0,24,2,1,1,0.55625,0.3423076923076923,1,1,1,2,2,1,1.5,0,0,0
1,0,0,1,0,0,0,0,0.0,0.0,0.0,1,1,0,19,0,1,1,0.2802021129995407,0.4606741573033708,0,1,3,3,2,2,2.5,0,1,0
1,0,0,1,0,8,7,8,15.657142857142857,0.875,1.0,0,0,0,18,0,1,1,0.2802021129995407,0.17717717717717718,0,3,1,2,1,1,1.25,0,0,0
1,0,0,1,0,6,6,6,12.166666666666666,1.0,1.0,0,0,0,19,0,1,1,0.2802021129995407,0.2786885245901639,0,2,3,2,2,2,2.25,0,0,0
1,0,0,1,0,6,0,0,0.0,0.0,0.0,1,1,0,19,0,1,1,0.2802021129995407,0.5985915492957746,0,2,1,2,2,1,1.5,0,1,0
1,0,0,1,0,6,4,8,11.75,0.6666666666666666,1.3333333333333333,0,0,0,26,2,1,1,0.55625,0.3400673400673401,0,1,3,1,0,0,1.0,0,0,0
0,1,0,3,1,5,0,10,0.0,0.0,2.0,1,0,1,36,4,1,1,0.55625,0.45714285714285713,1,1,1,3,1,1,1.5,4,3,1
0,0,0,2,0,0,0,0,0.0,0.0,0.0,1,1,1,19,0,1,1,0.2802021129995407,0.4606741573033708,0,1,3,3,2,0,2.0,0,2,1
0,0,0,2,0,5,0,0,0.0,0.0,0.0,1,1,1,27,2,1,1,0.55625,0.8653846153846154,0,1,1,1,1,1,1.0,2,2,1
1,0,0,1,0,5,1,9,13.0,0.2,1.8,0,0,1,18,0,1,1,0.2802021129995407,0.8653846153846154,0,4,4,3,0,2,2.25,0,0,0
1,0,1,0,0,8,7,8,13.331428571428573,0.875,1.0,0,0,1,18,0,1,1,0.2802021129995407,0.17717717717717718,0,4,1,1,1,1,1.0,0,0,0
1,0,0,1,0,6,0,0,0.0,0.0,0.0,1,1,1,28,3,1,1,0.55625,0.2786885245901639,0,1,1,1,1,1,1.0,3,1,0
1,0,0,1,0,0,0,0,0.0,0.0,0.0,1,1,1,21,1,1,1,0.55625,0.4606741573033708,1,1,1,3,1,1,1.5,1,1,0
1,0,0,1,0,7,6,7,13.7,0.8571428571428571,1.0,0,0,1,19,0,1,1,0.2802021129995407,0.17717717717717718,0,1,1,1,2,1,1.25,0,0,0
0,1,0,3,1,5,0,5,0.0,0.0,1.0,1,0,1,26,2,1,1,0.55625,0.4337899543378995,2,1,4,4,2,2,3.0,2,3,1
1,0,0,1,0,9,9,12,13.454545454545457,1.0,1.3333333333333333,0,0,1,20,0,1,1,0.55625,0.8653846153846154,0,1,3,2,2,1,2.0,0,0,0
1,0,0,1,0,8,7,8,12.2,0.875,1.0,0,0,1,19,0,1,1,0.2802021129995407,0.17717717717717718,0,5,1,1,1,1,1.0,0,0,0
1,0,0,1,0,5,3,8,10.0,0.6,1.6,0,0,1,21,1,1,1,0.2802021129995407,0.4944649446494465,0,1,1,2,1,2,1.5,1,0,0
1,0,1,0,0,6,5,7,13.0,0.8333333333333334,1.1666666666666667,0,0,1,23,1,1,1,0.2802021129995407,0.4337899543378995,1,1,3,2,1,1,1.75,1,0,0
1,0,0,1,0,6,6,11,12.0,1.0,1.8333333333333333,0,0,1,29,3,1,0,0.55625,0.36597938144329895,1,1,1,1,2,1,1.25,3,0,0
1,0,0,1,0,8,7,8,15.028571428571428,0.875,1.0,0,0,1,20,0,1,1,0.2802021129995407,0.17717717717717718,0,1,3,3,1,1,2.0,0,0,0
1,0,0,1,0,6,6,8,12.0,1.0,1.3333333333333333,0,0,1,18,0,1,1,0.2802021129995407,0.20967741935483872,0,1,3,2,1,1,1.75,0,0,0
1,0,0,1,0,6,5,8,12.0,0.8333333333333334,1.3333333333333333,0,0,1,19,0,1,1,0.2802021129995407,0.3400673400673401,0,1,3,1,2,1,1.75,0,0,0
0,0,0,2,0,7,3,7,13.666666666666666,0.42857142857142855,1.0,0,0,1,23,1,1,1,0.6412213740458015,0.4782608695652174,2,1,3,1,2,1,1.75,1,0,0
1,0,0,1,0,0,0,0,0.0,0.0,0.0,1,1,1,21,1,1,1,0.2802021129995407,0.4606741573033708,0,1,1,3,1,1,1.5,1,1,0
1,0,1,0,0,0,0,0,0.0,0.0,0.0,1,1,1,18,0,1,1,0.2802021129995407,0.4606741573033708,0,1,1,2,1,1,1.25,0,0,0
0,1,0,3,1,6,1,6,14.0,0.16666666666666666,1.0,0,0,1,21,1,1,1,0.2802021129995407,0.2786885245901639,0,5,1,1,1,1,1.0,1,0,0
1,0,0,1,0,6,0,6,0.0,0.0,1.0,1,0,1,22,1,1,1,0.55625,0.20967741935483872,0,1,3,3,1,1,2.0,1,1,0
1,0,0,1,0,7,7,8,12.375,1.0,1.1428571428571428,0,0,1,21,1,1,1,0.55625,0.4782608695652174,0,1,4,2,1,1,2.0,1,0,0
0,0,0,2,0,7,0,0,0.0,0.0,0.0,1,1,1,32,3,1,1,0.55625,0.17717717717717718,0,1,1,2,1,1,1.25,3,2,1
1,0,0,1,0,18,18,21,11.421052631578949,1.0,1.1666666666666667,0,0,1,27,2,1,1,0.6412213740458015,0.4941860465116279,2,1,3,2,2,1,2.0,2,0,0
1,0,0,1,0,7,6,7,13.35,0.8571428571428571,1.0,0,0,1,18,0,1,1,0.2802021129995407,0.17717717717717718,0,1,1,1,1,1,1.0,0,0,0
1,0,1,0,0,6,6,6,15.0,1.0,1.0,0,0,1,24,2,1,1,0.55625,0.2786885245901639,0,1,3,3,1,2,2.25,2,0,0
1,0,0,1,0,5,2,9,10.5,0.4,1.8,0,0,1,22,1,1,1,0.2802021129995407,0.65,0,1,1,1,1,1,1.0,1,0,0
0,0,0,2,0,6,0,0,0.0,0.0,0.0,1,1,1,22,1,1,1,0.55625,0.65,0,1,4,4,2,1,2.75,1,2,1
1,0,0,1,0,5,5,8,13.25,1.0,1.6,0,0,1,19,0,1,1,0.2802021129995407,0.4944649446494465,0,3,1,1,1,1,1.0,0,0,0
1,0,0,1,0,5,0,10,0.0,0.0,2.0,1,0,1,19,0,1,1,0.2802021129995407,0.8653846153846154,0,5,1,1,2,0,1.0,0,1,0
1,0,1,0,0,8,8,8,13.88125,1.0,1.0,0,0,0,18,0,1,1,0.2802021129995407,0.17717717717717718,0,2,3,3,1,1,2.0,0,0,0
1,0,0,1,0,6,6,8,11.333333333333334,1.0,1.3333333333333333,0,0,0,18,0,1,1,0.2802021129995407,0.45714285714285713,0,2,4,2,2,0,2.0,0,0,0
1,1,0,2,0,0,0,0,0.0,0.0,0.0,1,1,0,20,0,1,1,0.2802021129995407,0.4606741573033708,0,1,1,2,1,1,1.25,0,2,0
1,0,0,1,0,6,6,7,12.857142857142858,1.0,1.1666666666666667,0,0,0,19,0,1,1,0.2802021129995407,0.20967741935483872,0,1,3,2,2,1,2.0,0,0,0
1,1,0,2,0,6,5,6,11.6,0.8333333333333334,1.0,0,0,0,19,0,1,1,0.2802021129995407,0.3400673400673401,0,5,1,1,2,2,1.5,0,0,0
1,0,1,0,0,6,5,9,11.4,0.8333333333333334,1.5,0,0,0,18,0,1,1,0.2802021129995407,0.45714285714285713,0,1,1,3,1,2,1.75,0,0,0
1,1,1,1,0,7,7,7,13.571428571428571,1.0,1.0,0,0,0,22,1,1,1,0.55625,0.2786885245901639,1,1,1,1,2,1,1.25,0,0,0
1,0,0,1,0,7,6,13,11.833333333333334,0.8571428571428571,1.8571428571428572,0,0,0,31,3,2,1,0.55625,0.4782608695652174,1,1,1,1,1,1,1.0,0,0,0
1,0,1,0,0,7,7,7,14.428571428571429,1.0,1.0,0,0,0,19,0,1,1,0.2802021129995407,0.5985915492957746,0,1,1,2,1,1,1.25,0,0,0
1,0,1,0,0,6,6,8,12.285714285714286,1.0,1.3333333333333333,0,0,0,18,0,1,1,0.2802021129995407,0.45714285714285713,0,2,1,1,1,1,1.0,0,0,0
1,0,0,1,0,5,5,7,14.4,1.0,1.4,0,0,0,21,1,1,1,0.2802021129995407,0.3423076923076923,0,1,1,3,1,0,1.25,0,0,0
1,0,1,0,0,7,7,8,13.15,1.0,1.1428571428571428,0,0,0,18,0,1,1,0.2802021129995407,0.17717717717717718,0,5,1,3,1,1,1.5,0,0,0
0,1,0,3,1,5,0,6,0.0,0.0,1.2,1,0,1,25,2,1,1,0.55625,0.4944649446494465,1,1,4,1,1,1,1.75,2,3,1
1,1,0,2,0,5,0,5,0.0,0.0,1.0,1,0,1,21,1,1,1,0.36666666666666664,0.8653846153846154,0,1,3,4,1,1,2.25,1,2,0
1,0,1,0,0,8,7,8,12.342857142857143,0.875,1.0,0,0,0,19,0,1,1,0.55625,0.17717717717717718,0,2,1,1,1,1,1.0,0,0,0
1,0,0,1,0,6,4,10,10.5,0.6666666666666666,1.6666666666666667,0,0,0,22,1,1,1,0.2802021129995407,0.45714285714285713,0,1,3,1,1,0,1.25,0,0,0
1,0,0,1,0,6,0,6,0.0,0.0,1.0,1,0,0,58,4,1,0,0.55625,0.36597938144329895,1,1,1,1,1,1,1.0,0,1,0
1,0,1,0,0,6,4,8,11.25,0.6666666666666666,1.3333333333333333,0,0,0,19,0,1,1,0.2802021129995407,0.20967741935483872,0,2,1,1,1,1,1.0,0,0,0
1,0,0,1,0,9,6,11,10.5,0.6666666666666666,1.2222222222222223,0,0,1,23,1,1,1,0.55625,0.4337899543378995,0,1,1,1,1,1,1.0,1,0,0
1,0,0,1,0,7,7,7,13.457142857142856,1.0,1.0,0,0,0,18,0,1,1,0.55625,0.17717717717717718,0,3,1,3,2,1,1.75,0,0,0
1,0,0,1,0,5,5,6,12.6,1.0,1.2,0,0,0,20,0,1,1,0.2802021129995407,0.3423076923076923,0,2,1,2,0,0,0.75,0,0,0
0,0,0,2,0,6,0,0,0.0,0.0,0.0,1,1,0,18,0,1,1,0.2802021129995407,0.3423076923076923,0,5,1,2,0,1,1.0,0,2,1
1,0,0,1,0,6,6,6,13.666666666666666,1.0,1.0,0,0,0,18,0,1,1,0.2802021129995407,0.4337899543378995,0,1,4,2,1,1,2.0,0,0,0
1,1,1,1,0,5,5,5,11.6,1.0,1.0,0,0,0,18,0,1,1,0.2802021129995407,0.4944649446494465,0,4,1,2,1,1,1.25,0,0,0
1,0,0,1,0,6,6,9,12.571428571428571,1.0,1.5,0,0,0,24,2,1,1,0.55625,0.65,0,1,1,1,1,0,0.75,0,0,0
1,0,0,1,0,6,5,7,11.8,0.8333333333333334,1.1666666666666667,0,0,0,18,0,1,1,0.2802021129995407,0.5985915492957746,0,4,1,1,1,1,1.0,0,0,0
1,0,1,0,0,6,6,8,11.333333333333334,1.0,1.3333333333333333,0,0,0,19,0,1,1,0.2802021129995407,0.20967741935483872,0,3,1,1,1,1,1.0,0,0,0
1,0,0,1,0,6,6,6,10.666666666666666,1.0,1.0,0,0,0,18,0,1,1,0.2802021129995407,0.45714285714285713,0,1,1,1,2,2,1.5,0,0,0
1,0,1,0,0,0,0,0,0.0,0.0,0.0,1,1,0,19,0,1,1,0.2802021129995407,0.4606741573033708,0,1,1,2,1,1,1.25,0,0,0
1,0,1,0,0,6,5,6,13.0,0.8333333333333334,1.0,0,0,0,21,1,1,1,0.2802021129995407,0.3400673400673401,0,1,1,1,1,1,1.0,0,0,0
1,0,1,0,0,8,7,11,12.90857142857143,0.875,1.375,0,0,0,18,0,1,1,0.2802021129995407,0.17717717717717718,0,3,1,1,1,1,1.0,0,0,0
1,0,0,1,0,6,4,12,12.0,0.6666666666666666,2.0,0,0,0,20,0,1,1,0.2802021129995407,0.5985915492957746,0,5,3,1,2,1,1.75,0,0,0
1,0,0,1,0,6,6,6,15.333333333333334,1.0,1.0,0,0,0,19,0,1,1,0.2802021129995407,0.2786885245901639,0,3,3,1,2,1,1.75,0,0,0
0,1,0,3,1,7,6,7,13.0,0.8571428571428571,1.0,0,0,1,26,2,1,1,0.36666666666666664,0.4944649446494465,0,1,2,3,2,2,2.25,2,0,0
1,0,0,1,0,6,6,7,12.5,1.0,1.1666666666666667,0,0,0,35,3,2,0,0.55625,0.36597938144329895,0,1,1,1,1,1,1.0,0,0,0
1,0,1,0,0,6,6,7,13.0,1.0,1.1666666666666667,0,0,0,19,0,1,1,0.55625,0.4337899543378995,0,1,3,3,1,1,2.0,0,0,0
1,0,0,1,0,5,4,6,11.75,0.8,1.2,0,0,1,18,0,1,1,0.2802021129995407,0.3423076923076923,0,1,1,1,1,2,1.25,0,0,0
1,0,0,1,0,5,4,5,12.5,0.8,1.0,0,0,1,19,0,1,1,0.2802021129995407,0.4337899543378995,0,5,1,2,1,2,1.5,0,0,0
1,0,0,1,0,17,17,19,11.61111111111111,1.0,1.1176470588235294,0,0,1,25,2,1,1,0.2802021129995407,0.4606741573033708,0,1,3,3,1,1,2.0,2,0,0
1,0,0,1,0,6,6,6,14.0,1.0,1.0,0,0,1,18,0,1,1,0.2802021129995407,0.45714285714285713,0,5,3,3,2,2,2.5,0,0,0
0,1,0,3,1,6,0,8,0.0,0.0,1.3333333333333333,1,0,1,26,2,1,1,0.2802021129995407,0.4941860465116279,0,1,3,4,1,1,2.25,2,3,1
1,0,0,1,0,5,5,5,13.8,1.0,1.0,0,0,1,34,3,1,0,0.55625,0.6355140186915887,0,1,3,3,2,2,2.5,3,0,0
0,0,0,2,0,5,0,6,0.0,0.0,1.2,1,0,1,18,0,1,1,0.2802021129995407,0.45714285714285713,0,2,4,2,2,2,2.5,0,2,1
0,0,0,2,0,0,0,0,0.0,0.0,0.0,1,1,1,18,0,1,1,0.2802021129995407,0.4606741573033708,0,1,4,1,2,1,2.0,0,2,1
1,0,1,0,0,5,4,9,12.25,0.8,1.8,0,0,1,18,0,1,1,0.2802021129995407,0.8653846153846154,0,3,3,2,2,2,2.25,0,0,0
1,0,0,1,0,6,3,12,11.5,0.5,2.0,0,0,1,20,0,1,1,0.55625,0.4941860465116279,1,1,1,1,1,2,1.25,0,0,0
1,0,0,1,0,7,6,9,12.571428571428571,0.8571428571428571,1.2857142857142858,0,0,1,25,2,1,1,0.55625,0.2786885245901639,1,1,3,2,2,2,2.25,2,0,0
1,0,0,1,0,6,6,9,12.0,1.0,1.5,0,0,1,18,0,1,1,0.2802021129995407,0.65,0,1,4,3,2,1,2.5,0,0,0
1,0,0,1,0,12,11,17,12.0,0.9166666666666666,1.4166666666666667,0,0,1,19,0,1,1,0.2802021129995407,0.4941860465116279,0,1,1,1,1,1,1.0,0,0,0
1,0,0,1,0,0,0,0,0.0,0.0,0.0,1,1,1,20,0,1,1,0.2802021129995407,0.4606741573033708,0,1,3,3,2,1,2.25,0,1,0
1,0,1,0,0,7,6,9,12.0,0.8571428571428571,1.2857142857142858,0,0,1,20,0,1,1,0.55625,0.20967741935483872,0,2,1,1,1,1,1.0,0,0,0
1,0,1,0,0,5,0,5,0.0,0.0,1.0,1,0,1,19,0,1,1,0.2802021129995407,0.4944649446494465,0,2,3,1,2,1,1.75,0,0,0
0,0,0,2,0,5,0,5,0.0,0.0,1.0,1,0,1,20,0,1,1,0.55625,0.4944649446494465,0,1,1,1,1,1,1.0,0,2,1
1,0,0,1,0,6,4,15,10.5,0.6666666666666666,2.5,0,0,1,24,2,1,1,0.55625,0.4337899543378995,0,1,1,1,1,1,1.0,2,0,0
1,0,0,1,0,6,5,8,12.857142857142858,0.8333333333333334,1.3333333333333333,0,0,1,20,0,1,1,0.55625,0.4941860465116279,1,1,1,1,1,1,1.0,0,0,0
1,0,0,1,0,5,2,7,13.0,0.4,1.4,0,0,1,23,1,1,1,0.55625,0.8653846153846154,0,1,3,2,2,2,2.25,1,0,0
1,0,0,1,0,11,11,11,12.454545454545457,1.0,1.0,0,0,1,21,1,1,0,0.55625,0.36597938144329895,0,4,3,1,0,0,1.0,1,0,0
1,0,0,1,0,5,3,6,11.0,0.6,1.2,0,0,1,20,0,1,1,0.2802021129995407,0.8653846153846154,0,2,0,1,1,1,0.75,0,0,0
1,0,1,0,0,6,6,6,15.5,1.0,1.0,0,0,1,18,0,1,1,0.2802021129995407,0.3400673400673401,0,1,3,2,1,1,1.75,0,0,0
1,0,0,1,0,6,6,8,12.333333333333334,1.0,1.3333333333333333,0,0,1,18,0,1,1,0.2802021129995407,0.45714285714285713,0,3,3,3,2,2,2.5,0,0,0
1,0,1,0,0,6,6,7,11.333333333333334,1.0,1.1666666666666667,0,0,1,18,0,1,1,0.2802021129995407,0.3400673400673401,0,1,1,1,2,1,1.25,0,0,0
1,0,0,1,0,6,0,12,0.0,0.0,2.0,1,0,1,19,0,1,1,0.2802021129995407,0.3400673400673401,0,1,1,1,0,2,1.0,0,1,0
1,0,0,1,0,5,4,11,12.0,0.8,2.2,0,0,1,19,0,1,1,0.2802021129995407,0.65,0,1,1,1,2,1,1.25,0,0,0
1,1,0,2,0,5,2,11,12.5,0.4,2.2,0,0,1,33,3,1,0,0.55625,0.6355140186915887,0,1,1,1,1,1,1.0,3,0,0
1,0,0,1,0,12,12,12,13.666666666666666,1.0,1.0,0,0,1,21,1,1,1,0.55625,0.4606741573033708,0,1,4,3,2,2,2.75,1,0,0
0,1,0,3,1,6,2,17,14.5,0.3333333333333333,2.8333333333333335,0,0,1,25,2,2,1,0.55625,0.4941860465116279,0,1,3,2,2,2,2.25,2,0,0
1,0,1,0,0,6,4,10,13.2,0.6666666666666666,1.6666666666666667,0,0,1,20,0,1,1,0.2802021129995407,0.3423076923076923,0,1,3,3,2,1,2.25,0,0,0
1,0,1,0,0,7,5,11,12.166666666666666,0.7142857142857143,1.5714285714285714,0,0,1,22,1,1,1,0.2802021129995407,0.3423076923076923,1,1,3,3,1,2,2.25,1,0,0
1,0,0,1,0,6,4,10,11.25,0.6666666666666666,1.6666666666666667,0,0,0,39,4,3,1,0.55625,0.3400673400673401,1,1,1,1,1,1,1.0,0,0,0
1,0,1,0,0,6,6,8,15.166666666666666,1.0,1.3333333333333333,0,0,1,21,1,1,1,0.2802021129995407,0.4337899543378995,0,2,4,3,1,2,2.5,1,0,0
1,0,1,0,0,6,6,8,11.166666666666666,1.0,1.3333333333333333,0,0,0,19,0,1,1,0.2802021129995407,0.45714285714285713,0,1,3,3,1,1,2.0,0,0,0
1,0,1,0,0,7,6,8,10.983333333333334,0.8571428571428571,1.1428571428571428,0,0,0,26,2,1,1,0.55625,0.17717717717717718,1,1,1,1,1,1,1.0,0,0,0
1,0,1,0,0,6,4,8,10.75,0.6666666666666666,1.3333333333333333,0,0,0,19,0,1,1,0.55625,0.20967741935483872,0,2,1,3,2,2,2.0,0,0,0
0,0,1,1,0,12,11,15,13.384615384615383,0.9166666666666666,1.25,0,0,0,20,0,1,1,0.2802021129995407,0.3423076923076923,1,1,3,4,2,1,2.5,0,0,0
1,0,0,1,0,6,0,13,0.0,0.0,2.1666666666666665,1,0,1,24,2,1,0,0.55625,0.36597938144329895,0,1,1,1,1,1,1.0,2,1,0
1,0,0,1,0,5,4,7,13.0,0.8,1.4,0,0,1,20,0,1,1,0.2802021129995407,0.8653846153846154,0,5,1,2,2,0,1.25,0,0,0
1,0,0,1,0,6,6,9,16.11111111111111,1.0,1.5,0,0,1,29,3,2,1,0.55625,0.4941860465116279,0,1,1,1,1,1,1.0,3,0,0
1,0,0,1,0,6,6,8,11.5,1.0,1.3333333333333333,0,0,1,20,0,1,1,0.2802021129995407,0.3400673400673401,0,1,3,4,1,1,2.25,0,0,0
1,0,0,1,0,6,4,15,10.75,0.6666666666666666,2.5,0,0,1,20,0,1,1,0.55625,0.65,1,1,4,4,1,1,2.5,0,0,0
1,0,1,0,0,6,4,10,11.6,0.6666666666666666,1.6666666666666667,0,0,1,24,2,1,1,0.55625,0.4337899543378995,1,1,1,3,1,1,1.5,2,0,0
1,1,0,2,0,7,0,21,0.0,0.0,3.0,1,0,1,24,2,1,1,0.55625,0.17717717717717718,1,1,3,4,1,1,2.25,2,2,0
1,0,0,1,0,5,5,5,13.8,1.0,1.0,0,0,1,23,1,1,1,0.6412213740458015,0.8653846153846154,1,1,4,3,1,1,2.25,1,0,0
1,0,0,1,0,7,7,8,13.585714285714284,1.0,1.1428571428571428,0,0,1,20,0,1,1,0.55625,0.4782608695652174,0,1,3,1,1,1,1.5,0,0,0
1,0,0,1,0,6,6,8,13.857142857142858,1.0,1.3333333333333333,0,0,1,19,0,1,1,0.2802021129995407,0.4337899543378995,0,2,3,3,2,0,2.0,0,0,0
1,0,1,0,0,6,6,9,13.444444444444445,1.0,1.5,0,0,1,20,0,1,1,0.55625,0.4941860465116279,1,1,3,1,2,2,2.0,0,0,0
1,0,0,1,0,6,6,6,14.0,1.0,1.0,0,0,1,18,0,1,1,0.2802021129995407,0.2786885245901639,0,1,1,1,2,2,1.5,0,0,0
1,1,0,2,0,6,1,10,12.0,0.16666666666666666,1.6666666666666667,0,0,1,20,0,1,1,0.2802021129995407,0.4337899543378995,0,1,3,3,0,0,1.5,0,0,0
1,0,0,1,0,5,5,5,14.2,1.0,1.0,0,0,1,33,3,2,0,0.55625,0.6355140186915887,0,1,1,2,1,2,1.5,3,0,0
0,0,0,2,0,6,3,12,11.0,0.5,2.0,0,0,0,19,0,1,1,0.2802021129995407,0.3400673400673401,0,5,1,1,1,1,1.0,0,0,0
1,0,0,1,0,0,0,0,0.0,0.0,0.0,1,1,1,19,0,1,1,0.2802021129995407,0.4606741573033708,0,1,1,1,1,1,1.0,0,1,0
1,0,0,1,0,13,13,13,14.0,1.0,1.0,0,0,1,22,1,1,1,0.55625,0.2786885245901639,0,1,1,1,1,1,1.0,1,0,0
1,0,0,1,0,7,0,0,0.0,0.0,0.0,1,1,0,39,4,1,1,0.55625,0.17717717717717718,0,1,3,3,2,2,2.5,0,1,0
0,0,0,2,0,1,0,1,0.0,0.0,1.0,1,0,1,22,1,1,1,0.2802021129995407,0.45714285714285713,0,1,3,3,2,1,2.25,1,2,1
1,0,1,0,0,0,0,0,0.0,0.0,0.0,1,1,1,19,0,1,1,0.2802021129995407,0.4606741573033708,0,1,1,1,1,1,1.0,0,0,0
1,0,0,1,0,6,6,6,13.5,1.0,1.0,0,0,0,19,0,1,1,0.55625,0.45714285714285713,0,1,4,3,1,1,2.25,0,0,0
1,0,0,1,0,7,0,0,0.0,0.0,0.0,1,1,0,19,0,1,1,0.2802021129995407,0.17717717717717718,0,1,1,1,1,1,1.0,0,1,0
1,0,1,0,0,17,17,18,13.38888888888889,1.0,1.0588235294117647,0,0,0,21,1,1,1,0.2802021129995407,0.4606741573033708,0,1,1,1,1,1,1.0,0,0,0
0,0,0,2,0,7,0,0,0.0,0.0,0.0,1,1,0,39,4,1,1,0.6412213740458015,0.17717717717717718,2,1,1,3,2,1,1.75,0,2,1
1,0,0,1,0,12,12,12,13.583333333333334,1.0,1.0,0,0,1,19,0,1,1,0.2802021129995407,0.4606741573033708,0,1,1,3,2,1,1.75,0,0,0
0,1,0,3,1,5,0,5,0.0,0.0,1.0,1,0,1,24,2,1,1,0.55625,0.4944649446494465,1,1,3,3,1,2,2.25,2,3,1
1,0,0,1,0,5,1,9,10.0,0.2,1.8,0,0,1,27,2,1,0,0.55625,0.6355140186915887,0,1,1,2,1,1,1.25,2,0,0
1,0,0,1,0,5,5,5,15.2,1.0,1.0,0,0,1,29,3,2,0,0.55625,0.6355140186915887,0,1,1,1,1,1,1.0,3,0,0
1,0,0,1,0,6,4,12,12.8,0.6666666666666666,2.0,0,0,1,20,0,1,1,0.2802021129995407,0.3423076923076923,0,1,1,3,1,2,1.75,0,0,0
1,0,0,1,0,5,5,7,11.166666666666666,1.0,1.4,0,0,1,21,1,1,1,0.2802021129995407,0.4337899543378995,0,1,1,3,1,2,1.75,1,0,0
1,0,0,1,0,8,7,9,12.828571428571427,0.875,1.125,0,0,1,19,0,1,1,0.2802021129995407,0.17717717717717718,0,1,3,3,2,2,2.5,0,0,0
0,1,0,3,1,6,6,6,12.5,1.0,1.0,0,0,1,19,0,1,1,0.2802021129995407,0.3400673400673401,0,1,3,3,1,1,2.0,0,0,0
1,0,1,0,0,5,3,12,10.0,0.6,2.4,0,0,1,28,3,1,1,0.55625,0.8653846153846154,0,1,1,1,1,1,1.0,3,0,0
0,0,0,2,0,6,6,6,11.5,1.0,1.0,0,0,0,21,1,1,1,0.36666666666666664,0.45714285714285713,0,1,1,3,1,1,1.5,0,0,0
0,1,0,3,1,8,7,11,11.328571428571427,0.875,1.375,0,0,0,23,1,1,1,0.55625,0.17717717717717718,0,1,4,4,1,1,2.5,0,0,0
1,0,0,1,0,7,6,7,13.033333333333331,0.8571428571428571,1.0,0,0,0,18,0,1,1,0.2802021129995407,0.17717717717717718,0,3,1,3,1,1,1.5,0,0,0
1,0,0,1,0,6,6,8,12.166666666666666,1.0,1.3333333333333333,0,0,0,59,4,2,1,0.36666666666666664,0.3400673400673401,0,1,1,1,1,2,1.25,0,0,0
1,0,0,1,0,5,5,7,14.4,1.0,1.4,0,0,0,18,0,1,1,0.2802021129995407,0.3423076923076923,0,1,3,1,1,1,1.5,0,0,0
1,0,0,1,0,7,0,14,0.0,0.0,2.0,1,0,0,27,2,1,1,0.55625,0.17717717717717718,0,1,1,2,1,1,1.25,0,1,0
1,0,1,0,0,6,6,6,12.666666666666666,1.0,1.0,0,0,0,18,0,1,1,0.2802021129995407,0.20967741935483872,0,1,1,2,1,0,1.0,0,0,0
0,1,0,3,1,6,2,14,12.0,0.3333333333333333,2.3333333333333335,0,0,0,20,0,1,1,0.55625,0.5985915492957746,0,5,1,2,1,1,1.25,0,0,0
0,0,0,2,0,5,0,6,0.0,0.0,1.2,1,0,0,32,3,2,1,0.55625,0.8653846153846154,2,1,1,1,2,1,1.25,0,2,1
1,0,0,1,0,5,3,5,11.666666666666666,0.6,1.0,0,0,0,19,0,1,1,0.2802021129995407,0.4944649446494465,0,1,1,1,2,1,1.25,0,0,0
1,0,0,1,0,6,0,0,0.0,0.0,0.0,1,1,0,41,4,2,1,0.55625,0.5985915492957746,1,1,1,1,1,1,1.0,0,1,0
1,0,0,1,0,5,1,12,10.0,0.2,2.4,0,0,0,38,4,3,0,0.2802021129995407,0.36597938144329895,0,5,1,2,0,0,0.75,0,0,0
1,0,0,1,0,7,0,8,0.0,0.0,1.1428571428571428,1,0,1,35,3,1,1,0.6412213740458015,0.65,2,1,1,3,2,1,1.75,3,1,0
1,0,0,1,0,6,4,11,12.25,0.6666666666666666,1.8333333333333333,0,0,0,27,2,1,0,0.55625,0.36597938144329895,0,1,3,1,0,0,1.0,0,0,0
1,0,0,1,0,6,4,10,12.0,0.6666666666666666,1.6666666666666667,0,0,0,19,0,1,1,0.2802021129995407,0.2786885245901639,0,1,3,1,2,1,1.75,0,0,0
0,0,0,2,0,5,0,5,0.0,0.0,1.0,1,0,0,39,4,2,0,0.55625,0.6355140186915887,2,1,3,1,0,0,1.0,0,2,1
0,0,0,2,0,5,0,5,0.0,0.0,1.0,1,0,0,37,4,2,1,0.6412213740458015,0.45714285714285713,2,1,1,1,1,1,1.0,0,2,1
0,0,0,2,0,8,0,8,0.0,0.0,1.0,1,0,0,37,4,3,1,0.55625,0.17717717717717718,0,1,1,1,1,1,1.0,0,2,1
1,0,1,0,0,16,16,16,12.6875,1.0,1.0,0,0,0,35,3,2,0,0.55625,0.36597938144329895,0,1,3,1,0,0,1.0,0,0,0
1,0,0,1,0,13,10,22,10.4,0.7692307692307693,1.6923076923076923,0,0,0,49,4,1,1,0.55625,0.4944649446494465,0,1,1,1,1,1,1.0,0,0,0
1,0,0,1,0,15,14,26,10.466666666666669,0.9333333333333333,1.7333333333333334,0,0,0,52,4,1,1,0.6412213740458015,0.4944649446494465,1,1,1,1,1,1,1.0,0,0,0
1,0,0,1,0,5,5,10,14.333333333333334,1.0,2.0,0,0,0,18,0,1,1,0.2802021129995407,0.3423076923076923,0,2,3,1,1,1,1.5,0,0,0
1,0,1,0,0,7,6,7,14.666666666666666,0.8571428571428571,1.0,0,0,0,30,3,1,0,0.55625,0.36597938144329895,0,1,1,1,1,1,1.0,0,0,0
1,0,0,1,0,7,7,7,12.835714285714284,1.0,1.0,0,0,0,21,1,1,1,0.2802021129995407,0.17717717717717718,0,2,3,2,1,1,1.75,0,0,0
1,0,0,1,0,5,0,5,0.0,0.0,1.0,1,0,1,20,0,1,1,0.2802021129995407,0.8653846153846154,0,1,1,2,1,1,1.25,0,1,0
1,0,0,1,0,0,0,0,0.0,0.0,0.0,1,1,1,19,0,1,1,0.2802021129995407,0.4606741573033708,0,1,1,1,1,1,1.0,0,1,0
1,0,0,1,0,8,8,8,13.24875,1.0,1.0,0,0,1,18,0,1,1,0.2802021129995407,0.17717717717717718,0,3,4,2,1,0,1.75,0,0,0
1,0,1,0,0,5,3,6,14.0,0.6,1.2,0,0,0,22,1,1,1,0.2802021129995407,0.4944649446494465,0,4,3,3,2,2,2.5,0,0,0
1,0,1,0,0,6,6,8,13.625,1.0,1.3333333333333333,0,0,0,19,0,1,1,0.2802021129995407,0.20967741935483872,0,5,3,2,1,1,1.75,0,0,0
1,0,1,0,0,7,7,8,14.85,1.0,1.1428571428571428,0,0,0,18,0,1,1,0.2802021129995407,0.17717717717717718,0,5,1,1,1,1,1.0,0,0,0
1,0,0,1,0,5,4,9,10.75,0.8,1.8,0,0,1,21,1,1,1,0.2802021129995407,0.4944649446494465,0,2,3,2,2,2,2.25,1,0,0
1,0,0,1,0,6,0,0,0.0,0.0,0.0,1,1,0,37,4,1,1,0.55625,0.65,0,1,1,1,1,2,1.25,0,1,0
0,1,0,3,1,6,0,8,0.0,0.0,1.3333333333333333,1,0,1,38,4,1,1,0.55625,0.4941860465116279,1,1,1,1,1,0,0.75,4,3,1
0,0,0,2,0,5,0,5,0.0,0.0,1.0,1,0,1,55,4,3,0,0.55625,0.6355140186915887,1,1,1,1,0,0,0.5,4,2,1
0,1,0,3,1,6,5,17,13.0,0.8333333333333334,2.8333333333333335,0,0,0,28,3,3,1,0.55625,0.4941860465116279,0,1,1,1,1,1,1.0,0,0,0
1,0,0,1,0,8,8,12,12.375,1.0,1.5,0,0,0,46,4,3,0,0.6412213740458015,0.6355140186915887,2,1,1,1,2,2,1.5,0,0,0
1,0,0,1,0,0,0,0,0.0,0.0,0.0,1,1,0,22,1,1,1,0.2802021129995407,0.4606741573033708,0,4,1,2,2,2,1.75,0,1,0
1,0,0,1,0,6,5,10,11.4,0.8333333333333334,1.6666666666666667,0,0,0,46,4,2,1,0.55625,0.4337899543378995,1,2,1,1,1,1,1.0,0,0,0
0,1,0,3,1,5,3,7,13.0,0.6,1.4,0,0,0,18,0,1,1,0.2802021129995407,0.3423076923076923,0,3,1,2,1,1,1.25,0,0,0
1,0,1,0,0,6,6,6,13.5,1.0,1.0,0,0,1,21,1,1,1,0.2802021129995407,0.3400673400673401,0,1,1,1,1,1,1.0,1,0,0
1,0,0,1,0,5,0,9,0.0,0.0,1.8,1,0,0,34,3,1,0,0.55625,0.6355140186915887,0,1,1,1,2,1,1.25,0,1,0
1,0,1,0,0,6,5,9,12.0,0.8333333333333334,1.5,0,0,0,21,1,1,1,0.2802021129995407,0.5985915492957746,0,1,1,1,1,1,1.0,0,0,0
1,0,1,0,0,6,5,8,13.0,0.8333333333333334,1.3333333333333333,0,0,0,18,0,1,1,0.2802021129995407,0.3400673400673401,0,1,1,2,1,1,1.25,0,0,0
1,0,0,1,0,0,0,0,0.0,0.0,0.0,1,1,1,20,0,1,1,0.2802021129995407,0.4606741573033708,0,1,4,1,1,1,1.75,0,1,0
1,0,0,1,0,6,2,13,10.5,0.3333333333333333,2.1666666666666665,0,0,1,19,0,1,1,0.2802021129995407,0.45714285714285713,0,1,1,1,1,2,1.25,0,0,0
1,0,0,1,0,6,6,7,12.666666666666666,1.0,1.1666666666666667,0,0,1,22,1,1,0,0.2802021129995407,0.36597938144329895,0,2,3,2,2,0,1.75,1,0,0
1,0,0,1,0,6,1,6,11.0,0.16666666666666666,1.0,0,0,1,23,1,1,1,0.55625,0.4941860465116279,1,1,3,2,2,1,2.0,1,0,0
1,0,0,1,0,0,0,0,0.0,0.0,0.0,1,1,1,19,0,1,1,0.2802021129995407,0.4606741573033708,0,4,4,3,1,0,2.0,0,1,0
0,1,1,2,1,0,0,0,0.0,0.0,0.0,1,1,1,19,0,1,1,0.2802021129995407,0.4606741573033708,0,3,1,1,1,2,1.25,0,2,1
1,0,1,0,0,6,6,7,15.571428571428571,1.0,1.1666666666666667,0,0,1,18,0,1,1,0.2802021129995407,0.3400673400673401,0,1,1,3,1,1,1.5,0,0,0
1,0,0,1,0,6,4,10,12.0,0.6666666666666666,1.6666666666666667,0,0,1,18,0,1,1,0.2802021129995407,0.20967741935483872,0,1,1,1,1,1,1.0,0,0,0
1,1,0,2,0,6,4,6,11.25,0.6666666666666666,1.0,0,0,1,19,0,1,1,0.2802021129995407,0.3400673400673401,0,1,1,1,1,1,1.0,0,0,0
1,0,0,1,0,0,0,0,0.0,0.0,0.0,1,1,1,18,0,1,1,0.2802021129995407,0.4606741573033708,0,4,3,3,0,2,2.0,0,1,0
1,0,0,1,0,6,6,8,12.142857142857142,1.0,1.3333333333333333,0,0,1,19,0,1,1,0.55625,0.4941860465116279,1,1,1,1,2,2,1.5,0,0,0
0,1,0,3,1,6,2,11,11.5,0.3333333333333333,1.8333333333333333,0,0,1,27,2,1,1,0.55625,0.4941860465116279,1,1,3,2,1,1,1.75,2,0,0
1,0,0,1,0,6,4,10,13.0,0.6666666666666666,1.6666666666666667,0,0,1,20,0,1,1,0.2802021129995407,0.45714285714285713,0,5,4,2,2,1,2.25,0,0,0
1,0,0,1,0,8,8,9,12.8875,1.0,1.125,0,0,1,18,0,1,1,0.2802021129995407,0.17717717717717718,0,5,4,4,1,1,2.5,0,0,0
1,0,0,1,0,6,6,7,12.833333333333334,1.0,1.1666666666666667,0,0,1,18,0,1,1,0.2802021129995407,0.2786885245901639,0,2,1,2,1,1,1.25,0,0,0
1,0,0,1,0,5,3,10,10.666666666666666,0.6,2.0,0,0,1,18,0,1,1,0.2802021129995407,0.4944649446494465,0,1,3,1,2,1,1.75,0,0,0
1,0,0,1,0,7,6,11,11.983333333333334,0.8571428571428571,1.5714285714285714,0,0,0,18,0,1,1,0.2802021129995407,0.17717717717717718,0,2,1,2,1,1,1.25,0,0,0
0,0,0,2,0,5,0,9,0.0,0.0,1.8,1,0,0,37,4,1,0,0.55625,0.36597938144329895,2,1,3,1,0,0,1.0,0,2,1
1,0,1,0,0,6,6,6,11.833333333333334,1.0,1.0,0,0,0,36,4,2,0,0.55625,0.36597938144329895,0,1,1,1,1,2,1.25,0,0,0
1,0,0,1,0,6,3,21,12.666666666666666,0.5,3.5,0,0,0,26,2,2,1,0.55625,0.3423076923076923,1,1,1,2,1,1,1.25,0,0,0
1,0,0,1,0,5,4,9,13.75,0.8,1.8,0,0,0,19,0,1,1,0.2802021129995407,0.3423076923076923,0,1,1,1,2,1,1.25,0,0,0
1,0,0,1,0,6,5,8,11.4,0.8333333333333334,1.3333333333333333,0,0,0,24,2,1,0,0.55625,0.36597938144329895,0,1,1,3,1,2,1.75,0,0,0
1,0,1,0,0,6,6,8,13.166666666666666,1.0,1.3333333333333333,0,0,0,19,0,1,1,0.2802021129995407,0.3400673400673401,0,2,1,3,1,1,1.5,0,0,0
1,0,1,0,0,7,6,10,12.833333333333334,0.8571428571428571,1.4285714285714286,0,0,0,20,0,1,1,0.55625,0.4337899543378995,0,1,3,3,1,0,1.75,0,0,0
1,0,0,1,0,6,6,8,14.125,1.0,1.3333333333333333,0,0,0,19,0,1,1,0.55625,0.4337899543378995,0,1,1,4,1,1,1.75,0,0,0
1,0,0,1,0,5,3,10,11.666666666666666,0.6,2.0,0,0,0,21,1,1,1,0.2802021129995407,0.3423076923076923,0,1,1,1,1,1,1.0,0,0,0
0,0,0,2,0,7,6,18,10.25,0.8571428571428571,2.5714285714285716,0,0,0,50,4,2,1,0.55625,0.4782608695652174,0,1,1,1,1,2,1.25,0,0,0
1,0,0,1,0,7,6,16,12.514285714285716,0.8571428571428571,2.2857142857142856,0,0,0,47,4,2,1,0.55625,0.4782608695652174,0,1,1,1,1,1,1.0,0,0,0
1,0,0,1,0,13,10,17,11.5,0.7692307692307693,1.3076923076923077,0,0,0,24,2,1,1,0.55625,0.5985915492957746,0,1,3,2,2,1,2.0,0,0,0
0,0,0,2,0,5,1,5,10.0,0.2,1.0,0,0,0,48,4,1,0,0.55625,0.6355140186915887,0,1,1,1,1,0,0.75,0,0,0
1,0,1,0,0,6,6,7,15.714285714285714,1.0,1.1666666666666667,0,0,0,18,0,1,1,0.2802021129995407,0.3423076923076923,0,1,1,4,1,2,2.0,0,0,0
1,0,0,1,0,6,4,9,12.5,0.6666666666666666,1.5,0,0,1,32,3,1,0,0.55625,0.6355140186915887,1,1,1,1,1,1,1.0,3,0,0
0,0,0,2,0,5,3,6,12.0,0.6,1.2,0,0,1,20,0,1,1,0.2802021129995407,0.4337899543378995,0,1,1,4,2,0,1.75,0,0,0
1,1,0,2,0,5,0,11,0.0,0.0,2.2,1,0,1,24,2,1,1,0.55625,0.8653846153846154,0,1,1,1,1,1,1.0,2,2,0
1,0,0,1,0,5,4,9,12.25,0.8,1.8,0,0,1,53,4,2,1,0.55625,0.65,1,1,1,1,1,1,1.0,4,0,0
0,1,0,3,1,4,0,5,0.0,0.0,1.25,1,0,1,42,4,2,1,0.55625,0.3400673400673401,1,1,1,2,1,2,1.5,4,3,1
1,0,0,1,0,5,5,5,13.6,1.0,1.0,0,0,1,52,4,2,0,0.55625,0.6355140186915887,1,1,1,1,1,1,1.0,4,0,0
1,0,0,1,0,5,5,6,12.2,1.0,1.2,0,0,1,49,4,2,0,0.55625,0.6355140186915887,0,1,1,1,1,0,0.75,4,0,0
1,0,1,0,0,6,6,7,12.285714285714286,1.0,1.1666666666666667,0,0,1,18,0,1,1,0.2802021129995407,0.4337899543378995,0,1,1,1,1,1,1.0,0,0,0
1,0,0,1,0,5,3,12,12.0,0.6,2.4,0,0,1,37,4,2,1,0.55625,0.65,0,1,3,2,2,2,2.25,4,0,0
1,0,1,0,0,7,6,9,13.342857142857143,0.8571428571428571,1.2857142857142858,0,0,1,21,1,1,1,0.2802021129995407,0.17717717717717718,0,1,3,3,2,2,2.5,1,0,0
1,1,0,2,0,5,0,5,0.0,0.0,1.0,1,0,1,26,2,1,1,0.55625,0.4337899543378995,2,1,1,1,1,2,1.25,2,2,0
1,0,0,1,0,12,11,12,14.272727272727272,0.9166666666666666,1.0,0,0,1,20,0,1,1,0.2802021129995407,0.2786885245901639,0,1,4,3,1,2,2.5,0,0,0
1,0,1,0,0,7,7,9,12.1375,1.0,1.2857142857142858,0,0,0,19,0,1,1,0.2802021129995407,0.17717717717717718,0,4,3,1,2,2,2.0,0,0,0
1,0,0,1,0,6,6,7,14.166666666666666,1.0,1.1666666666666667,0,0,0,18,0,1,1,0.2802021129995407,0.2786885245901639,0,2,1,1,1,1,1.0,0,0,0
1,0,0,1,0,7,7,7,13.528571428571428,1.0,1.0,0,0,0,18,0,1,1,0.2802021129995407,0.17717717717717718,0,5,3,3,2,2,2.5,0,0,0
1,0,0,1,0,6,5,8,12.0,0.8333333333333334,1.3333333333333333,0,0,0,20,0,1,0,0.2802021129995407,0.36597938144329895,0,2,1,2,1,1,1.25,0,0,0
1,0,0,1,0,5,5,5,11.4,1.0,1.0,0,0,0,20,0,1,1,0.2802021129995407,0.45714285714285713,0,4,4,4,2,2,3.0,0,0,0
1,0,0,1,0,0,0,0,0.0,0.0,0.0,1,1,0,21,1,1,1,0.2802021129995407,0.4606741573033708,0,2,4,2,2,1,2.25,0,1,0
1,0,0,1,0,12,12,12,12.916666666666666,1.0,1.0,0,0,0,22,1,1,1,0.2802021129995407,0.4606741573033708,0,2,3,2,2,2,2.25,0,0,0
1,0,1,0,0,7,7,8,13.6375,1.0,1.1428571428571428,0,0,0,18,0,1,1,0.55625,0.17717717717717718,0,1,3,1,2,1,1.75,0,0,0
1,0,0,1,0,7,7,10,12.9,1.0,1.4285714285714286,0,0,0,18,0,1,1,0.2802021129995407,0.17717717717717718,0,5,1,1,1,1,1.0,0,0,0
1,0,1,0,0,8,7,8,14.36,0.875,1.0,0,0,0,19,0,1,1,0.2802021129995407,0.17717717717717718,0,1,3,1,2,1,1.75,0,0,0
1,0,0,1,0,8,7,8,14.7,0.875,1.0,0,0,0,18,0,1,1,0.2802021129995407,0.17717717717717718,0,3,3,3,2,1,2.25,0,0,0
1,0,1,0,0,7,7,7,13.0,1.0,1.0,0,0,0,20,0,1,1,0.2802021129995407,0.4782608695652174,0,3,1,2,2,0,1.25,0,0,0
1,0,0,1,0,6,6,6,13.5,1.0,1.0,0,0,0,20,0,1,1,0.2802021129995407,0.5985915492957746,0,2,3,3,1,1,2.0,0,0,0
1,0,0,1,0,5,5,11,12.333333333333334,1.0,2.2,0,0,0,20,0,1,1,0.2802021129995407,0.3423076923076923,0,2,1,3,1,2,1.75,0,0,0
1,0,0,1,0,5,5,6,13.4,1.0,1.2,0,0,0,19,0,1,1,0.2802021129995407,0.4944649446494465,0,1,4,2,1,2,2.25,0,0,0
1,0,1,0,0,0,0,0,0.0,0.0,0.0,1,1,0,20,0,1,1,0.55625,0.4606741573033708,0,3,1,1,1,1,1.0,0,0,0
1,0,0,1,0,12,11,17,14.727272727272728,0.9166666666666666,1.4166666666666667,0,0,0,27,2,1,1,0.2802021129995407,0.3423076923076923,1,1,3,2,2,2,2.25,0,0,0
1,0,0,1,0,6,6,7,16.571428571428573,1.0,1.1666666666666667,0,0,0,18,0,1,1,0.2802021129995407,0.3423076923076923,0,2,4,4,1,1,2.5,0,0,0
1,0,0,1,0,7,7,10,15.145,1.0,1.4285714285714286,0,0,0,18,0,1,1,0.2802021129995407,0.17717717717717718,0,1,1,3,2,2,2.0,0,0,0
1,0,1,0,0,7,7,7,13.44285714285714,1.0,1.0,0,0,0,18,0,1,1,0.2802021129995407,0.17717717717717718,0,1,3,1,1,1,1.5,0,0,0
1,0,0,1,0,5,5,8,14.166666666666666,1.0,1.6,0,0,0,20,0,1,1,0.2802021129995407,0.3423076923076923,0,1,1,1,1,1,1.0,0,0,0
1,0,1,0,0,6,6,9,11.333333333333334,1.0,1.5,0,0,0,20,0,1,1,0.2802021129995407,0.20967741935483872,0,1,3,3,1,2,2.25,0,0,0
1,0,0,1,0,8,8,8,13.76125,1.0,1.0,0,0,0,18,0,1,1,0.2802021129995407,0.17717717717717718,0,4,4,2,1,1,2.0,0,0,0
0,1,0,3,1,7,5,9,11.6,0.7142857142857143,1.2857142857142858,0,0,0,22,1,1,1,0.55625,0.2786885245901639,1,1,3,1,2,2,2.0,0,0,0
1,1,1,1,0,6,4,7,12.75,0.6666666666666666,1.1666666666666667,0,0,0,22,1,1,0,0.2802021129995407,0.36597938144329895,0,1,1,1,1,1,1.0,0,0,0
1,0,0,1,0,6,6,13,15.307692307692308,1.0,2.1666666666666665,0,0,0,19,0,1,1,0.2802021129995407,0.3423076923076923,0,1,1,4,2,1,2.0,0,0,0
0,0,0,2,0,6,5,12,13.285714285714286,0.8333333333333334,2.0,0,0,0,21,1,1,1,0.55625,0.65,1,1,4,3,2,1,2.5,0,0,0
1,0,0,1,0,7,7,7,14.757142857142856,1.0,1.0,0,0,0,27,2,1,1,0.55625,0.17717717717717718,1,1,3,3,2,2,2.5,0,0,0
1,0,0,1,0,7,6,7,12.766666666666666,0.8571428571428571,1.0,0,0,0,18,0,1,1,0.2802021129995407,0.17717717717717718,0,4,3,3,2,1,2.25,0,0,0
0,0,0,2,0,5,5,5,10.4,1.0,1.0,0,0,0,18,0,1,1,0.2802021129995407,0.45714285714285713,0,3,3,3,2,2,2.5,0,0,0
1,0,0,1,0,7,0,0,0.0,0.0,0.0,1,1,1,19,0,1,1,0.2802021129995407,0.4782608695652174,0,1,4,4,1,1,2.5,0,1,0
1,0,1,0,0,5,4,10,10.5,0.8,2.0,0,0,1,35,3,3,0,0.55625,0.6355140186915887,0,1,3,3,2,2,2.5,3,0,0
1,0,0,1,0,5,4,6,14.25,0.8,1.2,0,0,1,23,1,1,1,0.2802021129995407,0.3423076923076923,0,1,1,2,2,0,1.25,1,0,0
1,0,0,1,0,7,3,11,11.916666666666666,0.42857142857142855,1.5714285714285714,0,0,1,28,3,1,1,0.55625,0.17717717717717718,0,1,3,1,1,1,1.5,3,0,0
1,1,0,2,0,5,4,5,12.0,0.8,1.0,0,0,1,20,0,1,1,0.2802021129995407,0.4337899543378995,0,2,1,3,1,2,1.75,0,0,0
1,0,0,1,0,5,3,7,11.0,0.6,1.4,0,0,1,21,1,1,1,0.2802021129995407,0.4337899543378995,0,1,4,4,2,2,3.0,1,0,0
1,0,0,1,0,6,6,6,14.166666666666666,1.0,1.0,0,0,1,18,0,1,1,0.2802021129995407,0.2786885245901639,0,3,1,1,1,1,1.0,0,0,0
1,0,0,1,0,6,6,6,14.666666666666666,1.0,1.0,0,0,1,22,1,1,1,0.2802021129995407,0.2786885245901639,0,5,4,4,1,1,2.5,1,0,0
1,0,0,1,0,5,0,11,0.0,0.0,2.2,1,0,1,21,1,1,1,0.2802021129995407,0.3423076923076923,0,3,1,3,1,1,1.5,1,1,0
0,1,0,3,1,7,3,8,12.666666666666666,0.42857142857142855,1.1428571428571428,0,0,1,38,4,1,1,0.6412213740458015,0.4782608695652174,2,1,4,4,1,1,2.5,4,0,0
1,0,0,1,0,0,0,0,0.0,0.0,0.0,1,1,1,19,0,1,1,0.55625,0.4606741573033708,0,4,1,1,1,1,1.0,0,1,0
0,0,0,2,0,6,0,0,0.0,0.0,0.0,1,1,1,19,0,1,1,0.55625,0.2786885245901639,0,3,3,1,2,1,1.75,0,2,1
1,0,1,0,0,7,7,7,13.7,1.0,1.0,0,0,1,19,0,1,1,0.2802021129995407,0.17717717717717718,0,1,1,1,1,1,1.0,0,0,0
1,0,0,1,0,5,0,0,0.0,0.0,0.0,1,1,1,31,3,1,1,0.55625,0.8653846153846154,2,1,4,4,2,0,2.5,3,1,0
1,0,1,0,0,6,6,6,13.333333333333334,1.0,1.0,0,0,1,19,0,1,1,0.2802021129995407,0.4337899543378995,0,1,1,1,1,1,1.0,0,0,0
1,0,0,1,0,6,5,7,11.4,0.8333333333333334,1.1666666666666667,0,0,1,22,1,1,1,0.2802021129995407,0.2786885245901639,0,1,1,1,2,1,1.25,1,0,0
1,0,0,1,0,5,0,5,0.0,0.0,1.0,1,0,1,25,2,1,1,0.55625,0.3423076923076923,0,1,3,3,0,1,1.75,2,1,0
1,0,0,1,0,7,7,7,16.142857142857142,1.0,1.0,0,0,1,18,0,1,1,0.2802021129995407,0.17717717717717718,0,1,3,3,1,1,2.0,0,0,0
1,0,0,1,0,8,0,8,0.0,0.0,1.0,1,0,1,30,3,1,1,0.6412213740458015,0.17717717717717718,2,1,1,1,0,0,0.5,3,1,0
1,0,1,0,0,8,8,8,15.63375,1.0,1.0,0,0,1,18,0,1,1,0.2802021129995407,0.17717717717717718,0,1,1,1,1,1,1.0,0,0,0
1,0,0,1,0,6,6,6,13.666666666666666,1.0,1.0,0,0,1,18,0,1,1,0.2802021129995407,0.3400673400673401,0,1,3,3,1,1,2.0,0,0,0
1,0,0,1,0,6,0,0,0.0,0.0,0.0,1,1,1,18,0,1,1,0.2802021129995407,0.3400673400673401,0,5,3,1,0,0,1.0,0,1,0
1,0,0,1,0,6,6,8,12.5,1.0,1.3333333333333333,0,0,1,18,0,1,1,0.2802021129995407,0.20967741935483872,0,1,1,1,1,1,1.0,0,0,0
1,0,1,0,0,6,6,8,12.285714285714286,1.0,1.3333333333333333,0,0,1,25,2,1,1,0.55625,0.4337899543378995,0,1,3,2,2,1,2.0,2,0,0
1,0,0,1,0,0,0,0,0.0,0.0,0.0,1,1,1,18,0,1,1,0.2802021129995407,0.4606741573033708,0,5,3,3,2,2,2.5,0,1,0
1,0,0,1,0,7,4,14,12.95,0.5714285714285714,2.0,0,0,1,25,2,1,1,0.55625,0.4782608695652174,1,1,1,3,1,0,1.25,2,0,0
1,0,0,1,0,7,6,7,12.45,0.8571428571428571,1.0,0,0,0,19,0,1,1,0.2802021129995407,0.17717717717717718,0,3,1,1,1,1,1.0,0,0,0
1,0,1,0,0,8,8,8,13.38125,1.0,1.0,0,0,0,20,0,1,1,0.2802021129995407,0.17717717717717718,0,3,1,2,1,2,1.5,0,0,0
0,0,0,2,0,7,5,10,12.16,0.7142857142857143,1.4285714285714286,0,0,0,33,3,1,1,0.55625,0.17717717717717718,0,1,4,3,2,0,2.25,0,0,0
1,0,1,0,0,6,6,8,12.75,1.0,1.3333333333333333,0,0,0,18,0,1,1,0.2802021129995407,0.20967741935483872,0,4,1,1,1,1,1.0,0,0,0
1,0,0,1,0,8,8,8,13.3425,1.0,1.0,0,0,0,19,0,1,1,0.2802021129995407,0.17717717717717718,0,2,3,2,2,0,1.75,0,0,0
1,0,1,0,0,7,7,10,14.175,1.0,1.4285714285714286,0,0,0,20,0,1,1,0.2802021129995407,0.17717717717717718,0,4,1,1,1,1,1.0,0,0,0
1,0,0,1,0,5,0,9,0.0,0.0,1.8,1,0,1,24,2,1,1,0.55625,0.8653846153846154,0,1,1,1,1,1,1.0,2,1,0
1,0,0,1,0,5,0,7,0.0,0.0,1.4,1,0,1,24,2,1,0,0.55625,0.6355140186915887,1,1,4,3,1,2,2.5,2,1,0
1,0,0,1,0,5,5,6,12.0,1.0,1.2,0,0,1,18,0,1,1,0.2802021129995407,0.3423076923076923,0,1,1,1,1,1,1.0,0,0,0
1,0,1,0,0,6,6,8,10.571428571428571,1.0,1.3333333333333333,0,0,0,18,0,1,1,0.2802021129995407,0.45714285714285713,0,2,1,1,1,1,1.0,0,0,0
1,0,0,1,0,12,11,19,14.153846153846152,0.9166666666666666,1.5833333333333333,0,0,0,22,1,1,1,0.55625,0.3423076923076923,0,1,4,4,1,1,2.5,0,0,0
1,0,1,0,0,6,6,9,11.166666666666666,1.0,1.5,0,0,0,18,0,1,1,0.2802021129995407,0.3400673400673401,0,1,4,3,1,1,2.25,0,0,0
1,0,0,1,0,17,17,20,12.0,1.0,1.1764705882352942,0,0,0,21,1,1,1,0.2802021129995407,0.4606741573033708,0,1,1,2,2,0,1.25,0,0,0
1,0,0,1,0,5,3,11,11.333333333333334,0.6,2.2,0,0,0,38,4,2,0,0.55625,0.6355140186915887,0,1,1,1,1,1,1.0,0,0,0
1,0,1,0,0,16,16,17,12.588235294117649,1.0,1.0625,0,0,0,29,3,1,1,0.55625,0.20967741935483872,0,1,3,1,0,0,1.0,0,0,0
0,0,0,2,0,6,0,0,0.0,0.0,0.0,1,1,0,18,0,1,1,0.2802021129995407,0.45714285714285713,0,1,1,1,2,1,1.25,0,2,1
1,0,0,1,0,12,12,13,12.25,1.0,1.0833333333333333,0,0,1,37,4,2,0,0.55625,0.6355140186915887,0,1,1,1,1,1,1.0,4,0,0
1,0,0,1,0,5,5,7,11.6,1.0,1.4,0,0,1,20,0,1,1,0.2802021129995407,0.4944649446494465,0,3,4,4,1,0,2.25,0,0,0
0,0,0,2,0,5,4,7,13.0,0.8,1.4,0,0,1,20,0,1,1,0.2802021129995407,0.65,0,1,1,2,0,1,1.0,0,0,0
1,1,0,2,0,5,3,11,10.666666666666666,0.6,2.2,0,0,1,40,4,2,1,0.55625,0.8653846153846154,0,1,1,1,1,0,0.75,4,0,0
0,0,0,2,0,5,2,7,11.0,0.4,1.4,0,0,1,21,1,1,1,0.2802021129995407,0.4944649446494465,0,1,3,3,1,1,2.0,1,0,0
1,0,0,1,0,7,6,10,13.428571428571429,0.8571428571428571,1.4285714285714286,0,0,1,21,1,1,1,0.55625,0.2786885245901639,1,1,4,2,2,1,2.25,1,0,0
1,0,0,1,0,8,8,10,13.05375,1.0,1.25,0,0,1,18,0,1,1,0.2802021129995407,0.17717717717717718,0,5,4,3,1,1,2.25,0,0,0
1,0,0,1,0,6,6,6,14.166666666666666,1.0,1.0,0,0,1,27,2,1,1,0.55625,0.4941860465116279,0,1,4,3,1,1,2.25,2,0,0
0,0,0,2,0,6,0,6,0.0,0.0,1.0,1,0,1,38,4,2,1,0.55625,0.2786885245901639,1,1,1,1,1,0,0.75,4,2,1
1,0,0,1,0,6,5,11,13.6,0.8333333333333334,1.8333333333333333,0,0,1,18,0,1,1,0.55625,0.65,0,1,4,4,1,1,2.5,0,0,0
1,0,0,1,0,6,6,8,13.714285714285714,1.0,1.3333333333333333,0,0,1,18,0,1,1,0.2802021129995407,0.65,0,1,4,2,1,1,2.0,0,0,0
0,1,0,3,1,6,3,10,11.666666666666666,0.5,1.6666666666666667,0,0,1,19,0,1,1,0.55625,0.3400673400673401,0,1,3,3,1,2,2.25,0,0,0
0,1,0,3,1,6,1,9,14.0,0.16666666666666666,1.5,0,0,1,44,4,1,1,0.55625,0.4337899543378995,0,1,1,1,0,0,0.5,4,0,0
1,0,0,1,0,6,4,20,12.5,0.6666666666666666,3.3333333333333335,0,0,1,26,2,1,1,0.55625,0.3423076923076923,1,1,3,3,2,2,2.5,2,0,0
0,1,0,3,1,6,5,11,11.833333333333334,0.8333333333333334,1.8333333333333333,0,0,1,24,2,1,1,0.55625,0.65,0,1,1,3,1,2,1.75,2,0,0
0,0,0,2,0,6,0,6,0.0,0.0,1.0,1,0,1,27,2,1,1,0.55625,0.4941860465116279,0,1,1,3,1,2,1.75,2,2,1
0,1,0,3,1,6,0,0,0.0,0.0,0.0,1,1,1,27,2,1,1,0.55625,0.4941860465116279,0,1,3,3,1,2,2.25,2,3,1
1,0,0,1,0,17,13,18,11.538461538461538,0.7647058823529411,1.0588235294117647,0,0,1,25,2,1,1,0.55625,0.2786885245901639,0,1,1,1,1,1,1.0,2,0,0
1,0,1,0,0,0,0,0,0.0,0.0,0.0,1,1,1,19,0,1,1,0.2802021129995407,0.4606741573033708,0,1,1,2,1,1,1.25,0,0,0
0,1,0,3,1,5,0,5,0.0,0.0,1.0,1,0,1,20,0,1,1,0.2802021129995407,0.8653846153846154,0,5,4,3,1,1,2.25,0,3,1
0,0,0,2,0,6,3,10,12.666666666666666,0.5,1.6666666666666667,0,0,0,22,1,1,1,0.55625,0.65,1,1,3,1,2,1,1.75,0,0,0
1,0,0,1,0,6,6,7,14.428571428571429,1.0,1.1666666666666667,0,0,0,19,0,1,1,0.2802021129995407,0.4337899543378995,0,4,4,2,1,1,2.0,0,0,0
1,0,1,0,0,7,7,7,13.117142857142856,1.0,1.0,0,0,0,18,0,1,1,0.2802021129995407,0.17717717717717718,0,4,3,3,2,1,2.25,0,0,0
1,1,0,2,0,6,6,7,12.666666666666666,1.0,1.1666666666666667,0,0,0,20,0,1,1,0.2802021129995407,0.20967741935483872,0,2,1,2,2,2,1.75,0,0,0
1,0,1,0,0,0,0,0,0.0,0.0,0.0,1,1,0,18,0,1,1,0.2802021129995407,0.4606741573033708,0,1,3,3,1,1,2.0,0,0,0
1,0,0,1,0,6,6,7,15.285714285714286,1.0,1.1666666666666667,0,0,1,36,4,1,1,0.55625,0.3400673400673401,0,1,3,2,1,2,2.0,4,0,0
1,1,0,2,0,5,3,12,10.5,0.6,2.4,0,0,1,19,0,1,1,0.36666666666666664,0.4944649446494465,0,1,1,4,2,2,2.25,0,0,0
1,0,1,0,0,11,11,11,12.636363636363637,1.0,1.0,0,0,1,21,1,1,1,0.2802021129995407,0.4944649446494465,1,1,3,3,2,2,2.5,1,0,0
1,0,0,1,0,5,0,6,0.0,0.0,1.2,1,0,0,26,2,1,1,0.2802021129995407,0.4944649446494465,0,1,1,1,1,1,1.0,0,1,0
0,1,0,3,1,9,3,9,14.333333333333334,0.3333333333333333,1.0,0,0,0,29,3,1,1,0.55625,0.4941860465116279,0,1,3,3,1,1,2.0,0,0,0
1,0,0,1,0,7,0,0,0.0,0.0,0.0,1,1,1,27,2,1,1,0.6412213740458015,0.17717717717717718,2,1,4,2,1,2,2.25,2,1,0
1,0,1,0,0,6,6,7,13.5,1.0,1.1666666666666667,0,0,0,19,0,1,1,0.2802021129995407,0.3400673400673401,0,2,3,3,1,1,2.0,0,0,0
0,0,0,2,0,4,0,4,0.0,0.0,1.0,1,0,1,20,0,1,1,0.2802021129995407,0.3400673400673401,0,3,3,4,0,0,1.75,0,2,1
1,0,0,1,0,9,9,11,12.8,1.0,1.2222222222222223,0,0,1,33,3,2,1,0.2802021129995407,0.45714285714285713,0,1,1,1,2,1,1.25,3,0,0
1,1,0,2,0,5,5,6,10.8,1.0,1.2,0,0,1,35,3,2,0,0.55625,0.6355140186915887,0,1,1,1,1,1,1.0,3,0,0
1,0,0,1,0,5,4,8,11.4,0.8,1.6,0,0,1,23,1,1,1,0.2802021129995407,0.4944649446494465,0,1,1,1,1,1,1.0,1,0,0
1,0,0,1,0,7,7,7,13.725714285714286,1.0,1.0,0,0,1,19,0,1,1,0.2802021129995407,0.17717717717717718,0,1,1,2,1,1,1.25,0,0,0
1,0,1,0,0,6,6,6,13.5,1.0,1.0,0,0,1,21,1,1,1,0.2802021129995407,0.2786885245901639,0,5,3,2,2,2,2.25,1,0,0
1,0,0,1,0,8,7,8,15.57,0.875,1.0,0,0,1,27,2,1,1,0.55625,0.17717717717717718,0,1,1,1,2,1,1.25,2,0,0
1,0,0,1,0,7,7,7,14.114285714285714,1.0,1.0,0,0,1,28,3,1,1,0.6412213740458015,0.17717717717717718,2,2,1,1,1,1,1.0,3,0,0
1,0,0,1,0,6,0,0,0.0,0.0,0.0,1,1,1,42,4,2,1,0.55625,0.20967741935483872,1,1,1,1,1,2,1.25,4,1,0
1,0,0,1,0,5,4,6,13.5,0.8,1.2,0,0,1,27,2,1,0,0.6412213740458015,0.6355140186915887,2,1,1,1,1,1,1.0,2,0,0
1,0,0,1,0,6,4,9,11.25,0.6666666666666666,1.5,0,0,1,23,1,1,1,0.2802021129995407,0.2786885245901639,0,1,4,4,0,1,2.25,1,0,0
1,0,1,0,0,6,6,7,12.142857142857142,1.0,1.1666666666666667,0,0,1,18,0,1,1,0.2802021129995407,0.45714285714285713,0,3,1,3,2,2,2.0,0,0,0
1,0,0,1,0,8,7,8,13.075714285714286,0.875,1.0,0,0,1,26,2,2,1,0.55625,0.17717717717717718,0,1,1,1,1,2,1.25,2,0,0
1,0,0,1,0,5,0,0,0.0,0.0,0.0,1,1,1,18,0,1,1,0.2802021129995407,0.4944649446494465,0,4,4,3,2,0,2.25,0,1,0
1,1,0,2,0,5,3,9,11.0,0.6,1.8,0,0,1,29,3,1,0,0.55625,0.6355140186915887,0,1,4,4,1,1,2.5,3,0,0
1,0,0,1,0,6,0,16,0.0,0.0,2.6666666666666665,1,0,1,22,1,1,1,0.2802021129995407,0.3423076923076923,0,1,3,3,2,1,2.25,1,1,0
1,0,1,0,0,8,7,8,13.512857142857142,0.875,1.0,0,0,0,19,0,1,1,0.2802021129995407,0.17717717717717718,0,3,1,1,1,1,1.0,0,0,0
1,0,1,0,0,6,6,7,12.833333333333334,1.0,1.1666666666666667,0,0,0,18,0,1,1,0.2802021129995407,0.20967741935483872,0,1,1,1,1,1,1.0,0,0,0
1,0,1,0,0,5,3,8,15.0,0.6,1.6,0,0,0,18,0,1,1,0.2802021129995407,0.3423076923076923,0,3,1,3,1,1,1.5,0,0,0
0,1,0,3,1,6,5,12,12.8,0.8333333333333334,2.0,0,0,0,40,4,1,1,0.55625,0.4941860465116279,1,1,1,1,2,1,1.25,0,0,0
0,1,0,3,1,6,3,14,12.333333333333334,0.5,2.3333333333333335,0,0,0,20,0,1,1,0.2802021129995407,0.45714285714285713,0,3,1,4,1,2,2.0,0,0,0
1,0,0,1,0,8,5,15,12.288,0.625,1.875,0,0,1,18,0,1,1,0.2802021129995407,0.17717717717717718,0,3,4,3,2,1,2.5,0,0,0
1,0,0,1,0,12,12,21,12.333333333333334,1.0,1.75,0,0,1,31,3,1,0,0.55625,0.36597938144329895,2,2,3,1,0,0,1.0,3,0,0
1,0,1,0,0,5,4,9,11.5,0.8,1.8,0,0,1,18,0,1,1,0.2802021129995407,0.4944649446494465,0,2,3,3,1,1,2.0,0,0,0
1,0,0,1,0,6,6,6,11.833333333333334,1.0,1.0,0,0,1,22,1,1,1,0.55625,0.4337899543378995,0,2,1,3,2,2,2.0,1,0,0
0,1,0,3,1,5,0,5,0.0,0.0,1.0,1,0,1,38,4,1,1,0.55625,0.4944649446494465,1,1,1,2,1,1,1.25,4,3,1
1,0,0,1,0,5,0,5,0.0,0.0,1.0,1,0,1,33,3,1,0,0.55625,0.6355140186915887,2,1,4,3,1,1,2.25,3,1,0
1,0,0,1,0,6,0,0,0.0,0.0,0.0,1,1,1,18,0,1,1,0.2802021129995407,0.4337899543378995,0,1,4,4,1,1,2.5,0,1,0
1,0,0,1,0,6,6,6,12.333333333333334,1.0,1.0,0,0,1,27,2,1,0,0.55625,0.6355140186915887,0,1,3,3,1,2,2.25,2,0,0
1,0,0,1,0,6,6,7,12.428571428571429,1.0,1.1666666666666667,0,0,1,26,2,1,1,0.55625,0.45714285714285713,0,1,1,1,1,1,1.0,2,0,0
1,0,1,0,0,7,7,7,12.765714285714289,1.0,1.0,0,0,0,19,0,1,1,0.2802021129995407,0.17717717717717718,0,5,3,2,2,2,2.25,0,0,0
1,0,0,1,0,7,5,11,12.1,0.7142857142857143,1.5714285714285714,0,0,1,44,4,2,1,0.55625,0.17717717717717718,0,1,1,1,1,1,1.0,4,0,0
1,0,0,1,0,5,5,10,12.0,1.0,2.0,0,0,1,19,0,1,1,0.2802021129995407,0.4944649446494465,0,2,1,1,1,1,1.0,0,0,0
1,0,0,1,0,6,0,6,0.0,0.0,1.0,1,0,1,20,0,1,1,0.55625,0.2786885245901639,0,1,3,1,2,1,1.75,0,1,0
1,0,0,1,0,14,13,19,11.357142857142858,0.9285714285714286,1.3571428571428572,0,0,0,31,3,3,0,0.55625,0.6355140186915887,0,1,1,1,2,2,1.5,0,0,0
1,0,0,1,0,6,6,6,13.5,1.0,1.0,0,0,0,25,2,1,1,0.55625,0.2786885245901639,0,1,1,1,1,1,1.0,0,0,0
0,1,0,3,1,6,0,6,0.0,0.0,1.0,1,0,0,19,0,1,1,0.2802021129995407,0.3400673400673401,0,4,4,1,1,1,1.75,0,3,1
1,0,0,1,0,7,7,7,13.884285714285712,1.0,1.0,0,0,0,18,0,1,1,0.2802021129995407,0.17717717717717718,0,3,4,4,2,2,3.0,0,0,0
1,0,0,1,0,6,2,12,11.666666666666666,0.3333333333333333,2.0,0,0,0,24,2,1,1,0.55625,0.4337899543378995,0,1,3,3,2,2,2.5,0,0,0
1,0,0,1,0,6,6,6,14.5,1.0,1.0,0,0,0,20,0,1,1,0.2802021129995407,0.20967741935483872,0,1,4,4,2,2,3.0,0,0,0
1,0,0,1,0,6,6,7,14.714285714285714,1.0,1.1666666666666667,0,0,0,18,0,1,1,0.2802021129995407,0.45714285714285713,0,1,1,1,1,2,1.25,0,0,0
1,0,1,0,0,6,6,7,13.285714285714286,1.0,1.1666666666666667,0,0,0,18,0,1,1,0.2802021129995407,0.20967741935483872,0,1,1,3,1,1,1.5,0,0,0
0,1,0,3,1,7,0,7,0.0,0.0,1.0,1,0,0,28,3,1,1,0.6412213740458015,0.17717717717717718,2,1,1,1,2,1,1.25,0,3,1
1,1,0,2,0,6,5,10,13.0,0.8333333333333334,1.6666666666666667,0,0,0,18,0,1,1,0.2802021129995407,0.5985915492957746,0,1,1,2,1,1,1.25,0,0,0
1,0,1,0,0,6,6,9,11.5,1.0,1.5,0,0,0,18,0,1,1,0.2802021129995407,0.20967741935483872,0,1,3,3,2,2,2.5,0,0,0
1,0,1,0,0,5,5,8,11.8,1.0,1.6,0,0,0,18,0,1,1,0.2802021129995407,0.4944649446494465,0,2,1,2,1,1,1.25,0,0,0
0,0,1,1,0,5,3,7,10.666666666666666,0.6,1.4,0,0,0,19,0,1,1,0.2802021129995407,0.4944649446494465,0,1,1,2,1,1,1.25,0,0,0
1,0,1,0,0,7,6,11,13.8875,0.8571428571428571,1.5714285714285714,0,0,0,19,0,1,1,0.2802021129995407,0.17717717717717718,0,1,1,1,2,1,1.25,0,0,0
1,1,1,1,0,6,5,7,11.4,0.8333333333333334,1.1666666666666667,0,0,0,20,0,1,1,0.2802021129995407,0.20967741935483872,0,1,1,1,2,2,1.5,0,0,0
1,0,0,1,0,11,9,17,12.333333333333334,0.8181818181818182,1.5454545454545454,0,0,0,34,3,2,0,0.55625,0.36597938144329895,0,1,1,2,1,2,1.5,0,0,0
1,0,0,1,0,8,8,8,13.427499999999998,1.0,1.0,0,0,0,19,0,1,1,0.2802021129995407,0.17717717717717718,0,3,4,2,1,1,2.0,0,0,0
1,0,0,1,0,6,6,6,15.166666666666666,1.0,1.0,0,0,0,24,2,1,1,0.55625,0.2786885245901639,0,1,3,2,2,2,2.25,0,0,0
1,0,0,1,0,6,0,12,0.0,0.0,2.0,1,0,0,18,0,1,1,0.55625,0.3400673400673401,0,1,1,1,0,1,0.75,0,1,0
1,0,0,1,0,5,2,11,10.5,0.4,2.2,0,0,1,19,0,1,1,0.2802021129995407,0.65,0,1,1,2,2,0,1.25,0,0,0
1,0,1,0,0,5,5,5,11.8,1.0,1.0,0,0,1,18,0,1,1,0.2802021129995407,0.4944649446494465,0,1,3,1,2,2,2.0,0,0,0
1,1,0,2,0,7,7,8,13.075,1.0,1.1428571428571428,0,0,1,19,0,1,1,0.2802021129995407,0.17717717717717718,0,5,3,3,1,1,2.0,0,0,0
1,0,0,1,0,6,4,8,11.6,0.6666666666666666,1.3333333333333333,0,0,1,19,0,1,1,0.2802021129995407,0.65,0,1,4,2,1,2,2.25,0,0,0
1,0,0,1,0,6,6,10,13.666666666666666,1.0,1.6666666666666667,0,0,1,19,0,1,1,0.2802021129995407,0.4941860465116279,0,1,1,4,1,1,1.75,0,0,0
1,0,0,1,0,5,4,9,10.75,0.8,1.8,0,0,1,41,4,2,0,0.55625,0.6355140186915887,0,1,1,1,1,0,0.75,4,0,0
1,0,0,1,0,7,6,10,13.492857142857144,0.8571428571428571,1.4285714285714286,0,0,1,19,0,1,1,0.2802021129995407,0.17717717717717718,0,2,4,4,1,1,2.5,0,0,0
0,0,0,2,0,7,0,0,0.0,0.0,0.0,1,1,1,23,1,1,1,0.6412213740458015,0.17717717717717718,2,1,3,3,1,0,1.75,1,2,1
1,0,0,1,0,5,5,12,13.285714285714286,1.0,2.4,0,0,1,18,0,1,1,0.2802021129995407,0.8653846153846154,0,1,1,1,1,1,1.0,0,0,0
1,0,0,1,0,5,5,6,12.6,1.0,1.2,0,0,1,19,0,1,1,0.2802021129995407,0.4944649446494465,0,1,4,2,2,2,2.5,0,0,0
1,0,0,1,0,6,6,7,14.0,1.0,1.1666666666666667,0,0,1,20,0,1,1,0.55625,0.4941860465116279,1,1,4,4,1,0,2.25,0,0,0
0,1,0,3,1,5,2,7,11.5,0.4,1.4,0,0,1,35,3,1,1,0.55625,0.3423076923076923,0,1,1,1,0,0,0.5,3,0,0
0,0,0,2,0,6,0,6,0.0,0.0,1.0,1,0,1,34,3,3,1,0.55625,0.4337899543378995,1,2,1,3,0,0,1.0,3,2,1
0,1,1,2,1,6,6,6,11.833333333333334,1.0,1.0,0,0,0,19,0,1,1,0.2802021129995407,0.2786885245901639,0,1,4,4,1,1,2.5,0,0,0
0,1,0,3,1,6,5,10,11.5,0.8333333333333334,1.6666666666666667,0,0,1,22,1,1,1,0.36666666666666664,0.20967741935483872,0,1,1,3,1,1,1.5,1,0,0
1,0,0,1,0,6,6,6,14.166666666666666,1.0,1.0,0,0,1,20,0,1,1,0.2802021129995407,0.2786885245901639,0,3,3,4,2,1,2.5,0,0,0
1,1,0,2,0,5,0,5,0.0,0.0,1.0,1,0,1,30,3,2,1,0.55625,0.8653846153846154,0,1,1,2,0,1,1.0,3,2,0
0,0,0,2,0,6,2,14,10.5,0.3333333333333333,2.3333333333333335,0,0,1,20,0,1,1,0.2802021129995407,0.45714285714285713,0,1,3,3,1,2,2.25,0,0,0
1,0,0,1,0,6,6,6,11.833333333333334,1.0,1.0,0,0,1,18,0,1,1,0.2802021129995407,0.2786885245901639,0,1,1,1,1,1,1.0,0,0,0
1,0,1,0,0,5,0,9,0.0,0.0,1.8,1,0,1,26,2,1,1,0.2802021129995407,0.65,0,1,0,2,2,2,1.5,2,0,0
1,0,0,1,0,5,5,5,12.4,1.0,1.0,0,0,1,26,2,1,0,0.55625,0.6355140186915887,0,1,3,3,2,1,2.25,2,0,0
0,0,0,2,0,5,2,5,10.5,0.4,1.0,0,0,1,26,2,1,1,0.55625,0.4944649446494465,0,2,1,2,1,1,1.25,2,0,0
0,1,0,3,1,5,0,9,0.0,0.0,1.8,1,0,1,31,3,1,0,0.55625,0.6355140186915887,0,1,1,1,1,2,1.25,3,3,1
1,0,1,0,0,12,12,12,14.583333333333334,1.0,1.0,0,0,1,20,0,1,1,0.2802021129995407,0.4606741573033708,0,3,1,2,1,1,1.25,0,0,0
1,0,0,1,0,6,6,6,11.666666666666666,1.0,1.0,0,0,1,19,0,1,1,0.2802021129995407,0.3400673400673401,0,1,1,3,0,0,1.0,0,0,0
0,1,0,3,1,5,0,5,0.0,0.0,1.0,1,0,1,23,1,1,1,0.2802021129995407,0.4337899543378995,0,1,3,4,1,1,2.25,1,3,1
1,0,1,0,0,7,1,14,13.0,0.14285714285714285,2.0,0,0,1,20,0,1,1,0.2802021129995407,0.17717717717717718,0,5,3,3,2,2,2.5,0,0,0
1,0,0,1,0,7,7,7,15.66,1.0,1.0,0,0,1,20,0,1,1,0.55625,0.17717717717717718,0,1,3,3,2,0,2.0,0,0,0
1,0,0,1,0,6,0,10,0.0,0.0,1.6666666666666667,1,0,1,29,3,1,0,0.55625,0.36597938144329895,0,1,3,1,0,0,1.0,3,1,0
1,0,1,0,0,6,6,6,12.166666666666666,1.0,1.0,0,0,1,20,0,1,1,0.2802021129995407,0.3400673400673401,0,4,1,2,1,1,1.25,0,0,0
1,0,0,1,0,7,6,7,13.3,0.8571428571428571,1.0,0,0,1,24,2,1,1,0.2802021129995407,0.17717717717717718,0,1,1,1,1,1,1.0,2,0,0
1,0,0,1,0,7,0,15,0.0,0.0,2.142857142857143,1,0,1,37,4,1,1,0.55625,0.4782608695652174,1,1,1,3,2,1,1.75,4,1,0
1,0,0,1,0,7,0,0,0.0,0.0,0.0,1,1,1,18,0,1,1,0.2802021129995407,0.17717717717717718,0,5,1,2,2,2,1.75,0,1,0
0,1,1,2,1,0,0,0,0.0,0.0,0.0,1,1,1,18,0,1,1,0.2802021129995407,0.4606741573033708,0,2,4,2,1,1,2.0,0,2,1
1,0,0,1,0,8,7,8,13.55714285714286,0.875,1.0,0,0,1,18,0,1,1,0.2802021129995407,0.17717717717717718,0,1,1,4,2,1,2.0,0,0,0
1,0,0,1,0,6,4,16,12.0,0.6666666666666666,2.6666666666666665,0,0,1,35,3,1,1,0.55625,0.4941860465116279,0,1,1,1,1,2,1.25,3,0,0
1,0,0,1,0,5,0,5,0.0,0.0,1.0,1,0,0,19,0,1,1,0.2802021129995407,0.45714285714285713,0,1,1,1,1,1,1.0,0,1,0
1,0,0,1,0,0,0,0,0.0,0.0,0.0,1,1,1,18,0,1,1,0.2802021129995407,0.4606741573033708,0,1,3,2,0,1,1.5,0,1,0
1,0,0,1,0,7,6,7,12.183333333333332,0.8571428571428571,1.0,0,0,0,19,0,1,1,0.2802021129995407,0.17717717717717718,0,1,1,4,1,2,2.0,0,0,0
0,0,0,2,0,9,6,18,11.833333333333334,0.6666666666666666,2.0,0,0,1,30,3,1,1,0.55625,0.4941860465116279,1,1,1,1,1,1,1.0,3,0,0
0,1,0,3,1,4,0,4,0.0,0.0,1.0,1,0,1,51,4,2,1,0.55625,0.3400673400673401,0,1,1,1,1,0,0.75,4,3,1
1,0,0,1,0,6,6,8,15.0,1.0,1.3333333333333333,0,0,0,18,0,1,1,0.55625,0.3423076923076923,0,1,4,2,1,1,2.0,0,0,0
1,0,0,1,0,0,0,0,0.0,0.0,0.0,1,1,0,18,0,1,1,0.2802021129995407,0.4606741573033708,0,1,3,3,1,2,2.25,0,1,0
1,0,0,1,0,0,0,0,0.0,0.0,0.0,1,1,0,18,0,1,1,0.2802021129995407,0.4606741573033708,0,1,2,1,2,2,1.75,0,1,0
1,0,1,0,0,8,8,8,13.435,1.0,1.0,0,0,0,18,0,1,1,0.2802021129995407,0.17717717717717718,0,5,1,1,1,1,1.0,0,0,0
1,0,0,1,0,5,4,8,13.5,0.8,1.6,0,0,0,18,0,1,1,0.2802021129995407,0.65,0,1,4,4,2,2,3.0,0,0,0
1,0,0,1,0,17,17,18,11.5,1.0,1.0588235294117647,0,0,0,23,1,1,1,0.55625,0.4606741573033708,0,1,3,3,2,2,2.5,0,0,0
0,1,0,3,1,6,5,7,12.2,0.8333333333333334,1.1666666666666667,0,0,0,18,0,1,1,0.2802021129995407,0.3400673400673401,0,1,4,4,1,1,2.5,0,0,0
1,0,0,1,0,0,0,0,0.0,0.0,0.0,1,1,0,18,0,1,1,0.2802021129995407,0.4606741573033708,0,1,1,1,2,1,1.25,0,1,0
1,0,0,1,0,11,10,15,14.5,0.9090909090909091,1.3636363636363635,0,0,0,21,1,1,1,0.2802021129995407,0.3423076923076923,1,1,4,3,1,1,2.25,0,0,0
1,1,0,2,0,6,6,7,13.333333333333334,1.0,1.1666666666666667,0,0,0,20,0,1,1,0.55625,0.3400673400673401,0,1,3,1,2,0,1.5,0,0,0
1,0,0,1,0,11,9,29,12.0,0.8181818181818182,2.6363636363636362,0,0,0,24,2,1,1,0.55625,0.3423076923076923,0,1,3,0,2,2,1.75,0,0,0
1,0,0,1,0,6,6,9,15.125,1.0,1.5,0,0,0,18,0,1,1,0.2802021129995407,0.65,0,1,3,3,2,2,2.5,0,0,0
1,0,0,1,0,7,6,7,13.116666666666667,0.8571428571428571,1.0,0,0,0,18,0,1,1,0.2802021129995407,0.17717717717717718,0,1,1,3,2,0,1.5,0,0,0
1,0,0,1,0,6,6,7,12.833333333333334,1.0,1.1666666666666667,0,0,0,19,0,1,1,0.2802021129995407,0.3400673400673401,0,1,1,3,1,1,1.5,0,0,0
1,0,1,0,0,6,6,6,13.333333333333334,1.0,1.0,0,0,0,20,0,1,1,0.55625,0.20967741935483872,1,1,3,1,2,1,1.75,0,0,0
1,0,0,1,0,7,7,7,13.877142857142855,1.0,1.0,0,0,0,18,0,1,1,0.2802021129995407,0.17717717717717718,0,5,4,1,1,1,1.75,0,0,0
1,0,0,1,0,8,7,8,12.944285714285714,0.875,1.0,0,0,0,18,0,1,1,0.2802021129995407,0.17717717717717718,0,5,1,3,1,0,1.25,0,0,0
1,0,0,1,0,7,6,7,14.266666666666666,0.8571428571428571,1.0,0,0,0,19,0,1,1,0.2802021129995407,0.17717717717717718,0,1,4,4,1,1,2.5,0,0,0
1,0,0,1,0,6,5,8,13.0,0.8333333333333334,1.3333333333333333,0,0,0,18,0,1,1,0.2802021129995407,0.4337899543378995,0,2,4,2,2,1,2.25,0,0,0
1,0,0,1,0,8,8,8,12.48375,1.0,1.0,0,0,0,20,0,1,1,0.2802021129995407,0.17717717717717718,0,2,1,1,1,1,1.0,0,0,0
1,0,0,1,0,7,7,8,13.428571428571429,1.0,1.1428571428571428,0,0,0,18,0,1,1,0.2802021129995407,0.4782608695652174,0,2,1,3,1,2,1.75,0,0,0
0,1,0,3,1,6,3,9,10.666666666666666,0.5,1.5,0,0,0,18,0,2,0,0.2802021129995407,0.36597938144329895,0,3,1,1,2,2,1.5,0,0,0
1,0,0,1,0,6,5,8,15.4,0.8333333333333334,1.3333333333333333,0,0,0,18,0,1,1,0.2802021129995407,0.5985915492957746,0,1,1,1,1,2,1.25,0,0,0
1,0,0,1,0,7,6,7,13.45,0.8571428571428571,1.0,0,0,0,18,0,1,1,0.2802021129995407,0.17717717717717718,0,4,3,1,2,1,1.75,0,0,0
1,0,1,0,0,7,6,7,12.6,0.8571428571428571,1.0,0,0,0,18,0,1,1,0.2802021129995407,0.17717717717717718,0,5,1,1,1,1,1.0,0,0,0
1,0,0,1,0,7,7,7,12.485714285714286,1.0,1.0,0,0,0,20,0,1,1,0.2802021129995407,0.17717717717717718,0,4,1,1,1,0,0.75,0,0,0
1,0,1,0,0,6,5,10,10.8,0.8333333333333334,1.6666666666666667,0,0,0,22,1,1,1,0.2802021129995407,0.2786885245901639,0,2,1,1,1,1,1.0,0,0,0
1,0,0,1,0,6,6,7,13.833333333333334,1.0,1.1666666666666667,0,0,0,18,0,1,1,0.2802021129995407,0.20967741935483872,0,2,1,1,1,1,1.0,0,0,0
1,0,0,1,0,5,5,5,13.2,1.0,1.0,0,0,0,18,0,1,1,0.2802021129995407,0.4944649446494465,0,3,1,1,1,1,1.0,0,0,0
1,1,1,1,0,6,1,7,14.0,0.16666666666666666,1.1666666666666667,0,0,0,18,0,1,1,0.2802021129995407,0.4337899543378995,0,1,3,1,2,1,1.75,0,0,0
1,0,0,1,0,8,8,8,13.875,1.0,1.0,0,0,0,19,0,1,1,0.2802021129995407,0.20967741935483872,0,1,3,3,2,0,2.0,0,0,0
1,0,1,0,0,5,5,7,12.5,1.0,1.4,0,0,0,19,0,1,1,0.2802021129995407,0.3423076923076923,0,1,1,2,1,2,1.5,0,0,0
1,0,1,0,0,6,6,7,13.428571428571429,1.0,1.1666666666666667,0,0,0,18,0,1,1,0.2802021129995407,0.3400673400673401,0,2,1,2,1,1,1.25,0,0,0
1,0,1,0,0,7,7,7,14.868571428571428,1.0,1.0,0,0,0,18,0,1,1,0.2802021129995407,0.17717717717717718,0,3,3,3,1,1,2.0,0,0,0
1,0,0,1,0,7,7,10,13.03,1.0,1.4285714285714286,0,0,0,18,0,1,1,0.2802021129995407,0.17717717717717718,0,4,1,3,1,1,1.5,0,0,0
1,0,0,1,0,6,6,7,14.571428571428571,1.0,1.1666666666666667,0,0,0,19,0,1,1,0.2802021129995407,0.4337899543378995,0,1,1,1,1,1,1.0,0,0,0
1,0,0,1,0,6,5,9,11.0,0.8333333333333334,1.5,0,0,0,18,0,1,1,0.2802021129995407,0.20967741935483872,0,2,1,2,2,2,1.75,0,0,0
1,0,1,0,0,8,8,8,13.3675,1.0,1.0,0,0,0,25,2,1,1,0.55625,0.17717717717717718,1,1,1,1,1,2,1.25,0,0,0
1,0,1,0,0,7,6,7,12.808333333333332,0.8571428571428571,1.0,0,0,0,19,0,1,1,0.2802021129995407,0.17717717717717718,0,4,1,1,1,1,1.0,0,0,0
1,0,0,1,0,7,7,7,13.918571428571427,1.0,1.0,0,0,0,18,0,1,1,0.2802021129995407,0.17717717717717718,0,5,3,1,2,2,2.0,0,0,0
1,0,0,1,0,6,6,8,13.0,1.0,1.3333333333333333,0,0,0,19,0,1,1,0.2802021129995407,0.65,0,1,4,3,1,0,2.0,0,0,0
1,0,0,1,0,7,6,7,13.683333333333332,0.8571428571428571,1.0,0,0,0,18,0,2,1,0.2802021129995407,0.17717717717717718,0,1,1,1,2,1,1.25,0,0,0
1,0,0,1,0,6,5,11,13.0,0.8333333333333334,1.8333333333333333,0,0,0,24,2,1,1,0.55625,0.3423076923076923,0,1,1,2,2,0,1.25,0,0,0
1,0,0,1,0,6,5,8,12.8,0.8333333333333334,1.3333333333333333,0,0,0,21,1,1,1,0.2802021129995407,0.3400673400673401,0,2,4,4,2,2,3.0,0,0,0
1,0,1,0,0,6,6,9,13.571428571428571,1.0,1.5,0,0,0,18,0,1,1,0.2802021129995407,0.45714285714285713,0,2,3,3,1,2,2.25,0,0,0
1,0,0,1,0,6,6,6,13.166666666666666,1.0,1.0,0,0,0,18,0,1,1,0.2802021129995407,0.20967741935483872,0,1,1,1,1,2,1.25,0,0,0
1,0,1,0,0,6,6,6,15.0,1.0,1.0,0,0,0,20,0,2,1,0.2802021129995407,0.2786885245901639,0,1,1,2,1,1,1.25,0,0,0
1,0,0,1,0,6,6,6,12.666666666666666,1.0,1.0,0,0,0,19,0,1,1,0.2802021129995407,0.2786885245901639,0,1,4,2,2,1,2.25,0,0,0
1,0,1,0,0,6,6,7,13.857142857142858,1.0,1.1666666666666667,0,0,0,19,0,1,1,0.2802021129995407,0.3400673400673401,0,2,3,2,2,1,2.0,0,0,0
1,0,0,1,0,7,7,7,14.692857142857145,1.0,1.0,0,0,0,30,3,1,1,0.2802021129995407,0.17717717717717718,0,4,1,1,1,1,1.0,0,0,0
1,0,0,1,0,8,8,8,14.035,1.0,1.0,0,0,0,18,0,1,1,0.2802021129995407,0.17717717717717718,0,1,1,1,1,2,1.25,0,0,0
1,0,0,1,0,5,4,8,11.0,0.8,1.6,0,0,0,18,0,1,1,0.2802021129995407,0.3423076923076923,0,1,3,2,2,0,1.75,0,0,0
1,0,1,0,0,6,6,6,13.333333333333334,1.0,1.0,0,0,0,18,0,1,1,0.2802021129995407,0.3400673400673401,0,1,1,1,1,1,1.0,0,0,0
1,0,0,1,0,7,6,13,11.7725,0.8571428571428571,1.8571428571428572,0,0,0,20,0,1,1,0.55625,0.17717717717717718,0,1,1,1,1,1,1.0,0,0,0
1,0,0,1,0,6,0,0,0.0,0.0,0.0,1,1,0,19,0,1,1,0.2802021129995407,0.45714285714285713,0,1,1,1,2,1,1.25,0,1,0
1,0,0,1,0,6,0,0,0.0,0.0,0.0,1,1,0,19,0,1,1,0.55625,0.45714285714285713,0,2,1,2,1,1,1.25,0,1,0
0,0,0,2,0,0,0,0,0.0,0.0,0.0,1,1,0,19,0,1,1,0.2802021129995407,0.4606741573033708,0,1,1,1,1,1,1.0,0,2,1
1,0,1,0,0,6,6,7,12.285714285714286,1.0,1.1666666666666667,0,0,0,18,0,1,1,0.2802021129995407,0.45714285714285713,0,4,3,1,1,2,1.75,0,0,0
1,0,0,1,0,7,6,10,12.166666666666666,0.8571428571428571,1.4285714285714286,0,0,0,19,0,1,1,0.55625,0.5985915492957746,0,1,1,1,2,0,1.0,0,0,0
1,0,0,1,0,8,7,8,14.805714285714286,0.875,1.0,0,0,0,25,2,1,1,0.6412213740458015,0.17717717717717718,2,1,1,1,2,2,1.5,0,0,0
1,0,0,1,0,6,5,11,10.6,0.8333333333333334,1.8333333333333333,0,0,0,19,0,1,1,0.2802021129995407,0.20967741935483872,0,1,1,1,2,1,1.25,0,0,0
1,1,1,1,0,6,6,6,12.833333333333334,1.0,1.0,0,0,0,19,0,1,1,0.2802021129995407,0.20967741935483872,0,1,3,3,2,1,2.25,0,0,0
1,0,1,0,0,6,5,9,13.0,0.8333333333333334,1.5,0,0,0,20,0,1,1,0.2802021129995407,0.4337899543378995,0,1,3,3,1,2,2.25,0,0,0
1,0,1,0,0,7,7,8,12.725,1.0,1.1428571428571428,0,0,0,20,0,1,1,0.2802021129995407,0.17717717717717718,0,2,3,3,2,2,2.5,0,0,0
1,0,0,1,0,5,4,10,11.25,0.8,2.0,0,0,0,19,0,1,1,0.2802021129995407,0.3423076923076923,0,1,3,4,2,1,2.5,0,0,0
1,0,0,1,0,12,11,12,13.818181818181818,0.9166666666666666,1.0,0,0,0,31,3,1,1,0.6412213740458015,0.4941860465116279,2,1,4,3,1,2,2.5,0,0,0
1,0,0,1,0,5,3,12,12.333333333333334,0.6,2.4,0,0,0,20,0,1,1,0.2802021129995407,0.3423076923076923,0,1,3,2,2,2,2.25,0,0,0
1,0,0,1,0,6,6,7,13.666666666666666,1.0,1.1666666666666667,0,0,0,18,0,1,1,0.2802021129995407,0.4337899543378995,0,4,3,4,2,1,2.5,0,0,0
1,0,1,0,0,6,6,6,14.833333333333334,1.0,1.0,0,0,0,20,0,1,1,0.2802021129995407,0.3423076923076923,0,1,4,2,1,2,2.25,0,0,0
1,0,1,0,0,6,5,7,11.2,0.8333333333333334,1.1666666666666667,0,0,0,19,0,1,1,0.2802021129995407,0.4337899543378995,0,2,1,2,1,2,1.5,0,0,0
1,0,1,0,0,5,5,6,11.4,1.0,1.2,0,0,0,21,1,1,1,0.2802021129995407,0.4944649446494465,0,1,1,2,2,2,1.75,0,0,0
1,0,0,1,0,7,7,8,13.135,1.0,1.1428571428571428,0,0,0,18,0,1,1,0.2802021129995407,0.17717717717717718,0,4,3,1,2,0,1.5,0,0,0
1,0,0,1,0,10,10,10,13.0,1.0,1.0,0,0,0,21,1,1,1,0.55625,0.2786885245901639,0,1,3,3,2,2,2.5,0,0,0
1,0,0,1,0,6,6,6,13.5,1.0,1.0,0,0,0,20,0,1,1,0.55625,0.20967741935483872,1,1,3,2,2,0,1.75,0,0,0
1,0,1,0,0,6,5,8,13.5,0.8333333333333334,1.3333333333333333,0,0,0,18,0,1,1,0.2802021129995407,0.4337899543378995,0,1,1,3,1,1,1.5,0,0,0
1,0,1,0,0,5,4,8,10.75,0.8,1.6,0,0,0,18,0,1,1,0.2802021129995407,0.4944649446494465,0,1,1,2,1,1,1.25,0,0,0
1,0,1,0,0,6,6,9,11.333333333333334,1.0,1.5,0,0,0,18,0,1,1,0.2802021129995407,0.20967741935483872,0,1,1,2,1,1,1.25,0,0,0
1,0,1,0,0,7,3,15,13.0,0.42857142857142855,2.142857142857143,0,0,0,21,1,1,1,0.55625,0.3423076923076923,1,1,1,1,2,2,1.5,0,0,0
1,0,0,1,0,7,6,7,13.966666666666669,0.8571428571428571,1.0,0,0,0,18,0,1,1,0.2802021129995407,0.17717717717717718,0,1,1,2,1,1,1.25,0,0,0
1,0,1,0,0,8,8,8,14.14125,1.0,1.0,0,0,0,18,0,1,1,0.2802021129995407,0.17717717717717718,0,1,1,3,1,1,1.5,0,0,0
1,0,1,0,0,6,4,10,11.6,0.6666666666666666,1.6666666666666667,0,0,0,20,0,1,1,0.2802021129995407,0.45714285714285713,0,2,1,1,1,1,1.0,0,0,0
1,0,1,0,0,8,8,8,14.6625,1.0,1.0,0,0,0,32,3,2,1,0.55625,0.17717717717717718,2,1,1,1,1,1,1.0,0,0,0
1,0,1,0,0,7,6,8,12.993333333333334,0.8571428571428571,1.1428571428571428,0,0,0,23,1,1,1,0.2802021129995407,0.17717717717717718,0,2,1,1,2,2,1.5,0,0,0
1,0,0,1,0,6,5,8,12.2,0.8333333333333334,1.3333333333333333,0,0,0,18,0,1,0,0.2802021129995407,0.36597938144329895,0,1,1,2,1,1,1.25,0,0,0
1,0,0,1,0,0,0,0,0.0,0.0,0.0,1,1,0,34,3,1,1,0.55625,0.4606741573033708,2,1,1,1,1,1,1.0,0,1,0
1,0,0,1,0,5,5,7,12.2,1.0,1.4,0,0,0,21,1,1,1,0.2802021129995407,0.4944649446494465,0,1,1,1,2,2,1.5,0,0,0
1,0,1,0,0,6,0,12,0.0,0.0,2.0,1,0,0,20,0,1,1,0.2802021129995407,0.45714285714285713,0,1,1,0,0,0,0.25,0,0,0
1,0,0,1,0,6,6,8,11.333333333333334,1.0,1.3333333333333333,0,0,0,18,0,1,1,0.2802021129995407,0.20967741935483872,0,5,3,2,0,1,1.5,0,0,0
1,0,0,1,0,6,6,8,13.857142857142858,1.0,1.3333333333333333,0,0,0,18,0,1,1,0.2802021129995407,0.3423076923076923,0,1,4,1,2,1,2.0,0,0,0
1,0,0,1,0,6,6,7,12.857142857142858,1.0,1.1666666666666667,0,0,0,18,0,1,1,0.2802021129995407,0.3400673400673401,0,1,1,1,1,1,1.0,0,0,0
1,0,0,1,0,6,1,10,10.0,0.16666666666666666,1.6666666666666667,0,0,0,24,2,1,0,0.55625,0.36597938144329895,0,1,1,1,2,1,1.25,0,0,0
0,1,0,3,1,15,14,17,10.214285714285714,0.9333333333333333,1.1333333333333333,0,0,0,32,3,1,1,0.55625,0.4944649446494465,0,1,1,2,1,1,1.25,0,0,0
0,1,0,3,1,6,6,14,11.285714285714286,1.0,2.3333333333333335,0,0,0,24,2,1,1,0.55625,0.45714285714285713,0,1,3,3,1,2,2.25,0,0,0
1,0,1,0,0,6,6,6,13.833333333333334,1.0,1.0,0,0,0,18,0,1,1,0.2802021129995407,0.20967741935483872,0,1,1,1,1,1,1.0,0,0,0
1,0,0,1,0,6,6,8,12.857142857142858,1.0,1.3333333333333333,0,0,0,28,3,1,1,0.55625,0.45714285714285713,0,1,1,1,1,1,1.0,0,0,0
1,0,1,0,0,6,6,8,11.666666666666666,1.0,1.3333333333333333,0,0,0,18,0,1,1,0.2802021129995407,0.5985915492957746,0,5,1,1,2,1,1.25,0,0,0
0,0,0,2,0,6,0,12,0.0,0.0,2.0,1,0,0,24,2,1,1,0.6412213740458015,0.5985915492957746,2,1,3,1,0,0,1.0,0,2,1
1,0,0,1,0,5,5,7,14.4,1.0,1.4,0,0,0,19,0,1,1,0.2802021129995407,0.3423076923076923,0,1,3,1,2,0,1.5,0,0,0
1,0,0,1,0,6,6,6,14.833333333333334,1.0,1.0,0,0,0,44,4,2,0,0.55625,0.36597938144329895,0,1,1,1,1,1,1.0,0,0,0
1,0,1,0,0,6,6,14,14.333333333333334,1.0,2.3333333333333335,0,0,0,18,0,1,1,0.2802021129995407,0.3423076923076923,0,3,1,1,1,1,1.0,0,0,0
1,0,0,1,0,0,0,0,0.0,0.0,0.0,1,1,0,18,0,1,1,0.2802021129995407,0.4606741573033708,0,1,1,1,1,1,1.0,0,1,0
1,0,0,1,0,6,0,0,0.0,0.0,0.0,1,1,0,22,1,1,1,0.2802021129995407,0.3400673400673401,0,5,3,3,0,0,1.5,0,1,0
1,0,1,0,0,7,6,9,12.333333333333334,0.8571428571428571,1.2857142857142858,0,0,0,18,0,1,1,0.55625,0.5985915492957746,0,1,1,1,1,1,1.0,0,0,0
1,0,0,1,0,5,5,5,11.8,1.0,1.0,0,0,0,44,4,2,0,0.55625,0.6355140186915887,0,1,1,1,1,2,1.25,0,0,0
1,1,0,2,0,6,5,7,13.2,0.8333333333333334,1.1666666666666667,0,0,0,33,3,3,1,0.55625,0.5985915492957746,1,1,1,3,1,2,1.75,0,0,0
0,1,0,3,1,6,0,6,0.0,0.0,1.0,1,0,0,32,3,2,1,0.55625,0.5985915492957746,0,1,1,1,1,1,1.0,0,3,1
0,0,0,2,0,6,0,0,0.0,0.0,0.0,1,1,0,35,3,2,1,0.55625,0.4941860465116279,0,1,1,2,2,2,1.75,0,2,1
1,0,0,1,0,6,6,6,11.5,1.0,1.0,0,0,0,20,0,1,1,0.2802021129995407,0.20967741935483872,0,1,1,2,2,2,1.75,0,0,0
1,0,0,1,0,6,5,8,12.6,0.8333333333333334,1.3333333333333333,0,0,0,24,2,1,1,0.55625,0.45714285714285713,0,1,4,3,2,2,2.75,0,0,0
1,0,0,1,0,7,7,7,13.542857142857144,1.0,1.0,0,0,0,19,0,1,1,0.2802021129995407,0.17717717717717718,0,1,1,3,1,0,1.25,0,0,0
1,0,1,0,0,6,6,7,13.666666666666666,1.0,1.1666666666666667,0,0,1,19,0,1,1,0.2802021129995407,0.3400673400673401,0,2,3,3,2,1,2.25,0,0,0
0,0,0,2,0,6,0,10,0.0,0.0,1.6666666666666667,1,0,1,27,2,1,1,0.55625,0.4941860465116279,0,1,1,3,1,1,1.5,2,2,1
0,0,0,2,0,6,0,0,0.0,0.0,0.0,1,1,0,30,3,1,1,0.55625,0.5985915492957746,0,1,1,3,1,2,1.75,0,2,1
1,0,0,1,0,0,0,0,0.0,0.0,0.0,1,1,1,21,1,1,1,0.2802021129995407,0.4606741573033708,0,4,1,1,1,1,1.0,1,1,0
1,0,0,1,0,6,6,6,11.5,1.0,1.0,0,0,1,19,0,1,1,0.2802021129995407,0.2786885245901639,0,1,3,1,1,1,1.5,0,0,0
1,0,0,1,0,7,7,7,11.828571428571427,1.0,1.0,0,0,1,18,0,1,1,0.55625,0.17717717717717718,0,1,4,2,2,0,2.0,0,0,0
1,0,0,1,0,0,0,0,0.0,0.0,0.0,1,1,1,21,1,1,1,0.2802021129995407,0.4606741573033708,0,1,4,4,2,2,3.0,1,1,0
1,0,1,0,0,7,6,7,12.966666666666669,0.8571428571428571,1.0,0,0,0,19,0,1,1,0.2802021129995407,0.17717717717717718,0,1,1,1,2,1,1.25,0,0,0
1,0,0,1,0,6,6,6,13.833333333333334,1.0,1.0,0,0,1,18,0,1,1,0.2802021129995407,0.3400673400673401,0,1,1,1,1,2,1.25,0,0,0
1,0,0,1,0,7,7,7,14.125714285714285,1.0,1.0,0,0,0,19,0,1,1,0.2802021129995407,0.17717717717717718,0,2,1,2,1,0,1.0,0,0,0
1,1,0,2,0,10,5,12,12.166666666666666,0.5,1.2,0,0,0,45,4,3,1,0.55625,0.45714285714285713,0,1,1,1,1,1,1.0,0,0,0
1,0,0,1,0,6,6,17,12.666666666666666,1.0,2.8333333333333335,0,0,0,26,2,1,1,0.55625,0.3423076923076923,0,1,1,1,1,2,1.25,0,0,0
1,0,0,1,0,4,0,4,0.0,0.0,1.0,1,0,1,51,4,2,0,0.55625,0.6355140186915887,0,2,1,1,1,1,1.0,4,1,0
1,1,1,1,0,6,6,8,12.285714285714286,1.0,1.3333333333333333,0,0,1,49,4,2,1,0.55625,0.3400673400673401,1,1,1,1,2,2,1.5,4,0,0
1,0,0,1,0,5,2,8,10.0,0.4,1.6,0,0,1,22,1,1,1,0.2802021129995407,0.4944649446494465,0,1,3,1,1,1,1.5,1,0,0
1,0,0,1,0,5,2,11,11.5,0.4,2.2,0,0,0,33,3,2,1,0.6412213740458015,0.65,2,1,4,4,1,1,2.5,0,0,0
1,0,0,1,0,5,5,6,11.6,1.0,1.2,0,0,0,20,0,1,1,0.55625,0.4337899543378995,0,1,1,1,1,1,1.0,0,0,0
1,0,1,0,0,6,6,6,12.5,1.0,1.0,0,0,0,18,0,1,1,0.2802021129995407,0.20967741935483872,0,4,1,2,1,1,1.25,0,0,0
0,1,0,3,1,6,3,9,11.666666666666666,0.5,1.5,0,0,0,20,0,1,1,0.2802021129995407,0.5985915492957746,0,5,1,1,1,1,1.0,0,0,0
1,0,0,1,0,10,7,11,13.428571428571429,0.7,1.1,0,0,0,37,4,2,0,0.2802021129995407,0.6355140186915887,0,1,1,1,2,2,1.5,0,0,0
1,0,0,1,0,6,6,6,13.666666666666666,1.0,1.0,0,0,1,18,0,1,1,0.2802021129995407,0.45714285714285713,0,1,1,3,1,2,1.75,0,0,0
1,0,0,1,0,6,6,6,12.5,1.0,1.0,0,0,0,19,0,1,1,0.2802021129995407,0.45714285714285713,0,3,3,2,1,1,1.75,0,0,0
1,0,0,1,0,6,6,7,13.0,1.0,1.1666666666666667,0,0,0,21,1,1,1,0.55625,0.3423076923076923,1,1,3,2,2,2,2.25,0,0,0
1,0,0,1,0,7,6,9,12.783333333333331,0.8571428571428571,1.2857142857142858,0,0,0,20,0,1,1,0.2802021129995407,0.17717717717717718,0,2,1,3,1,1,1.5,0,0,0
1,0,0,1,0,7,0,0,0.0,0.0,0.0,1,1,0,19,0,1,1,0.2802021129995407,0.17717717717717718,0,2,1,3,1,1,1.5,0,1,0
1,0,0,1,0,7,4,13,13.5,0.5714285714285714,1.8571428571428572,0,0,0,20,0,1,1,0.2802021129995407,0.4782608695652174,0,2,1,2,1,1,1.25,0,0,0
1,0,0,1,0,7,7,7,13.457142857142856,1.0,1.0,0,0,0,18,0,1,1,0.2802021129995407,0.17717717717717718,0,4,4,3,1,1,2.25,0,0,0
1,0,0,1,0,8,7,8,13.44285714285714,0.875,1.0,0,0,0,19,0,1,1,0.2802021129995407,0.17717717717717718,0,4,3,2,1,1,1.75,0,0,0
1,0,0,1,0,6,4,13,11.0,0.6666666666666666,2.1666666666666665,0,0,0,18,0,1,1,0.2802021129995407,0.20967741935483872,0,1,1,1,1,2,1.25,0,0,0
1,0,1,0,0,6,6,6,11.333333333333334,1.0,1.0,0,0,0,18,0,1,1,0.2802021129995407,0.20967741935483872,0,1,1,1,1,1,1.0,0,0,0
1,0,0,1,0,5,2,7,10.0,0.4,1.4,0,0,0,18,0,1,1,0.2802021129995407,0.3400673400673401,0,2,3,2,2,1,2.0,0,0,0
1,0,1,0,0,7,7,8,12.214285714285714,1.0,1.1428571428571428,0,0,0,18,0,1,1,0.2802021129995407,0.4782608695652174,0,2,3,2,2,1,2.0,0,0,0
1,0,1,0,0,6,6,6,14.166666666666666,1.0,1.0,0,0,0,19,0,1,1,0.2802021129995407,0.2786885245901639,0,1,1,2,1,1,1.25,0,0,0
1,1,1,1,0,12,12,13,12.846153846153848,1.0,1.0833333333333333,0,0,0,24,2,1,1,0.2802021129995407,0.4941860465116279,1,1,3,2,1,1,1.75,0,0,0
1,0,1,0,0,5,5,6,12.8,1.0,1.2,0,0,0,21,1,1,1,0.2802021129995407,0.4944649446494465,0,1,3,2,1,1,1.75,0,0,0
0,1,0,3,1,6,4,13,13.0,0.6666666666666666,2.1666666666666665,0,0,0,20,0,1,1,0.55625,0.3423076923076923,1,1,1,1,2,0,1.0,0,0,0
1,0,1,0,0,7,7,7,13.371428571428572,1.0,1.0,0,0,0,19,0,1,1,0.2802021129995407,0.17717717717717718,0,5,1,1,2,1,1.25,0,0,0
1,0,1,0,0,7,7,8,13.385714285714286,1.0,1.1428571428571428,0,0,0,19,0,1,1,0.2802021129995407,0.4782608695652174,0,5,1,2,1,1,1.25,0,0,0
1,0,0,1,0,8,7,8,13.328571428571427,0.875,1.0,0,0,0,18,0,1,1,0.2802021129995407,0.17717717717717718,0,3,3,3,1,1,2.0,0,0,0
1,0,0,1,0,6,5,12,14.0,0.8333333333333334,2.0,0,0,0,19,0,1,1,0.2802021129995407,0.3423076923076923,0,1,1,1,2,1,1.25,0,0,0
1,0,0,1,0,5,5,5,12.6,1.0,1.0,0,0,0,21,1,1,1,0.2802021129995407,0.4944649446494465,0,4,1,2,1,1,1.25,0,0,0
1,0,1,0,0,6,6,7,14.0,1.0,1.1666666666666667,0,0,0,19,0,1,1,0.2802021129995407,0.5985915492957746,0,2,3,1,1,1,1.5,0,0,0
1,0,1,0,0,6,6,7,13.428571428571429,1.0,1.1666666666666667,0,0,0,18,0,1,1,0.2802021129995407,0.45714285714285713,0,5,1,3,1,0,1.25,0,0,0
1,0,1,0,0,6,6,6,13.0,1.0,1.0,0,0,0,17,0,1,1,0.2802021129995407,0.2786885245901639,0,5,4,3,2,2,2.75,0,0,0
0,0,0,2,0,5,3,9,10.0,0.6,1.8,0,0,1,23,1,1,1,0.2802021129995407,0.4944649446494465,0,5,1,3,1,1,1.5,1,0,0
1,0,0,1,0,6,6,7,12.833333333333334,1.0,1.1666666666666667,0,0,0,19,0,1,1,0.2802021129995407,0.4337899543378995,0,1,3,1,1,0,1.25,0,0,0
1,0,0,1,0,7,6,7,12.916666666666666,0.8571428571428571,1.0,0,0,0,18,0,1,1,0.2802021129995407,0.17717717717717718,0,1,1,4,1,2,2.0,0,0,0
1,0,0,1,0,6,6,9,13.285714285714286,1.0,1.5,0,0,0,20,0,1,1,0.2802021129995407,0.4337899543378995,0,1,1,1,1,1,1.0,0,0,0
1,0,1,0,0,5,5,6,14.6,1.0,1.2,0,0,0,19,0,1,1,0.2802021129995407,0.3423076923076923,0,3,3,2,1,1,1.75,0,0,0
1,0,1,0,0,6,6,6,14.0,1.0,1.0,0,0,0,18,0,1,1,0.2802021129995407,0.20967741935483872,0,1,1,1,2,1,1.25,0,0,0
1,0,1,0,0,6,6,7,14.142857142857142,1.0,1.1666666666666667,0,0,0,19,0,1,1,0.2802021129995407,0.20967741935483872,0,2,1,1,1,2,1.25,0,0,0
1,0,0,1,0,6,6,8,11.666666666666666,1.0,1.3333333333333333,0,0,0,19,0,1,1,0.2802021129995407,0.20967741935483872,0,4,1,3,2,0,1.5,0,0,0
1,0,0,1,0,8,8,9,14.3775,1.0,1.125,0,0,0,18,0,1,1,0.2802021129995407,0.17717717717717718,0,1,1,1,2,1,1.25,0,0,0
1,0,0,1,0,7,7,8,12.5,1.0,1.1428571428571428,0,0,0,18,0,1,1,0.2802021129995407,0.17717717717717718,0,2,4,4,2,2,3.0,0,0,0
1,0,1,0,0,7,6,7,14.15,0.8571428571428571,1.0,0,0,0,19,0,1,1,0.2802021129995407,0.17717717717717718,0,5,1,1,1,1,1.0,0,0,0
1,0,1,0,0,8,7,12,12.471428571428572,0.875,1.5,0,0,0,19,0,1,1,0.2802021129995407,0.17717717717717718,0,1,1,1,1,1,1.0,0,0,0
1,0,0,1,0,7,6,7,14.15,0.8571428571428571,1.0,0,0,0,19,0,1,1,0.2802021129995407,0.17717717717717718,0,1,4,4,1,1,2.5,0,0,0
1,0,0,1,0,7,7,11,14.072222222222225,1.0,1.5714285714285714,0,0,0,21,1,1,1,0.2802021129995407,0.17717717717717718,0,2,1,1,1,1,1.0,0,0,0
1,0,0,1,0,6,6,7,14.857142857142858,1.0,1.1666666666666667,0,0,0,18,0,1,1,0.2802021129995407,0.3400673400673401,0,3,4,3,1,2,2.5,0,0,0
1,0,1,0,0,6,6,7,14.285714285714286,1.0,1.1666666666666667,0,0,0,19,0,1,1,0.2802021129995407,0.3400673400673401,0,1,1,1,1,1,1.0,0,0,0
0,0,0,2,0,4,0,4,0.0,0.0,1.0,1,0,0,18,0,1,1,0.2802021129995407,0.3400673400673401,0,4,1,1,0,0,0.5,0,2,1
1,0,0,1,0,6,0,0,0.0,0.0,0.0,1,1,0,30,3,1,0,0.6412213740458015,0.36597938144329895,2,1,3,3,2,2,2.5,0,1,0
1,0,0,1,0,6,6,8,15.0,1.0,1.3333333333333333,0,0,0,18,0,1,1,0.2802021129995407,0.65,0,1,4,4,2,2,3.0,0,0,0
1,0,1,0,0,7,6,7,12.633333333333333,0.8571428571428571,1.0,0,0,0,20,0,1,1,0.2802021129995407,0.17717717717717718,0,3,1,2,2,1,1.5,0,0,0
0,1,0,3,1,5,5,5,11.2,1.0,1.0,0,0,0,25,2,1,1,0.55625,0.4337899543378995,1,1,3,3,2,1,2.25,0,0,0
1,0,0,1,0,7,6,7,14.233333333333334,0.8571428571428571,1.0,0,0,0,18,0,1,1,0.2802021129995407,0.17717717717717718,0,5,1,1,1,1,1.0,0,0,0
1,0,0,1,0,8,7,8,15.7,0.875,1.0,0,0,0,18,0,1,1,0.2802021129995407,0.17717717717717718,0,1,4,4,1,1,2.5,0,0,0
1,0,0,1,0,7,6,7,15.2,0.8571428571428571,1.0,0,0,0,18,0,1,1,0.2802021129995407,0.17717717717717718,0,1,1,1,1,1,1.0,0,0,0
0,0,0,2,0,6,6,9,16.333333333333332,1.0,1.5,0,0,0,29,3,1,1,0.2802021129995407,0.5985915492957746,0,1,4,4,1,1,2.5,0,0,0
1,0,0,1,0,17,14,29,12.5625,0.8235294117647058,1.7058823529411764,0,0,0,20,0,1,1,0.55625,0.65,0,1,4,4,1,1,2.5,0,0,0
1,0,0,1,0,7,0,0,0.0,0.0,0.0,1,1,0,26,2,1,1,0.6412213740458015,0.17717717717717718,2,1,4,3,2,2,2.75,0,1,0
1,0,0,1,0,6,5,8,12.4,0.8333333333333334,1.3333333333333333,0,0,0,21,1,1,1,0.2802021129995407,0.20967741935483872,0,2,1,3,1,1,1.5,0,0,0
1,0,1,0,0,8,8,9,13.78125,1.0,1.125,0,0,0,19,0,1,1,0.55625,0.17717717717717718,0,1,1,2,1,1,1.25,0,0,0
1,1,0,2,0,6,6,10,12.166666666666666,1.0,1.6666666666666667,0,0,0,19,0,1,1,0.2802021129995407,0.45714285714285713,0,2,1,2,1,1,1.25,0,0,0
1,1,0,2,0,6,4,13,10.8,0.6666666666666666,2.1666666666666665,0,0,0,20,0,1,0,0.55625,0.36597938144329895,0,1,3,3,2,2,2.5,0,0,0
1,0,1,0,0,7,7,8,13.26,1.0,1.1428571428571428,0,0,0,18,0,1,1,0.2802021129995407,0.17717717717717718,0,5,1,1,1,1,1.0,0,0,0
0,0,0,2,0,6,4,10,12.0,0.6666666666666666,1.6666666666666667,0,0,0,20,0,1,1,0.2802021129995407,0.3400673400673401,0,2,3,2,2,0,1.75,0,0,0
1,0,1,0,0,6,6,9,11.875,1.0,1.5,0,0,0,20,0,1,1,0.2802021129995407,0.20967741935483872,0,1,1,1,1,1,1.0,0,0,0
1,0,0,1,0,6,6,6,13.333333333333334,1.0,1.0,0,0,0,18,0,1,1,0.2802021129995407,0.3400673400673401,0,1,1,1,1,1,1.0,0,0,0
1,0,0,1,0,6,6,7,14.428571428571429,1.0,1.1666666666666667,0,0,0,22,1,1,1,0.55625,0.3423076923076923,1,1,4,4,1,1,2.5,0,0,0
1,0,1,0,0,6,6,7,15.0,1.0,1.1666666666666667,0,0,0,19,0,1,1,0.2802021129995407,0.4941860465116279,0,1,1,3,1,1,1.5,0,0,0
1,0,0,1,0,7,7,9,15.155555555555557,1.0,1.2857142857142858,0,0,0,18,0,1,1,0.2802021129995407,0.4782608695652174,0,2,1,2,1,1,1.25,0,0,0
1,1,0,2,0,6,6,8,10.666666666666666,1.0,1.3333333333333333,0,0,0,20,0,1,1,0.2802021129995407,0.20967741935483872,0,1,1,1,2,2,1.5,0,0,0
1,0,0,1,0,6,5,9,11.0,0.8333333333333334,1.5,0,0,0,18,0,1,1,0.2802021129995407,0.5985915492957746,0,1,1,1,1,1,1.0,0,0,0
1,0,0,1,0,6,0,0,0.0,0.0,0.0,1,1,0,21,1,1,1,0.2802021129995407,0.4337899543378995,0,2,3,2,1,1,1.75,0,1,0
1,0,0,1,0,6,6,7,12.285714285714286,1.0,1.1666666666666667,0,0,0,19,0,1,1,0.2802021129995407,0.20967741935483872,0,1,3,2,2,2,2.25,0,0,0
1,0,0,1,0,8,8,8,12.82875,1.0,1.0,0,0,0,18,0,1,1,0.2802021129995407,0.17717717717717718,0,5,1,1,1,1,1.0,0,0,0
1,0,0,1,0,6,6,6,12.666666666666666,1.0,1.0,0,0,0,18,0,1,1,0.2802021129995407,0.3400673400673401,0,4,1,1,0,2,1.0,0,0,0
0,1,1,2,1,6,2,16,13.0,0.3333333333333333,2.6666666666666665,0,0,0,21,1,1,1,0.2802021129995407,0.3423076923076923,0,1,1,2,2,1,1.5,0,0,0
1,1,0,2,0,5,5,10,10.875,1.0,2.0,0,0,0,19,0,1,1,0.2802021129995407,0.4944649446494465,0,1,3,1,1,1,1.5,0,0,0
1,0,1,0,0,5,5,5,12.8,1.0,1.0,0,0,0,19,0,1,1,0.2802021129995407,0.4944649446494465,0,1,1,1,1,1,1.0,0,0,0
1,0,0,1,0,6,5,10,11.285714285714286,0.8333333333333334,1.6666666666666667,0,0,0,19,0,1,1,0.2802021129995407,0.20967741935483872,0,3,3,2,2,0,1.75,0,0,0
1,0,0,1,0,0,0,0,0.0,0.0,0.0,1,1,0,18,0,1,1,0.2802021129995407,0.4606741573033708,0,1,4,4,2,2,3.0,0,1,0
1,0,1,0,0,6,0,0,0.0,0.0,0.0,1,1,0,19,0,1,1,0.55625,0.45714285714285713,0,1,1,1,1,1,1.0,0,0,0
1,0,1,0,0,7,6,9,13.766666666666666,0.8571428571428571,1.2857142857142858,0,0,0,20,0,1,1,0.2802021129995407,0.17717717717717718,0,2,1,3,1,1,1.5,0,0,0
0,0,0,2,0,8,6,9,12.758333333333333,0.75,1.125,0,0,0,18,0,1,1,0.2802021129995407,0.17717717717717718,0,3,1,1,1,1,1.0,0,0,0
1,0,1,0,0,0,0,0,0.0,0.0,0.0,1,1,0,19,0,1,1,0.2802021129995407,0.4606741573033708,0,1,1,2,1,1,1.25,0,0,0
1,0,0,1,0,6,6,6,12.666666666666666,1.0,1.0,0,0,0,18,0,1,1,0.2802021129995407,0.2786885245901639,0,1,1,3,1,1,1.5,0,0,0
1,0,1,0,0,6,6,8,12.25,1.0,1.3333333333333333,0,0,0,19,0,1,1,0.2802021129995407,0.20967741935483872,0,1,3,1,1,1,1.5,0,0,0
1,0,0,1,0,5,3,8,11.333333333333334,0.6,1.6,0,0,0,20,0,1,1,0.2802021129995407,0.4944649446494465,0,2,1,1,2,1,1.25,0,0,0
1,0,1,0,0,7,7,9,13.507142857142856,1.0,1.2857142857142858,0,0,0,19,0,1,1,0.2802021129995407,0.17717717717717718,0,5,3,3,2,1,2.25,0,0,0
1,0,0,1,0,8,7,8,13.614285714285714,0.875,1.0,0,0,0,18,0,1,1,0.2802021129995407,0.17717717717717718,0,3,1,1,1,1,1.0,0,0,0
1,1,0,2,0,6,0,6,0.0,0.0,1.0,1,0,0,25,2,1,1,0.55625,0.45714285714285713,0,1,1,3,2,1,1.75,0,2,0
0,0,0,2,0,6,4,9,11.5,0.6666666666666666,1.5,0,0,0,18,0,1,1,0.2802021129995407,0.2786885245901639,0,5,1,1,1,1,1.0,0,0,0
1,0,0,1,0,6,6,7,12.333333333333334,1.0,1.1666666666666667,0,0,0,19,0,1,1,0.2802021129995407,0.3400673400673401,0,5,1,2,1,1,1.25,0,0,0
1,0,1,0,0,7,7,7,11.971428571428572,1.0,1.0,0,0,0,19,0,1,1,0.2802021129995407,0.4782608695652174,0,2,1,1,2,1,1.25,0,0,0
0,1,1,2,1,5,2,12,13.0,0.4,2.4,0,0,0,20,0,1,1,0.2802021129995407,0.4944649446494465,0,1,1,2,1,1,1.25,0,0,0
1,0,0,1,0,5,2,12,13.5,0.4,2.4,0,0,0,20,0,1,1,0.2802021129995407,0.3423076923076923,0,4,1,1,2,1,1.25,0,0,0
1,0,0,1,0,6,6,8,12.166666666666666,1.0,1.3333333333333333,0,0,0,21,1,1,1,0.2802021129995407,0.20967741935483872,0,1,3,3,1,1,2.0,0,0,0
1,0,0,1,0,0,0,0,0.0,0.0,0.0,1,1,0,19,0,1,1,0.2802021129995407,0.4606741573033708,0,2,4,3,1,2,2.5,0,1,0
1,0,0,1,0,6,6,6,11.666666666666666,1.0,1.0,0,0,0,42,4,2,0,0.55625,0.36597938144329895,1,1,1,1,1,1,1.0,0,0,0
1,0,1,0,0,6,5,7,13.4,0.8333333333333334,1.1666666666666667,0,0,0,19,0,1,1,0.2802021129995407,0.2786885245901639,0,1,1,1,1,2,1.25,0,0,0
1,0,0,1,0,6,6,11,12.0,1.0,1.8333333333333333,0,0,0,18,0,1,1,0.2802021129995407,0.45714285714285713,0,5,1,2,1,1,1.25,0,0,0
1,0,0,1,0,5,5,6,14.2,1.0,1.2,0,0,0,21,1,1,1,0.55625,0.3423076923076923,0,1,1,2,2,1,1.5,0,0,0
1,0,1,0,0,6,6,8,12.125,1.0,1.3333333333333333,0,0,0,20,0,1,1,0.2802021129995407,0.20967741935483872,0,1,1,1,1,1,1.0,0,0,0
1,0,0,1,0,7,7,7,13.857142857142858,1.0,1.0,0,0,0,20,0,1,1,0.2802021129995407,0.5985915492957746,0,1,3,2,2,2,2.25,0,0,0
1,0,0,1,0,7,7,9,14.283333333333337,1.0,1.2857142857142858,0,0,0,19,0,1,1,0.2802021129995407,0.17717717717717718,0,4,1,1,1,1,1.0,0,0,0
1,0,0,1,0,13,11,21,13.272727272727272,0.8461538461538461,1.6153846153846154,0,0,0,21,1,1,1,0.55625,0.20967741935483872,0,1,3,2,2,1,2.0,0,0,0
1,0,0,1,0,6,6,6,14.666666666666666,1.0,1.0,0,0,0,19,0,1,1,0.2802021129995407,0.2786885245901639,0,1,1,2,2,2,1.75,0,0,0
1,0,1,0,0,7,7,10,15.114999999999998,1.0,1.4285714285714286,0,0,0,19,0,1,1,0.2802021129995407,0.17717717717717718,0,1,1,2,1,1,1.25,0,0,0
1,0,0,1,0,6,6,13,15.0,1.0,2.1666666666666665,0,0,0,22,1,1,1,0.55625,0.3423076923076923,1,1,1,2,1,0,1.0,0,0,0
1,0,0,1,0,6,5,8,13.2,0.8333333333333334,1.3333333333333333,0,0,0,21,1,1,1,0.2802021129995407,0.5985915492957746,0,2,4,3,2,1,2.5,0,0,0
1,0,1,0,0,6,2,14,11.0,0.3333333333333333,2.3333333333333335,0,0,0,18,0,1,1,0.2802021129995407,0.45714285714285713,0,4,1,1,1,1,1.0,0,0,0
1,0,1,0,0,8,7,8,14.565714285714288,0.875,1.0,0,0,0,20,0,1,1,0.2802021129995407,0.17717717717717718,0,4,3,4,1,1,2.25,0,0,0
0,1,0,3,1,5,3,8,12.0,0.6,1.6,0,0,0,18,0,1,1,0.2802021129995407,0.4337899543378995,0,2,3,1,0,0,1.0,0,0,0
1,0,0,1,0,6,0,6,0.0,0.0,1.0,1,0,0,20,0,1,1,0.2802021129995407,0.20967741935483872,0,1,1,1,1,1,1.0,0,1,0
1,0,0,1,0,7,6,7,13.796666666666669,0.8571428571428571,1.0,0,0,0,23,1,1,1,0.2802021129995407,0.17717717717717718,0,4,3,3,2,2,2.5,0,0,0
1,0,0,1,0,6,6,6,14.833333333333334,1.0,1.0,0,0,0,18,0,1,1,0.2802021129995407,0.3400673400673401,0,2,3,3,2,2,2.5,0,0,0
1,0,0,1,0,6,6,6,12.833333333333334,1.0,1.0,0,0,0,20,0,1,1,0.55625,0.20967741935483872,1,1,3,3,1,2,2.25,0,0,0
1,0,1,0,0,8,7,8,14.962857142857144,0.875,1.0,0,0,0,18,0,1,1,0.2802021129995407,0.17717717717717718,0,1,1,1,1,1,1.0,0,0,0
1,0,0,1,0,5,4,8,12.0,0.8,1.6,0,0,0,20,0,1,1,0.2802021129995407,0.4944649446494465,0,5,1,1,1,1,1.0,0,0,0
1,0,0,1,0,7,7,8,12.4,1.0,1.1428571428571428,0,0,0,18,0,1,1,0.55625,0.17717717717717718,0,2,3,4,2,1,2.5,0,0,0
1,0,0,1,0,6,6,7,15.571428571428571,1.0,1.1666666666666667,0,0,0,20,0,1,1,0.2802021129995407,0.4337899543378995,0,1,4,4,1,1,2.5,0,0,0
1,0,0,1,0,8,7,8,13.714285714285714,0.875,1.0,0,0,0,19,0,1,1,0.2802021129995407,0.17717717717717718,0,5,3,3,1,1,2.0,0,0,0
1,0,0,1,0,6,6,9,13.142857142857142,1.0,1.5,0,0,0,21,1,1,1,0.55625,0.3423076923076923,1,1,3,2,2,2,2.25,0,0,0
1,0,0,1,0,6,6,7,15.0,1.0,1.1666666666666667,0,0,0,33,3,2,1,0.6412213740458015,0.2786885245901639,1,1,1,3,1,1,1.5,0,0,0
0,1,0,3,1,5,1,6,13.0,0.2,1.2,0,0,0,24,2,1,1,0.2802021129995407,0.3423076923076923,0,1,1,4,2,1,2.0,0,0,0
1,0,1,0,0,11,11,12,12.0,1.0,1.0909090909090908,0,0,0,20,0,1,1,0.55625,0.20967741935483872,0,1,3,1,2,2,2.0,0,0,0
1,0,0,1,0,0,0,0,0.0,0.0,0.0,1,1,0,18,0,1,1,0.2802021129995407,0.4606741573033708,0,1,1,1,1,1,1.0,0,1,0
1,0,0,1,0,6,6,6,15.166666666666666,1.0,1.0,0,0,0,18,0,1,1,0.2802021129995407,0.2786885245901639,0,4,3,3,1,2,2.25,0,0,0
1,1,0,2,0,6,4,9,12.0,0.6666666666666666,1.5,0,0,0,29,3,1,0,0.55625,0.36597938144329895,2,1,3,1,0,0,1.0,0,0,0
1,0,0,1,0,7,7,7,13.642857142857142,1.0,1.0,0,0,0,18,0,1,1,0.2802021129995407,0.17717717717717718,0,1,3,3,1,1,2.0,0,0,0
1,0,0,1,0,6,6,8,12.666666666666666,1.0,1.3333333333333333,0,0,0,19,0,1,1,0.2802021129995407,0.3400673400673401,0,3,1,1,1,1,1.0,0,0,0
1,0,0,1,0,0,0,0,0.0,0.0,0.0,1,1,0,19,0,1,1,0.2802021129995407,0.4606741573033708,0,1,1,1,1,1,1.0,0,1,0
1,0,1,0,0,6,5,8,10.8,0.8333333333333334,1.3333333333333333,0,0,0,18,0,1,1,0.2802021129995407,0.20967741935483872,0,1,1,2,1,2,1.5,0,0,0
1,0,1,0,0,7,6,9,14.25,0.8571428571428571,1.2857142857142858,0,0,0,19,0,1,1,0.55625,0.17717717717717718,0,1,1,2,1,1,1.25,0,0,0
1,0,0,1,0,14,12,22,12.153846153846152,0.8571428571428571,1.5714285714285714,0,0,0,20,0,1,1,0.55625,0.5985915492957746,0,1,1,2,1,2,1.5,0,0,0
1,0,1,0,0,6,4,10,12.25,0.6666666666666666,1.6666666666666667,0,0,0,19,0,1,1,0.2802021129995407,0.45714285714285713,0,1,1,2,1,1,1.25,0,0,0
1,0,1,0,0,8,8,8,13.40375,1.0,1.0,0,0,0,18,0,1,1,0.2802021129995407,0.17717717717717718,0,5,1,1,1,1,1.0,0,0,0
1,0,1,0,0,6,6,15,11.333333333333334,1.0,2.5,0,0,0,19,0,1,1,0.2802021129995407,0.45714285714285713,0,1,4,3,1,2,2.5,0,0,0
1,1,0,2,0,6,5,7,12.2,0.8333333333333334,1.1666666666666667,0,0,1,20,0,1,1,0.2802021129995407,0.3400673400673401,0,4,3,3,1,1,2.0,0,0,0
1,0,0,1,0,7,0,0,0.0,0.0,0.0,1,1,1,18,0,1,1,0.2802021129995407,0.17717717717717718,0,5,4,2,1,2,2.25,0,1,0
0,1,0,3,1,6,5,8,16.166666666666668,0.8333333333333334,1.3333333333333333,0,0,1,35,3,1,1,0.55625,0.4941860465116279,0,1,4,3,1,2,2.5,3,0,0
1,0,1,0,0,0,0,0,0.0,0.0,0.0,1,1,1,19,0,1,1,0.2802021129995407,0.4606741573033708,0,1,1,2,1,1,1.25,0,0,0
1,0,0,1,0,5,3,8,11.0,0.6,1.6,0,0,1,19,0,1,1,0.2802021129995407,0.4944649446494465,0,3,1,1,1,1,1.0,0,0,0
1,0,0,1,0,7,0,18,0.0,0.0,2.5714285714285716,1,0,1,24,2,1,1,0.55625,0.4782608695652174,0,2,3,3,1,0,1.75,2,1,0
0,1,0,3,1,6,4,11,12.5,0.6666666666666666,1.8333333333333333,0,0,1,29,3,1,0,0.55625,0.36597938144329895,0,1,1,1,1,1,1.0,3,0,0
1,0,0,1,0,7,7,11,11.294444444444444,1.0,1.5714285714285714,0,0,1,24,2,1,1,0.55625,0.17717717717717718,0,1,1,4,1,1,1.75,2,0,0
1,0,0,1,0,6,5,8,11.2,0.8333333333333334,1.3333333333333333,0,0,1,19,0,1,1,0.2802021129995407,0.45714285714285713,0,2,1,1,2,2,1.5,0,0,0
1,0,0,1,0,0,0,0,0.0,0.0,0.0,1,1,1,37,4,2,1,0.6412213740458015,0.4606741573033708,2,1,1,2,1,1,1.25,4,1,0
1,0,0,1,0,6,5,7,13.2,0.8333333333333334,1.1666666666666667,0,0,1,18,0,1,1,0.36666666666666664,0.2786885245901639,0,2,3,3,2,0,2.0,0,0,0
0,0,0,2,0,5,0,0,0.0,0.0,0.0,1,1,1,18,0,1,1,0.2802021129995407,0.4944649446494465,0,5,1,1,2,2,1.5,0,2,1
0,1,0,3,1,6,0,6,0.0,0.0,1.0,1,0,1,18,0,1,1,0.2802021129995407,0.3400673400673401,0,5,3,1,1,1,1.5,0,3,1
1,0,0,1,0,8,7,8,13.1,0.875,1.0,0,0,1,18,0,1,1,0.2802021129995407,0.17717717717717718,0,3,3,3,2,2,2.5,0,0,0
1,0,0,1,0,6,6,6,13.5,1.0,1.0,0,0,1,19,0,1,1,0.2802021129995407,0.2786885245901639,0,1,1,1,1,1,1.0,0,0,0
1,0,0,1,0,6,5,10,11.571428571428571,0.8333333333333334,1.6666666666666667,0,0,1,19,0,1,1,0.2802021129995407,0.20967741935483872,0,1,1,1,1,1,1.0,0,0,0
1,1,0,2,0,6,6,7,15.285714285714286,1.0,1.1666666666666667,0,0,1,21,1,1,1,0.55625,0.4941860465116279,1,1,1,2,1,1,1.25,1,0,0
1,0,0,1,0,7,6,11,13.433333333333332,0.8571428571428571,1.5714285714285714,0,0,1,18,0,1,1,0.55625,0.4782608695652174,0,2,4,4,1,1,2.5,0,0,0
1,0,0,1,0,5,5,8,11.6,1.0,1.6,0,0,1,19,0,1,1,0.2802021129995407,0.4944649446494465,0,2,1,2,2,1,1.5,0,0,0
1,0,0,1,0,6,6,6,14.666666666666666,1.0,1.0,0,0,1,25,2,1,1,0.6412213740458015,0.3400673400673401,1,1,1,3,2,1,1.75,2,0,0
1,0,0,1,0,6,6,9,14.666666666666666,1.0,1.5,0,0,1,22,1,1,1,0.2802021129995407,0.2786885245901639,0,1,1,3,1,1,1.5,1,0,0
1,0,0,1,0,8,7,8,12.742857142857144,0.875,1.0,0,0,1,24,2,1,1,0.55625,0.17717717717717718,0,1,3,3,2,1,2.25,2,0,0
1,0,0,1,0,7,7,9,11.975,1.0,1.2857142857142858,0,0,1,19,0,1,1,0.2802021129995407,0.17717717717717718,0,2,3,4,1,0,2.0,0,0,0
0,0,0,2,0,0,0,0,0.0,0.0,0.0,1,1,1,20,0,1,1,0.2802021129995407,0.4606741573033708,0,1,1,1,2,2,1.5,0,2,1
1,0,1,0,0,8,7,8,14.935714285714283,0.875,1.0,0,0,1,19,0,1,1,0.2802021129995407,0.17717717717717718,0,2,1,2,1,1,1.25,0,0,0
1,0,0,1,0,6,2,16,10.5,0.3333333333333333,2.6666666666666665,0,0,1,19,0,1,1,0.55625,0.45714285714285713,0,3,1,1,1,1,1.0,0,0,0
1,0,0,1,0,6,5,9,13.333333333333334,0.8333333333333334,1.5,0,0,1,19,0,1,1,0.2802021129995407,0.4337899543378995,0,1,4,4,2,2,3.0,0,0,0
1,1,0,2,0,6,0,6,0.0,0.0,1.0,1,0,1,23,1,1,1,0.55625,0.4941860465116279,0,1,1,1,1,2,1.25,1,2,0
1,0,0,1,0,6,5,12,13.8,0.8333333333333334,2.0,0,0,1,47,4,2,1,0.55625,0.3400673400673401,0,1,1,1,1,2,1.25,4,0,0
1,0,0,1,0,6,6,6,11.833333333333334,1.0,1.0,0,0,1,19,0,1,1,0.2802021129995407,0.2786885245901639,0,1,3,3,2,1,2.25,0,0,0
1,0,0,1,0,0,0,0,0.0,0.0,0.0,1,1,1,19,0,1,1,0.2802021129995407,0.4606741573033708,0,4,3,1,2,1,1.75,0,1,0
1,0,0,1,0,0,0,0,0.0,0.0,0.0,1,1,1,18,0,1,1,0.2802021129995407,0.4606741573033708,0,1,4,4,1,1,2.5,0,1,0
1,0,0,1,0,5,2,9,10.0,0.4,1.8,0,0,1,28,3,1,1,0.55625,0.4944649446494465,0,1,3,4,1,1,2.25,3,0,0
1,0,0,1,0,6,4,10,11.5,0.6666666666666666,1.6666666666666667,0,0,1,20,0,1,1,0.55625,0.45714285714285713,2,1,3,1,0,0,1.0,0,0,0
1,0,1,0,0,0,0,0,0.0,0.0,0.0,1,1,1,21,1,1,1,0.2802021129995407,0.4606741573033708,0,1,1,2,2,1,1.5,1,0,0
0,1,0,3,1,6,0,7,0.0,0.0,1.1666666666666667,1,0,1,24,2,1,1,0.55625,0.45714285714285713,1,1,1,1,2,1,1.25,2,3,1
1,0,0,1,0,6,6,10,13.0,1.0,1.6666666666666667,0,0,1,28,3,1,1,0.55625,0.45714285714285713,0,1,4,3,2,2,2.75,3,0,0
1,0,1,0,0,7,7,7,13.462857142857144,1.0,1.0,0,0,1,18,0,1,1,0.2802021129995407,0.17717717717717718,0,4,1,1,1,1,1.0,0,0,0
1,0,0,1,0,6,3,13,10.0,0.5,2.1666666666666665,0,0,1,48,4,1,1,0.55625,0.45714285714285713,1,1,1,1,0,0,0.5,4,0,0
1,0,0,1,0,6,6,6,12.333333333333334,1.0,1.0,0,0,1,21,1,1,1,0.2802021129995407,0.20967741935483872,0,4,1,1,1,1,1.0,1,0,0
1,0,0,1,0,5,5,5,13.6,1.0,1.0,0,0,1,18,0,1,1,0.2802021129995407,0.65,0,1,3,3,2,0,2.0,0,0,0
1,0,0,1,0,6,6,7,12.333333333333334,1.0,1.1666666666666667,0,0,1,22,1,1,1,0.55625,0.20967741935483872,1,1,3,3,2,2,2.5,1,0,0
1,0,0,1,0,13,10,16,11.454545454545457,0.7692307692307693,1.2307692307692308,0,0,1,25,2,1,1,0.2802021129995407,0.4606741573033708,0,1,1,1,1,1,1.0,2,0,0
1,1,0,2,0,13,8,13,13.5,0.6153846153846154,1.0,0,0,1,27,2,1,1,0.6412213740458015,0.3423076923076923,1,1,4,4,1,1,2.5,2,0,0
0,0,0,2,0,5,0,5,0.0,0.0,1.0,1,0,1,49,4,1,1,0.55625,0.8653846153846154,1,1,3,1,0,0,1.0,4,2,1
0,0,0,2,0,5,2,5,11.0,0.4,1.0,0,0,1,31,3,1,0,0.55625,0.6355140186915887,0,1,1,1,1,1,1.0,3,0,0
1,0,0,1,0,6,6,9,13.714285714285714,1.0,1.5,0,0,1,54,4,1,1,0.55625,0.45714285714285713,0,1,1,1,1,2,1.25,4,0,0
0,1,0,3,1,21,21,26,12.363636363636363,1.0,1.2380952380952381,0,0,1,25,2,1,1,0.6412213740458015,0.8888888888888888,1,1,1,1,1,2,1.25,2,0,0
1,0,0,1,0,6,2,9,12.0,0.3333333333333333,1.5,0,0,1,28,3,1,1,0.6412213740458015,0.2786885245901639,2,1,4,4,1,1,2.5,3,0,0
1,0,0,1,0,7,7,7,12.857142857142858,1.0,1.0,0,0,1,41,4,2,0,0.55625,0.36597938144329895,1,1,1,1,1,2,1.25,4,0,0
1,0,0,1,0,5,0,6,0.0,0.0,1.2,1,0,1,22,1,1,1,0.55625,0.4944649446494465,0,1,3,3,2,2,2.5,1,1,0
1,0,0,1,0,6,2,13,13.5,0.3333333333333333,2.1666666666666665,0,0,1,34,3,1,1,0.2802021129995407,0.45714285714285713,0,1,4,3,1,2,2.5,3,0,0
0,1,0,3,1,11,11,14,15.090909090909092,1.0,1.2727272727272727,0,0,1,28,3,1,1,0.55625,0.4941860465116279,0,1,1,1,1,1,1.0,3,0,0
1,0,0,1,0,6,2,8,13.5,0.3333333333333333,1.3333333333333333,0,0,1,50,4,1,1,0.6412213740458015,0.4941860465116279,2,1,1,1,1,2,1.25,4,0,0
1,0,0,1,0,5,0,5,0.0,0.0,1.0,1,0,1,19,0,1,1,0.2802021129995407,0.4944649446494465,0,4,4,3,2,2,2.75,0,1,0
1,0,0,1,0,7,4,12,12.65,0.5714285714285714,1.7142857142857142,0,0,1,18,0,1,1,0.55625,0.17717717717717718,0,1,4,4,1,2,2.75,0,0,0
1,0,0,1,0,5,0,7,0.0,0.0,1.4,1,0,1,59,4,2,0,0.55625,0.6355140186915887,0,1,1,1,1,1,1.0,4,1,0
0,0,0,2,0,5,0,5,0.0,0.0,1.0,1,0,1,33,3,2,0,0.6412213740458015,0.6355140186915887,2,1,3,1,0,0,1.0,3,2,1
1,0,1,0,0,6,6,8,13.333333333333334,1.0,1.3333333333333333,0,0,1,23,1,1,1,0.2802021129995407,0.2786885245901639,0,2,1,1,1,0,0.75,1,0,0
1,0,0,1,0,5,3,9,11.333333333333334,0.6,1.8,0,0,1,44,4,2,0,0.55625,0.6355140186915887,1,1,1,3,1,1,1.5,4,0,0
1,0,0,1,0,6,0,0,0.0,0.0,0.0,1,1,1,37,4,2,0,0.2802021129995407,0.36597938144329895,0,4,3,1,0,0,1.0,4,1,0
1,0,0,1,0,0,0,0,0.0,0.0,0.0,1,1,1,36,4,2,1,0.55625,0.4606741573033708,1,1,1,1,1,1,1.0,4,1,0
0,0,0,2,0,5,3,7,11.666666666666666,0.6,1.4,0,0,1,22,1,1,0,0.2802021129995407,0.6355140186915887,0,2,3,4,2,1,2.5,1,0,0
1,0,0,1,0,6,6,8,12.166666666666666,1.0,1.3333333333333333,0,0,1,49,4,2,0,0.55625,0.36597938144329895,1,1,1,1,2,2,1.5,4,0,0
1,0,0,1,0,6,6,7,13.333333333333334,1.0,1.1666666666666667,0,0,1,23,1,1,1,0.55625,0.3400673400673401,0,1,3,1,1,2,1.75,1,0,0
1,0,0,1,0,6,6,9,12.142857142857142,1.0,1.5,0,0,1,47,4,2,0,0.55625,0.36597938144329895,0,1,1,1,1,1,1.0,4,0,0
1,0,0,1,0,18,17,36,13.058823529411764,0.9444444444444444,2.0,0,0,1,28,3,1,1,0.55625,0.4941860465116279,0,1,3,4,2,1,2.5,3,0,0
0,1,0,3,1,6,5,9,11.833333333333334,0.8333333333333334,1.5,0,0,1,21,1,1,1,0.2802021129995407,0.45714285714285713,0,1,1,3,1,1,1.5,1,0,0
1,0,0,1,0,11,10,14,12.4,0.9090909090909091,1.2727272727272727,0,0,1,21,1,1,1,0.55625,0.20967741935483872,1,1,4,3,1,1,2.25,1,0,0
0,0,0,2,0,5,0,5,0.0,0.0,1.0,1,0,1,49,4,2,1,0.55625,0.4944649446494465,0,1,1,1,1,1,1.0,4,2,1
1,0,0,1,0,5,5,5,11.0,1.0,1.0,0,0,1,40,4,1,0,0.55625,0.6355140186915887,0,1,1,1,2,1,1.25,4,0,0
1,0,1,0,0,6,6,8,13.625,1.0,1.3333333333333333,0,0,1,22,1,1,1,0.2802021129995407,0.45714285714285713,0,1,3,3,2,2,2.5,1,0,0
1,0,0,1,0,5,0,5,0.0,0.0,1.0,1,0,1,31,3,1,0,0.55625,0.6355140186915887,0,1,4,1,1,1,1.75,3,1,0
1,0,0,1,0,6,2,9,15.0,0.3333333333333333,1.5,0,0,1,30,3,1,1,0.55625,0.8653846153846154,0,1,4,4,1,1,2.5,3,0,0
1,0,0,1,0,6,5,9,10.8,0.8333333333333334,1.5,0,0,1,19,0,1,1,0.2802021129995407,0.20967741935483872,0,1,1,1,1,0,0.75,0,0,0
1,0,0,1,0,5,3,11,13.666666666666666,0.6,2.2,0,0,1,22,1,1,1,0.55625,0.4944649446494465,0,1,3,1,0,0,1.0,1,0,0
1,0,0,1,0,6,6,8,12.833333333333334,1.0,1.3333333333333333,0,0,1,19,0,1,1,0.2802021129995407,0.3400673400673401,0,1,1,1,1,1,1.0,0,0,0
0,0,0,2,0,0,0,0,0.0,0.0,0.0,1,1,1,21,1,1,1,0.2802021129995407,0.4606741573033708,0,1,3,1,2,1,1.75,1,2,1
1,0,0,1,0,6,6,8,15.125,1.0,1.3333333333333333,0,0,1,19,0,1,1,0.2802021129995407,0.4337899543378995,0,3,3,1,2,1,1.75,0,0,0
1,0,0,1,0,5,0,11,0.0,0.0,2.2,1,0,1,22,1,1,1,0.55625,0.4944649446494465,0,2,3,2,2,2,2.25,1,1,0
1,0,0,1,0,6,5,10,11.4,0.8333333333333334,1.6666666666666667,0,0,1,22,1,1,1,0.2802021129995407,0.20967741935483872,0,1,4,4,1,1,2.5,1,0,0
1,0,0,1,0,6,4,12,12.25,0.6666666666666666,2.0,0,0,1,19,0,1,1,0.2802021129995407,0.20967741935483872,0,1,3,3,2,2,2.5,0,0,0
0,0,0,2,0,6,0,0,0.0,0.0,0.0,1,1,1,26,2,1,1,0.55625,0.45714285714285713,1,1,3,3,1,0,1.75,2,2,1
1,0,0,1,0,5,0,14,0.0,0.0,2.8,1,0,1,20,0,1,1,0.2802021129995407,0.4944649446494465,0,1,3,2,2,1,2.0,0,1,0
0,0,0,2,0,5,2,7,13.0,0.4,1.4,0,0,1,18,0,1,1,0.6412213740458015,0.65,2,1,4,1,1,2,2.0,0,0,0
1,0,0,1,0,2,0,5,0.0,0.0,2.5,1,0,1,39,4,3,0,0.55625,0.6355140186915887,1,2,4,3,1,1,2.25,4,1,0
1,0,0,1,0,8,0,8,0.0,0.0,1.0,1,0,1,18,0,1,1,0.2802021129995407,0.17717717717717718,0,1,1,3,0,0,1.0,0,1,0
1,0,1,0,0,5,5,5,13.0,1.0,1.0,0,0,1,18,0,1,1,0.2802021129995407,0.8653846153846154,0,3,3,1,2,2,2.0,0,0,0
1,0,1,0,0,6,6,7,13.857142857142858,1.0,1.1666666666666667,0,0,1,19,0,1,1,0.2802021129995407,0.20967741935483872,0,1,1,1,1,1,1.0,0,0,0
1,0,0,1,0,7,6,7,13.391666666666666,0.8571428571428571,1.0,0,0,1,18,0,1,1,0.2802021129995407,0.17717717717717718,0,1,3,2,1,1,1.75,0,0,0
1,0,1,0,0,5,4,7,12.75,0.8,1.4,0,0,1,18,0,1,1,0.2802021129995407,0.4944649446494465,0,1,3,2,0,2,1.75,0,0,0
1,0,0,1,0,5,4,7,14.5,0.8,1.4,0,0,1,22,1,1,1,0.55625,0.65,1,1,1,1,2,2,1.5,1,0,0
1,0,0,1,0,6,6,7,12.166666666666666,1.0,1.1666666666666667,0,0,1,19,0,1,1,0.2802021129995407,0.20967741935483872,0,1,3,3,2,2,2.5,0,0,0
1,0,0,1,0,5,5,5,15.4,1.0,1.0,0,0,1,18,0,1,1,0.2802021129995407,0.65,0,1,1,1,1,1,1.0,0,0,0
0,1,0,3,1,5,2,9,13.333333333333334,0.4,1.8,0,0,1,31,3,1,1,0.55625,0.8653846153846154,1,1,3,3,2,2,2.5,3,0,0
1,0,0,1,0,5,0,5,0.0,0.0,1.0,1,0,1,28,3,1,0,0.55625,0.6355140186915887,0,1,4,3,2,2,2.75,3,1,0
1,0,0,1,0,6,0,0,0.0,0.0,0.0,1,1,1,19,0,1,1,0.2802021129995407,0.2786885245901639,0,1,3,3,2,1,2.25,0,1,0
1,0,0,1,0,6,6,7,13.714285714285714,1.0,1.1666666666666667,0,0,1,20,0,1,1,0.2802021129995407,0.45714285714285713,0,1,3,3,2,1,2.25,0,0,0
1,0,0,1,0,6,4,7,12.25,0.6666666666666666,1.1666666666666667,0,0,1,50,4,3,1,0.55625,0.20967741935483872,0,1,1,4,1,1,1.75,4,0,0
1,0,0,1,0,5,1,8,11.0,0.2,1.6,0,0,1,31,3,2,0,0.55625,0.6355140186915887,0,1,1,1,1,1,1.0,3,0,0
1,0,0,1,0,6,6,9,10.166666666666666,1.0,1.5,0,0,1,21,1,1,1,0.55625,0.20967741935483872,0,1,3,4,1,1,2.25,1,0,0
1,0,0,1,0,5,1,8,10.0,0.2,1.6,0,0,1,34,3,2,1,0.55625,0.8653846153846154,0,1,1,1,1,1,1.0,3,0,0
0,0,0,2,0,5,2,10,10.5,0.4,2.0,0,0,1,40,4,2,0,0.55625,0.6355140186915887,0,1,1,1,1,2,1.25,4,0,0
1,0,1,0,0,0,0,0,0.0,0.0,0.0,1,1,1,18,0,1,1,0.2802021129995407,0.4606741573033708,0,1,1,2,1,1,1.25,0,0,0
0,1,1,2,1,6,0,6,0.0,0.0,1.0,1,0,1,46,4,2,1,0.55625,0.2786885245901639,1,1,1,1,1,0,0.75,4,2,1
1,0,0,1,0,6,0,12,0.0,0.0,2.0,1,0,1,37,4,1,0,0.55625,0.36597938144329895,0,5,3,1,0,0,1.0,4,1,0
1,0,0,1,0,6,0,8,0.0,0.0,1.3333333333333333,1,0,1,31,3,1,1,0.55625,0.4941860465116279,0,1,1,1,1,1,1.0,3,1,0
1,0,0,1,0,6,5,15,13.333333333333334,0.8333333333333334,2.5,0,0,1,34,3,1,1,0.55625,0.4941860465116279,0,1,3,2,2,0,1.75,3,0,0
1,0,1,0,0,0,0,0,0.0,0.0,0.0,1,1,1,18,0,1,1,0.2802021129995407,0.4606741573033708,0,5,0,0,2,2,1.0,0,0,0
1,0,1,0,0,6,6,7,13.571428571428571,1.0,1.1666666666666667,0,0,1,18,0,1,1,0.2802021129995407,0.4337899543378995,0,1,1,1,1,1,1.0,0,0,0
1,0,1,0,0,6,6,6,12.833333333333334,1.0,1.0,0,0,1,19,0,1,1,0.2802021129995407,0.2786885245901639,0,4,3,3,2,2,2.5,0,0,0
1,0,0,1,0,5,4,6,10.25,0.8,1.2,0,0,1,40,4,1,0,0.55625,0.6355140186915887,0,1,1,2,1,2,1.5,4,0,0
1,0,0,1,0,6,0,6,0.0,0.0,1.0,1,0,1,25,2,1,1,0.55625,0.65,0,1,3,1,1,1,1.5,2,1,0
1,1,0,2,0,5,4,5,14.5,0.8,1.0,0,0,1,20,0,1,1,0.2802021129995407,0.8653846153846154,0,5,1,1,1,1,1.0,0,0,0
0,0,0,2,0,6,0,0,0.0,0.0,0.0,1,1,1,43,4,1,1,0.55625,0.4941860465116279,0,1,1,1,1,0,0.75,4,2,1
1,0,0,1,0,18,18,22,11.666666666666666,1.0,1.2222222222222223,0,0,1,35,3,1,1,0.55625,0.4941860465116279,0,1,4,4,2,1,2.75,3,0,0
1,0,0,1,0,5,4,6,13.0,0.8,1.2,0,0,1,23,1,1,0,0.2802021129995407,0.6355140186915887,0,2,1,2,1,2,1.5,1,0,0
1,0,0,1,0,7,7,8,12.12142857142857,1.0,1.1428571428571428,0,0,1,19,0,1,1,0.2802021129995407,0.17717717717717718,0,1,4,4,1,1,2.5,0,0,0
1,0,1,0,0,11,9,15,14.22222222222222,0.8181818181818182,1.3636363636363635,0,0,1,21,1,1,1,0.2802021129995407,0.3423076923076923,1,1,3,2,2,1,2.0,1,0,0
1,0,0,1,0,5,5,7,12.166666666666666,1.0,1.4,0,0,1,20,0,1,1,0.55625,0.8653846153846154,0,1,3,3,2,2,2.5,0,0,0
1,0,1,0,0,6,0,0,0.0,0.0,0.0,1,1,1,30,3,1,1,0.55625,0.4337899543378995,0,1,1,2,2,2,1.75,3,0,0
1,0,0,1,0,6,6,6,12.666666666666666,1.0,1.0,0,0,1,44,4,3,1,0.55625,0.45714285714285713,0,1,1,2,1,1,1.25,4,0,0
1,0,0,1,0,8,7,8,13.614285714285714,0.875,1.0,0,0,1,19,0,1,1,0.55625,0.17717717717717718,0,1,1,4,2,1,2.0,0,0,0
1,0,0,1,0,18,12,32,12.857142857142858,0.6666666666666666,1.7777777777777777,0,0,1,22,1,1,1,0.55625,0.65,1,1,4,3,2,2,2.75,1,0,0
1,0,0,1,0,5,4,7,14.0,0.8,1.4,0,0,1,18,0,1,1,0.2802021129995407,0.65,0,1,4,4,1,1,2.5,0,0,0
1,0,1,0,0,6,4,8,14.75,0.6666666666666666,1.3333333333333333,0,0,1,21,1,1,1,0.2802021129995407,0.4337899543378995,0,1,1,1,1,1,1.0,1,0,0
1,0,0,1,0,6,0,0,0.0,0.0,0.0,1,1,1,18,0,1,1,0.2802021129995407,0.3423076923076923,0,2,1,2,0,0,0.75,0,1,0
1,0,0,1,0,6,6,8,13.625,1.0,1.3333333333333333,0,0,1,18,0,1,1,0.2802021129995407,0.4337899543378995,0,4,4,3,1,2,2.5,0,0,0
1,0,0,1,0,0,0,0,0.0,0.0,0.0,1,1,1,19,0,1,1,0.2802021129995407,0.4606741573033708,0,1,3,3,2,2,2.5,0,1,0
1,0,0,1,0,6,4,12,11.8,0.6666666666666666,2.0,0,0,1,21,1,1,1,0.55625,0.4941860465116279,1,1,3,1,2,2,2.0,1,0,0
1,0,0,1,0,6,6,8,15.125,1.0,1.3333333333333333,0,0,1,31,3,1,1,0.55625,0.4941860465116279,0,1,4,4,1,1,2.5,3,0,0
1,0,0,1,0,6,4,10,11.5,0.6666666666666666,1.6666666666666667,0,0,1,21,1,1,1,0.2802021129995407,0.45714285714285713,0,5,3,3,1,2,2.25,1,0,0
1,0,0,1,0,4,0,8,0.0,0.0,2.0,1,0,1,27,2,1,1,0.55625,0.3400673400673401,0,1,1,4,2,2,2.25,2,1,0
1,0,0,1,0,5,3,9,10.333333333333334,0.6,1.8,0,0,1,20,0,1,1,0.2802021129995407,0.4944649446494465,0,5,1,2,1,1,1.25,0,0,0
1,0,0,1,0,6,6,6,13.833333333333334,1.0,1.0,0,0,1,19,0,1,1,0.55625,0.3400673400673401,0,1,3,3,2,1,2.25,0,0,0
1,0,0,1,0,6,6,7,14.0,1.0,1.1666666666666667,0,0,1,18,0,1,1,0.2802021129995407,0.65,0,1,1,1,1,1,1.0,0,0,0
1,0,0,1,0,5,1,11,18.0,0.2,2.2,0,0,1,29,3,1,1,0.55625,0.65,0,1,3,2,2,1,2.0,3,0,0
1,0,1,0,0,0,0,0,0.0,0.0,0.0,1,1,1,19,0,1,1,0.2802021129995407,0.4606741573033708,0,5,1,4,1,1,1.75,0,0,0
0,0,0,2,0,6,4,9,13.25,0.6666666666666666,1.5,0,0,1,21,1,1,1,0.2802021129995407,0.4337899543378995,0,1,1,1,1,1,1.0,1,0,0
1,0,1,0,0,5,4,7,14.25,0.8,1.4,0,0,1,25,2,1,1,0.55625,0.4944649446494465,0,1,1,3,1,2,1.75,2,0,0
0,0,0,2,0,5,0,9,0.0,0.0,1.8,1,0,1,32,3,1,1,0.55625,0.4944649446494465,0,1,1,1,1,1,1.0,3,2,1
0,0,0,2,0,12,8,12,11.25,0.6666666666666666,1.0,0,0,1,26,2,1,0,0.55625,0.6355140186915887,0,1,4,4,1,1,2.5,2,0,0
1,0,1,0,0,6,6,7,13.5,1.0,1.1666666666666667,0,0,1,18,0,1,1,0.2802021129995407,0.65,0,1,4,1,1,1,1.75,0,0,0
1,0,1,0,0,6,5,8,12.666666666666666,0.8333333333333334,1.3333333333333333,0,0,1,19,0,1,1,0.2802021129995407,0.45714285714285713,0,1,3,2,2,1,2.0,0,0,0
1,0,1,0,0,6,6,6,15.166666666666666,1.0,1.0,0,0,1,19,0,1,1,0.2802021129995407,0.2786885245901639,0,3,1,1,1,1,1.0,0,0,0
1,0,0,1,0,6,6,6,13.166666666666666,1.0,1.0,0,0,1,27,2,1,1,0.6412213740458015,0.8653846153846154,1,1,3,3,2,2,2.5,2,0,0
1,0,0,1,0,6,6,6,14.5,1.0,1.0,0,0,1,21,1,1,1,0.55625,0.2786885245901639,1,1,1,1,2,0,1.0,1,0,0
0,1,0,3,1,0,0,0,0.0,0.0,0.0,1,1,1,19,0,1,1,0.2802021129995407,0.4606741573033708,0,1,3,1,1,1,1.5,0,3,1
1,0,1,0,0,5,4,8,10.8,0.8,1.6,0,0,1,18,0,1,1,0.2802021129995407,0.4944649446494465,0,4,1,2,1,1,1.25,0,0,0
1,0,0,1,0,5,0,6,0.0,0.0,1.2,1,0,1,28,3,1,1,0.55625,0.20967741935483872,0,2,1,3,1,1,1.5,3,1,0
0,1,0,3,1,10,6,23,11.428571428571429,0.6,2.3,0,0,1,25,2,2,1,0.55625,0.4941860465116279,0,1,3,1,1,1,1.5,2,0,0
1,0,0,1,0,14,8,24,12.5,0.5714285714285714,1.7142857142857142,0,0,1,25,2,1,1,0.55625,0.4941860465116279,0,1,1,3,1,2,1.75,2,0,0
1,0,0,1,0,6,0,6,0.0,0.0,1.0,1,0,1,26,2,1,1,0.2802021129995407,0.45714285714285713,0,1,4,2,2,1,2.25,2,1,0
1,0,1,0,0,5,5,8,12.75,1.0,1.6,0,0,1,18,0,1,1,0.2802021129995407,0.4944649446494465,0,3,1,1,2,1,1.25,0,0,0
1,0,0,1,0,6,0,8,0.0,0.0,1.3333333333333333,1,0,1,25,2,1,1,0.55625,0.4941860465116279,0,1,3,4,2,1,2.5,2,1,0
1,0,0,1,0,6,6,7,14.428571428571429,1.0,1.1666666666666667,0,0,1,19,0,1,1,0.2802021129995407,0.3400673400673401,0,2,4,2,1,2,2.25,0,0,0
1,0,0,1,0,7,7,9,12.492857142857144,1.0,1.2857142857142858,0,0,1,19,0,1,1,0.2802021129995407,0.17717717717717718,0,1,3,3,1,1,2.0,0,0,0
1,0,0,1,0,8,4,10,11.5,0.5,1.25,0,0,1,45,4,3,0,0.55625,0.36597938144329895,1,1,3,1,1,1,1.5,4,0,0
1,0,0,1,0,5,5,7,11.2,1.0,1.4,0,0,1,52,4,2,0,0.55625,0.6355140186915887,0,1,1,1,1,1,1.0,4,0,0
0,0,0,2,0,5,3,9,12.0,0.6,1.8,0,0,1,20,0,1,1,0.2802021129995407,0.4944649446494465,0,1,1,2,1,2,1.5,0,0,0
1,0,0,1,0,8,7,8,15.885714285714286,0.875,1.0,0,0,1,19,0,1,1,0.2802021129995407,0.17717717717717718,0,1,1,1,1,0,0.75,0,0,0
0,1,0,3,1,7,4,12,12.94,0.5714285714285714,1.7142857142857142,0,0,1,21,1,1,1,0.2802021129995407,0.17717717717717718,0,1,3,1,1,1,1.5,1,0,0
0,0,0,2,0,6,6,6,14.0,1.0,1.0,0,0,1,35,3,2,0,0.55625,0.36597938144329895,0,1,1,1,1,1,1.0,3,0,0
1,0,0,1,0,0,0,0,0.0,0.0,0.0,1,1,1,36,4,2,1,0.55625,0.4606741573033708,1,1,1,1,1,1,1.0,4,1,0
0,1,0,3,1,7,0,7,0.0,0.0,1.0,1,0,1,47,4,3,1,0.55625,0.17717717717717718,1,1,1,1,1,1,1.0,4,3,1
1,0,0,1,0,5,0,0,0.0,0.0,0.0,1,1,1,22,1,1,0,0.55625,0.6355140186915887,0,1,1,1,1,1,1.0,1,1,0
1,0,0,1,0,5,4,8,11.25,0.8,1.6,0,0,1,41,4,2,0,0.55625,0.6355140186915887,0,1,1,1,1,1,1.0,4,0,0
1,0,0,1,0,5,0,5,0.0,0.0,1.0,1,0,1,26,2,1,1,0.6412213740458015,0.8653846153846154,2,1,3,1,0,0,1.0,2,1,0
0,0,0,2,0,6,4,13,11.25,0.6666666666666666,2.1666666666666665,0,0,0,51,4,2,0,0.55625,0.36597938144329895,0,1,3,1,0,0,1.0,0,0,0
1,0,0,1,0,6,5,9,11.8,0.8333333333333334,1.5,0,0,0,41,4,2,0,0.55625,0.36597938144329895,0,2,3,1,0,0,1.0,0,0,0
1,0,0,1,0,10,8,19,11.625,0.8,1.9,0,0,1,23,1,1,1,0.55625,0.4944649446494465,0,2,3,1,1,1,1.5,1,0,0
1,0,0,1,0,6,0,11,0.0,0.0,1.8333333333333333,1,0,1,22,1,1,1,0.55625,0.20967741935483872,0,2,3,1,0,1,1.25,1,1,0
1,0,1,0,0,6,4,8,10.25,0.6666666666666666,1.3333333333333333,0,0,1,25,2,1,1,0.2802021129995407,0.2786885245901639,0,2,1,1,1,1,1.0,2,0,0
1,0,0,1,0,15,15,16,10.8,1.0,1.0666666666666667,0,0,1,25,2,1,0,0.55625,0.6355140186915887,0,1,1,1,1,1,1.0,2,0,0
0,0,1,1,0,12,11,15,12.545454545454543,0.9166666666666666,1.25,0,0,1,22,1,1,1,0.2802021129995407,0.4606741573033708,1,1,3,2,1,1,1.75,1,0,0
1,0,0,1,0,6,0,0,0.0,0.0,0.0,1,1,1,47,4,1,1,0.55625,0.3423076923076923,2,1,1,1,1,0,0.75,4,1,0
1,0,0,1,0,5,0,5,0.0,0.0,1.0,1,0,1,41,4,2,0,0.55625,0.6355140186915887,1,1,1,1,1,1,1.0,4,1,0
1,0,0,1,0,6,6,9,14.77777777777778,1.0,1.5,0,0,1,43,4,1,1,0.55625,0.4941860465116279,0,1,1,1,1,1,1.0,4,0,0
1,0,0,1,0,3,0,4,0.0,0.0,1.3333333333333333,1,0,1,29,3,1,1,0.55625,0.4941860465116279,0,1,3,1,1,1,1.5,3,1,0
1,0,0,1,0,2,0,2,0.0,0.0,1.0,1,0,1,30,3,1,1,0.55625,0.8653846153846154,0,2,1,1,1,1,1.0,3,1,0
0,0,0,2,0,4,0,4,0.0,0.0,1.0,1,0,1,26,2,1,1,0.55625,0.4944649446494465,1,2,1,1,1,1,1.0,2,2,1
0,0,0,2,0,5,0,10,0.0,0.0,2.0,1,0,1,27,2,1,0,0.55625,0.6355140186915887,0,2,1,1,1,1,1.0,2,2,1
1,0,1,0,0,5,5,5,11.4,1.0,1.0,0,0,1,36,4,2,1,0.55625,0.4337899543378995,0,2,1,1,1,1,1.0,4,0,0
1,0,0,1,0,9,6,13,11.666666666666666,0.6666666666666666,1.4444444444444444,0,0,1,29,3,1,1,0.55625,0.4941860465116279,1,1,3,2,2,0,1.75,3,0,0
1,0,0,1,0,10,7,12,11.285714285714286,0.7,1.2,0,0,1,35,3,1,1,0.55625,0.8653846153846154,0,1,3,1,0,0,1.0,3,0,0
1,0,1,0,0,6,4,12,11.5,0.6666666666666666,2.0,0,0,1,18,0,1,1,0.2802021129995407,0.3400673400673401,0,1,1,1,2,2,1.5,0,0,0
1,0,1,0,0,5,5,5,16.0,1.0,1.0,0,0,1,24,2,1,0,0.2802021129995407,0.6355140186915887,0,1,1,1,1,1,1.0,2,0,0
1,0,1,0,0,6,6,6,12.5,1.0,1.0,0,0,1,18,0,1,1,0.2802021129995407,0.3400673400673401,0,3,1,1,1,1,1.0,0,0,0
1,0,0,1,0,5,5,10,13.0,1.0,2.0,0,0,1,21,1,1,1,0.55625,0.8653846153846154,0,1,1,1,1,1,1.0,1,0,0
1,0,0,1,0,18,13,27,13.714285714285714,0.7222222222222222,1.5,0,0,1,32,3,1,1,0.55625,0.4941860465116279,0,1,3,4,1,2,2.5,3,0,0
1,0,1,0,0,5,3,9,12.333333333333334,0.6,1.8,0,0,1,22,1,1,1,0.2802021129995407,0.8653846153846154,0,4,1,1,1,1,1.0,1,0,0
0,0,0,2,0,17,11,31,12.727272727272728,0.6470588235294118,1.8235294117647058,0,0,1,32,3,1,1,0.6412213740458015,0.4941860465116279,2,1,3,1,1,1,1.5,3,0,0
1,0,0,1,0,5,1,5,14.0,0.2,1.0,0,0,1,35,3,1,1,0.55625,0.4337899543378995,2,1,3,1,0,0,1.0,3,0,0
0,0,0,2,0,5,0,0,0.0,0.0,0.0,1,1,1,23,1,1,1,0.55625,0.4944649446494465,0,3,3,1,2,1,1.75,1,2,1
1,0,0,1,0,5,0,5,0.0,0.0,1.0,1,0,1,35,3,2,1,0.55625,0.4337899543378995,0,1,3,1,0,0,1.0,3,1,0
1,0,0,1,0,6,6,8,18.875,1.0,1.3333333333333333,0,0,1,32,3,2,1,0.55625,0.4941860465116279,2,1,4,2,2,2,2.5,3,0,0
1,0,0,1,0,6,0,12,0.0,0.0,2.0,1,0,1,20,0,1,1,0.2802021129995407,0.5985915492957746,0,1,3,1,0,0,1.0,0,1,0
1,0,0,1,0,7,7,9,13.5,1.0,1.2857142857142858,0,0,1,44,4,1,0,0.6412213740458015,0.6355140186915887,1,1,1,1,2,2,1.5,4,0,0
1,0,0,1,0,11,2,12,15.0,0.18181818181818182,1.0909090909090908,0,0,1,53,4,2,1,0.55625,0.45714285714285713,1,1,1,2,1,0,1.0,4,0,0
0,1,0,3,1,5,0,10,0.0,0.0,2.0,1,0,1,28,3,1,1,0.55625,0.8653846153846154,1,1,1,1,1,2,1.25,3,3,1
1,0,0,1,0,9,9,9,14.22222222222222,1.0,1.0,0,0,1,31,3,1,0,0.6412213740458015,0.6355140186915887,2,1,1,1,1,1,1.0,3,0,0
0,1,0,3,1,7,4,14,12.0,0.5714285714285714,2.0,0,0,1,44,4,1,1,0.55625,0.4941860465116279,0,1,3,4,1,0,2.0,4,0,0
1,0,0,1,0,5,5,9,12.6,1.0,1.8,0,0,1,19,0,1,1,0.2802021129995407,0.3423076923076923,0,1,3,3,1,1,2.0,0,0,0
1,0,1,0,0,5,0,5,0.0,0.0,1.0,1,0,1,18,0,1,1,0.55625,0.8653846153846154,0,1,4,2,2,1,2.25,0,0,0
1,0,0,1,0,6,6,8,14.5,1.0,1.3333333333333333,0,0,1,20,0,1,1,0.55625,0.4941860465116279,1,1,1,2,1,1,1.25,0,0,0
1,0,0,1,0,6,6,6,14.5,1.0,1.0,0,0,1,55,4,1,1,0.55625,0.2786885245901639,0,1,1,1,1,1,1.0,4,0,0
1,0,0,1,0,5,0,0,0.0,0.0,0.0,1,1,1,19,0,1,1,0.2802021129995407,0.8653846153846154,0,2,1,2,1,1,1.25,0,1,0
1,0,0,1,0,5,5,5,11.6,1.0,1.0,0,0,1,18,0,1,1,0.2802021129995407,0.4944649446494465,0,1,1,1,1,1,1.0,0,0,0
1,0,0,1,0,6,4,10,11.75,0.6666666666666666,1.6666666666666667,0,0,1,43,4,2,1,0.55625,0.3400673400673401,0,1,1,1,1,2,1.25,4,0,0
1,0,0,1,0,6,0,0,0.0,0.0,0.0,1,1,1,18,0,1,1,0.55625,0.45714285714285713,0,3,1,2,1,2,1.5,0,1,0
1,0,0,1,0,0,0,0,0.0,0.0,0.0,1,1,1,18,0,1,1,0.2802021129995407,0.4606741573033708,0,1,4,4,1,1,2.5,0,1,0
1,1,1,1,0,6,0,7,0.0,0.0,1.1666666666666667,1,0,1,20,0,1,1,0.2802021129995407,0.45714285714285713,0,5,1,1,1,1,1.0,0,1,0
0,1,0,3,1,5,4,7,11.25,0.8,1.4,0,0,1,29,3,2,0,0.55625,0.6355140186915887,0,1,1,2,1,1,1.25,3,0,0
1,1,0,2,0,6,5,9,11.571428571428571,0.8333333333333334,1.5,0,0,1,44,4,1,1,0.55625,0.65,1,1,1,1,1,0,0.75,4,0,0
1,0,0,1,0,6,4,6,12.75,0.6666666666666666,1.0,0,0,1,20,0,1,1,0.55625,0.2786885245901639,0,1,1,1,1,1,1.0,0,0,0
1,0,0,1,0,4,0,4,0.0,0.0,1.0,1,0,1,36,4,2,1,0.55625,0.4944649446494465,0,2,1,1,1,1,1.0,4,1,0
0,0,0,2,0,5,0,5,0.0,0.0,1.0,1,0,1,29,3,2,1,0.55625,0.3423076923076923,1,1,1,1,0,0,0.5,3,2,1
1,0,0,1,0,6,4,6,11.25,0.6666666666666666,1.0,0,0,1,18,0,1,1,0.2802021129995407,0.4337899543378995,0,1,3,3,1,1,2.0,0,0,0
0,0,0,2,0,6,0,0,0.0,0.0,0.0,1,1,1,24,2,1,1,0.55625,0.4941860465116279,0,1,3,3,1,2,2.25,2,2,1
1,0,0,1,0,6,6,6,14.333333333333334,1.0,1.0,0,0,1,20,0,1,1,0.2802021129995407,0.3400673400673401,0,1,4,2,1,1,2.0,0,0,0
0,1,0,3,1,6,0,7,0.0,0.0,1.1666666666666667,1,0,1,45,4,2,0,0.55625,0.36597938144329895,1,1,1,1,1,1,1.0,4,3,1
1,0,1,0,0,23,20,23,13.5,0.8695652173913043,1.0,0,0,1,28,3,1,1,0.55625,0.17717717717717718,0,2,1,1,2,2,1.5,3,0,0
1,0,0,1,0,7,7,7,12.444285714285714,1.0,1.0,0,0,1,18,0,1,1,0.2802021129995407,0.17717717717717718,0,1,3,2,2,1,2.0,0,0,0
1,0,0,1,0,5,3,7,10.666666666666666,0.6,1.4,0,0,1,23,1,1,1,0.2802021129995407,0.4944649446494465,0,2,1,2,1,2,1.5,1,0,0
1,0,1,0,0,6,6,6,12.666666666666666,1.0,1.0,0,0,1,22,1,1,1,0.2802021129995407,0.2786885245901639,0,1,1,2,1,1,1.25,1,0,0
1,0,0,1,0,5,5,5,13.2,1.0,1.0,0,0,1,33,3,1,0,0.55625,0.6355140186915887,1,1,1,1,1,1,1.0,3,0,0
1,0,0,1,0,12,10,20,12.7,0.8333333333333334,1.6666666666666667,0,0,1,21,1,1,1,0.2802021129995407,0.4941860465116279,1,1,3,1,1,2,1.75,1,0,0
1,0,0,1,0,5,5,6,14.833333333333334,1.0,1.2,0,0,1,45,4,2,1,0.55625,0.4944649446494465,0,1,1,1,1,1,1.0,4,0,0
0,0,0,2,0,10,4,10,11.5,0.4,1.0,0,0,1,44,4,2,1,0.55625,0.4941860465116279,0,1,1,1,1,1,1.0,4,0,0
1,0,0,1,0,6,0,0,0.0,0.0,0.0,1,1,1,42,4,3,1,0.55625,0.4337899543378995,0,1,1,2,0,0,0.75,4,1,0
1,0,0,1,0,5,0,0,0.0,0.0,0.0,1,1,1,20,0,1,1,0.55625,0.4944649446494465,0,1,1,3,1,1,1.5,0,1,0
1,0,1,0,0,6,6,7,14.714285714285714,1.0,1.1666666666666667,0,0,1,20,0,1,1,0.2802021129995407,0.45714285714285713,0,2,3,1,1,1,1.5,0,0,0
0,1,0,3,1,8,4,13,10.5,0.5,1.625,0,0,1,26,2,1,0,0.55625,0.36597938144329895,0,1,3,3,2,2,2.5,2,0,0
1,0,0,1,0,6,6,10,15.0,1.0,1.6666666666666667,0,0,1,31,3,2,1,0.55625,0.4941860465116279,0,1,1,1,1,1,1.0,3,0,0
1,1,1,1,0,6,6,6,12.666666666666666,1.0,1.0,0,0,1,19,0,1,1,0.2802021129995407,0.3400673400673401,0,1,3,2,1,1,1.75,0,0,0
1,0,0,1,0,6,6,7,13.166666666666666,1.0,1.1666666666666667,0,0,1,28,3,1,1,0.55625,0.3400673400673401,1,1,1,1,0,0,0.5,3,0,0
1,0,1,0,0,0,0,0,0.0,0.0,0.0,1,1,1,20,0,1,1,0.2802021129995407,0.4606741573033708,0,1,1,1,1,1,1.0,0,0,0
1,0,0,1,0,6,6,6,13.0,1.0,1.0,0,0,0,43,4,2,0,0.2802021129995407,0.36597938144329895,0,2,1,3,1,0,1.25,0,0,0
1,0,1,0,0,0,0,0,0.0,0.0,0.0,1,1,1,25,2,1,1,0.55625,0.4606741573033708,1,1,3,2,1,1,1.75,2,0,0
1,1,0,2,0,6,2,13,10.0,0.3333333333333333,2.1666666666666665,0,0,0,40,4,1,1,0.55625,0.20967741935483872,1,1,1,1,1,1,1.0,0,0,0
1,0,0,1,0,6,6,7,13.333333333333334,1.0,1.1666666666666667,0,0,0,20,0,1,1,0.55625,0.3423076923076923,1,1,4,4,1,1,2.5,0,0,0
1,0,0,1,0,6,3,13,12.333333333333334,0.5,2.1666666666666665,0,0,0,46,4,2,0,0.55625,0.36597938144329895,1,1,1,1,1,1,1.0,0,0,0
1,0,0,1,0,21,20,23,13.181818181818182,0.9523809523809523,1.0952380952380953,0,0,0,26,2,1,1,0.55625,0.8888888888888888,0,1,1,1,1,1,1.0,0,0,0
1,0,1,0,0,7,6,7,12.513333333333334,0.8571428571428571,1.0,0,0,0,34,3,2,1,0.55625,0.17717717717717718,0,1,4,3,1,1,2.25,0,0,0
1,0,0,1,0,6,0,0,0.0,0.0,0.0,1,1,0,19,0,1,1,0.55625,0.5985915492957746,0,3,1,1,1,1,1.0,0,1,0
1,0,1,0,0,8,7,8,13.585714285714284,0.875,1.0,0,0,0,18,0,1,1,0.2802021129995407,0.17717717717717718,0,5,1,2,1,1,1.25,0,0,0
1,0,0,1,0,7,7,9,11.155555555555557,1.0,1.2857142857142858,0,0,0,18,0,1,1,0.2802021129995407,0.4782608695652174,0,1,1,2,2,1,1.5,0,0,0
1,0,1,0,0,7,6,9,11.857142857142858,0.8571428571428571,1.2857142857142858,0,0,1,37,4,1,0,0.55625,0.36597938144329895,0,1,1,1,1,1,1.0,4,0,0
1,0,1,0,0,0,0,0,0.0,0.0,0.0,1,1,1,23,1,1,1,0.2802021129995407,0.4606741573033708,0,1,1,1,1,1,1.0,1,0,0
1,0,0,1,0,14,14,14,14.0,1.0,1.0,0,0,1,26,2,1,1,0.55625,0.2786885245901639,0,1,1,1,1,1,1.0,2,0,0
0,0,0,2,0,6,5,8,12.0,0.8333333333333334,1.3333333333333333,0,0,0,18,0,1,1,0.55625,0.3400673400673401,0,2,1,1,2,1,1.25,0,0,0
1,0,0,1,0,7,7,8,13.198571428571428,1.0,1.1428571428571428,0,0,0,19,0,1,1,0.2802021129995407,0.17717717717717718,0,4,4,4,1,1,2.5,0,0,0
1,0,0,1,0,6,6,10,13.5,1.0,1.6666666666666667,0,0,0,18,0,1,1,0.55625,0.3423076923076923,0,2,1,3,2,1,1.75,0,0,0
1,0,0,1,0,6,6,6,13.333333333333334,1.0,1.0,0,0,0,19,0,1,1,0.2802021129995407,0.4337899543378995,0,1,3,4,2,2,2.75,0,0,0
1,0,1,0,0,6,6,7,12.166666666666666,1.0,1.1666666666666667,0,0,0,22,1,1,1,0.2802021129995407,0.2786885245901639,0,1,3,3,1,1,2.0,0,0,0
1,0,1,0,0,8,7,8,12.214285714285714,0.875,1.0,0,0,0,18,0,1,1,0.2802021129995407,0.17717717717717718,0,3,1,3,1,1,1.5,0,0,0
1,0,1,0,0,6,6,8,12.666666666666666,1.0,1.3333333333333333,0,0,0,18,0,1,1,0.2802021129995407,0.45714285714285713,0,1,1,1,1,2,1.25,0,0,0
1,0,1,0,0,6,6,7,12.285714285714286,1.0,1.1666666666666667,0,0,0,18,0,1,1,0.2802021129995407,0.3400673400673401,0,3,1,1,1,1,1.0,0,0,0
1,0,1,0,0,6,6,7,13.0,1.0,1.1666666666666667,0,0,0,18,0,1,1,0.2802021129995407,0.45714285714285713,0,5,1,1,1,1,1.0,0,0,0
1,0,0,1,0,6,6,8,12.142857142857142,1.0,1.3333333333333333,0,0,0,18,0,1,1,0.2802021129995407,0.45714285714285713,0,2,4,4,1,2,2.75,0,0,0
1,0,1,0,0,7,7,8,13.875714285714285,1.0,1.1428571428571428,0,0,0,19,0,1,1,0.2802021129995407,0.17717717717717718,0,5,3,2,1,1,1.75,0,0,0
1,0,0,1,0,6,0,0,0.0,0.0,0.0,1,1,0,20,0,1,1,0.2802021129995407,0.5985915492957746,0,1,1,3,1,1,1.5,0,1,0
1,0,1,0,0,6,6,12,11.666666666666666,1.0,2.0,0,0,0,19,0,1,1,0.2802021129995407,0.20967741935483872,0,4,3,2,1,1,1.75,0,0,0
1,0,0,1,0,6,6,13,13.153846153846152,1.0,2.1666666666666665,0,0,0,18,0,1,1,0.2802021129995407,0.3423076923076923,0,2,4,3,2,1,2.5,0,0,0
1,0,1,0,0,6,6,6,14.5,1.0,1.0,0,0,0,18,0,1,1,0.2802021129995407,0.2786885245901639,0,4,3,3,1,1,2.0,0,0,0
1,0,1,0,0,7,7,7,14.44142857142857,1.0,1.0,0,0,0,18,0,1,1,0.2802021129995407,0.17717717717717718,0,5,1,2,1,1,1.25,0,0,0
1,0,0,1,0,6,6,6,15.166666666666666,1.0,1.0,0,0,0,18,0,1,1,0.2802021129995407,0.3400673400673401,0,2,4,1,1,2,2.0,0,0,0
1,0,1,0,0,5,5,5,11.6,1.0,1.0,0,0,0,18,0,1,1,0.2802021129995407,0.4944649446494465,0,1,1,1,2,1,1.25,0,0,0
1,1,0,2,0,6,6,6,11.666666666666666,1.0,1.0,0,0,0,18,0,1,1,0.2802021129995407,0.3400673400673401,0,1,3,3,2,1,2.25,0,0,0
1,0,1,0,0,6,6,8,12.625,1.0,1.3333333333333333,0,0,0,20,0,1,1,0.55625,0.4941860465116279,1,1,1,1,1,2,1.25,0,0,0
1,0,1,0,0,6,3,14,12.666666666666666,0.5,2.3333333333333335,0,0,0,19,0,1,1,0.2802021129995407,0.20967741935483872,0,2,1,1,2,1,1.25,0,0,0
1,0,1,0,0,6,6,7,11.857142857142858,1.0,1.1666666666666667,0,0,0,19,0,1,1,0.2802021129995407,0.20967741935483872,0,1,1,1,1,1,1.0,0,0,0
1,0,0,1,0,6,6,7,14.714285714285714,1.0,1.1666666666666667,0,0,0,19,0,1,1,0.2802021129995407,0.4337899543378995,0,1,1,2,1,1,1.25,0,0,0
1,1,0,2,0,6,6,6,13.5,1.0,1.0,0,0,0,20,0,1,1,0.36666666666666664,0.4337899543378995,0,1,1,3,1,1,1.5,0,0,0
1,0,1,0,0,5,4,7,11.5,0.8,1.4,0,0,0,18,0,1,1,0.55625,0.65,0,1,1,2,1,1,1.25,0,0,0
1,0,0,1,0,5,2,9,14.0,0.4,1.8,0,0,0,33,3,1,1,0.6412213740458015,0.4944649446494465,2,1,3,1,2,1,1.75,0,0,0
1,0,1,0,0,7,6,8,12.833333333333334,0.8571428571428571,1.1428571428571428,0,0,0,19,0,1,1,0.2802021129995407,0.5985915492957746,0,1,1,2,2,1,1.5,0,0,0
1,0,1,0,0,7,7,7,13.428571428571429,1.0,1.0,0,0,0,18,0,1,1,0.2802021129995407,0.4782608695652174,0,2,3,3,1,1,2.0,0,0,0
1,0,0,1,0,6,0,0,0.0,0.0,0.0,1,1,0,19,0,1,1,0.2802021129995407,0.2786885245901639,0,1,1,3,2,2,2.0,0,1,0
1,0,0,1,0,6,6,6,16.0,1.0,1.0,0,0,0,18,0,1,1,0.2802021129995407,0.3400673400673401,0,3,4,3,1,1,2.25,0,0,0
1,0,0,1,0,6,6,6,13.833333333333334,1.0,1.0,0,0,0,20,0,1,1,0.2802021129995407,0.20967741935483872,0,1,1,2,1,1,1.25,0,0,0
1,0,0,1,0,8,8,9,13.2325,1.0,1.125,0,0,0,19,0,1,1,0.2802021129995407,0.17717717717717718,0,5,1,1,1,1,1.0,0,0,0
1,0,1,0,0,6,6,6,14.0,1.0,1.0,0,0,1,18,0,1,1,0.2802021129995407,0.3400673400673401,0,2,1,2,1,1,1.25,0,0,0
1,1,1,1,0,6,2,14,10.0,0.3333333333333333,2.3333333333333335,0,0,1,19,0,1,1,0.2802021129995407,0.45714285714285713,0,2,3,4,1,2,2.5,0,0,0
1,0,0,1,0,16,15,16,13.333333333333334,0.9375,1.0,0,0,0,25,2,1,0,0.55625,0.36597938144329895,0,1,1,1,1,1,1.0,0,0,0
1,0,0,1,0,6,6,6,12.5,1.0,1.0,0,0,0,19,0,1,0,0.2802021129995407,0.36597938144329895,0,1,1,1,1,1,1.0,0,0,0
1,1,0,2,0,5,2,8,10.5,0.4,1.6,0,0,1,33,3,1,0,0.2802021129995407,0.6355140186915887,0,1,3,1,0,0,1.0,3,0,0
1,0,0,1,0,5,4,10,12.0,0.8,2.0,0,0,0,19,0,1,1,0.36666666666666664,0.4944649446494465,0,1,3,3,1,2,2.25,0,0,0
1,0,0,1,0,6,6,6,14.0,1.0,1.0,0,0,0,18,0,1,1,0.2802021129995407,0.3400673400673401,0,1,1,3,1,0,1.25,0,0,0
1,0,0,1,0,6,6,7,13.5,1.0,1.1666666666666667,0,0,0,18,0,1,1,0.2802021129995407,0.5985915492957746,0,5,4,2,1,1,2.0,0,0,0
1,0,0,1,0,8,8,8,13.07375,1.0,1.0,0,0,0,18,0,1,1,0.2802021129995407,0.17717717717717718,0,3,1,1,1,1,1.0,0,0,0
1,0,0,1,0,7,2,9,10.75,0.2857142857142857,1.2857142857142858,0,0,0,37,4,2,1,0.55625,0.17717717717717718,1,1,1,1,1,0,0.75,0,0,0
1,0,1,0,0,6,6,6,14.0,1.0,1.0,0,0,0,20,0,1,1,0.2802021129995407,0.45714285714285713,0,1,1,1,1,1,1.0,0,0,0
1,0,0,1,0,6,6,7,12.333333333333334,1.0,1.1666666666666667,0,0,1,21,1,1,1,0.36666666666666664,0.20967741935483872,0,1,1,2,1,2,1.5,1,0,0
1,0,1,0,0,7,7,7,13.464285714285714,1.0,1.0,0,0,0,18,0,1,1,0.2802021129995407,0.17717717717717718,0,1,1,3,1,2,1.75,0,0,0
1,0,1,0,0,6,6,6,13.666666666666666,1.0,1.0,0,0,0,18,0,1,1,0.2802021129995407,0.3400673400673401,0,2,1,3,2,1,1.75,0,0,0
1,1,0,2,0,8,8,9,14.4025,1.0,1.125,0,0,0,18,0,1,1,0.2802021129995407,0.17717717717717718,0,4,1,1,1,1,1.0,0,0,0
1,0,0,1,0,7,7,9,15.46875,1.0,1.2857142857142858,0,0,0,31,3,1,1,0.2802021129995407,0.17717717717717718,0,1,1,1,1,1,1.0,0,0,0
1,1,0,2,0,6,6,8,12.625,1.0,1.3333333333333333,0,0,0,23,1,1,1,0.2802021129995407,0.20967741935483872,0,1,3,3,2,0,2.0,0,0,0
1,0,0,1,0,7,6,7,14.983333333333334,0.8571428571428571,1.0,0,0,0,19,0,1,1,0.2802021129995407,0.17717717717717718,0,4,1,2,1,1,1.25,0,0,0
1,0,1,0,0,6,6,6,15.0,1.0,1.0,0,0,0,20,0,1,1,0.2802021129995407,0.3400673400673401,0,3,1,1,2,1,1.25,0,0,0
1,0,0,1,0,9,9,9,15.88888888888889,1.0,1.0,0,0,0,40,4,2,0,0.55625,0.36597938144329895,0,1,1,1,1,1,1.0,0,0,0
1,1,0,2,0,6,4,14,11.5,0.6666666666666666,2.3333333333333335,0,0,0,32,3,1,1,0.55625,0.3423076923076923,1,1,1,1,1,1,1.0,0,0,0
1,0,0,1,0,6,2,14,10.5,0.3333333333333333,2.3333333333333335,0,0,0,24,2,1,1,0.2802021129995407,0.45714285714285713,0,4,1,1,1,1,1.0,0,0,0
1,0,0,1,0,7,6,7,13.983333333333334,0.8571428571428571,1.0,0,0,0,18,0,1,1,0.2802021129995407,0.17717717717717718,0,4,1,1,1,1,1.0,0,0,0
1,0,0,1,0,6,6,6,13.0,1.0,1.0,0,0,0,18,0,1,1,0.2802021129995407,0.20967741935483872,0,1,1,1,1,1,1.0,0,0,0
1,0,1,0,0,6,6,6,13.666666666666666,1.0,1.0,0,0,0,18,0,1,1,0.2802021129995407,0.20967741935483872,0,1,1,1,2,1,1.25,0,0,0
0,0,0,2,0,6,0,8,0.0,0.0,1.3333333333333333,1,0,0,27,2,1,1,0.55625,0.4941860465116279,0,1,1,1,2,1,1.25,0,2,1
1,0,0,1,0,5,5,5,14.4,1.0,1.0,0,0,0,18,0,1,1,0.2802021129995407,0.4944649446494465,0,1,1,1,1,1,1.0,0,0,0
1,0,0,1,0,6,6,6,14.166666666666666,1.0,1.0,0,0,0,19,0,1,1,0.2802021129995407,0.5985915492957746,0,1,1,1,1,2,1.25,0,0,0
1,0,0,1,0,6,5,8,12.2,0.8333333333333334,1.3333333333333333,0,0,0,19,0,1,0,0.2802021129995407,0.36597938144329895,0,2,1,1,0,0,0.5,0,0,0
1,0,0,1,0,6,3,8,12.333333333333334,0.5,1.3333333333333333,0,0,0,20,0,1,1,0.2802021129995407,0.5985915492957746,0,1,1,1,1,0,0.75,0,0,0
1,0,0,1,0,6,0,6,0.0,0.0,1.0,1,0,0,30,3,1,1,0.55625,0.4941860465116279,0,1,1,2,1,1,1.25,0,1,0
1,0,0,1,0,9,9,9,10.88888888888889,1.0,1.0,0,0,0,21,1,1,1,0.6412213740458015,0.4944649446494465,2,1,1,2,1,1,1.25,0,0,0
1,0,0,1,0,7,6,12,12.166666666666666,0.8571428571428571,1.7142857142857142,0,0,0,26,2,1,1,0.55625,0.4782608695652174,0,1,1,2,2,1,1.5,0,0,0
1,0,1,0,0,6,6,6,12.666666666666666,1.0,1.0,0,0,0,18,0,1,1,0.2802021129995407,0.2786885245901639,0,1,1,1,1,1,1.0,0,0,0
1,1,0,2,0,6,5,9,11.4,0.8333333333333334,1.5,0,0,0,21,1,1,1,0.2802021129995407,0.2786885245901639,0,1,3,1,1,1,1.5,0,0,0
1,0,1,0,0,0,0,0,0.0,0.0,0.0,1,1,0,18,0,1,1,0.55625,0.4606741573033708,0,1,1,1,1,1,1.0,0,0,0
1,0,1,0,0,6,6,6,13.5,1.0,1.0,0,0,0,19,0,1,1,0.2802021129995407,0.5985915492957746,0,3,1,1,1,1,1.0,0,0,0
1,0,0,1,0,6,6,7,12.285714285714286,1.0,1.1666666666666667,0,0,0,19,0,1,1,0.2802021129995407,0.20967741935483872,0,3,1,2,1,1,1.25,0,0,0
0,0,0,2,0,5,0,12,0.0,0.0,2.4,1,0,0,19,0,1,1,0.2802021129995407,0.3423076923076923,0,5,1,1,1,1,1.0,0,2,1
1,0,0,1,0,6,2,10,10.5,0.3333333333333333,1.6666666666666667,0,0,0,19,0,1,1,0.2802021129995407,0.20967741935483872,0,1,1,1,1,1,1.0,0,0,0
1,0,0,1,0,5,3,12,14.0,0.6,2.4,0,0,0,27,2,2,1,0.55625,0.3423076923076923,1,1,1,1,2,2,1.5,0,0,0
1,0,0,1,0,5,5,7,14.2,1.0,1.4,0,0,0,22,1,1,1,0.55625,0.3423076923076923,0,1,1,1,1,1,1.0,0,0,0
1,0,0,1,0,6,5,8,13.0,0.8333333333333334,1.3333333333333333,0,0,0,18,0,1,1,0.2802021129995407,0.3400673400673401,0,1,1,3,1,1,1.5,0,0,0
1,0,0,1,0,6,6,6,11.0,1.0,1.0,0,0,0,20,0,1,1,0.2802021129995407,0.45714285714285713,0,4,1,1,1,1,1.0,0,0,0
1,0,0,1,0,8,3,9,11.0,0.375,1.125,0,0,0,34,3,2,0,0.55625,0.6355140186915887,0,1,1,1,1,1,1.0,0,0,0
1,0,0,1,0,7,6,9,12.385714285714286,0.8571428571428571,1.2857142857142858,0,0,0,18,0,1,1,0.2802021129995407,0.17717717717717718,0,2,3,1,1,1,1.5,0,0,0
1,0,0,1,0,6,4,12,14.75,0.6666666666666666,2.0,0,0,1,20,0,1,1,0.2802021129995407,0.3400673400673401,0,2,3,3,1,1,2.0,0,0,0
1,0,0,1,0,5,5,6,16.166666666666668,1.0,1.2,0,0,0,20,0,1,1,0.2802021129995407,0.65,0,1,3,2,1,1,1.75,0,0,0
1,0,0,1,0,5,0,7,0.0,0.0,1.4,1,0,1,25,2,1,0,0.55625,0.6355140186915887,0,1,3,1,2,1,1.75,2,1,0
1,0,0,1,0,5,5,6,12.4,1.0,1.2,0,0,1,18,0,1,1,0.2802021129995407,0.8653846153846154,0,4,4,2,1,1,2.0,0,0,0
0,0,0,2,0,6,5,8,11.6,0.8333333333333334,1.3333333333333333,0,0,1,18,0,1,1,0.2802021129995407,0.65,0,1,3,3,1,1,2.0,0,0,0
1,0,1,0,0,6,5,8,12.2,0.8333333333333334,1.3333333333333333,0,0,0,18,0,1,1,0.2802021129995407,0.5985915492957746,0,1,1,1,1,1,1.0,0,0,0
1,0,1,0,0,6,5,7,11.0,0.8333333333333334,1.1666666666666667,0,0,0,19,0,1,1,0.2802021129995407,0.45714285714285713,0,1,3,2,1,2,2.0,0,0,0
1,0,1,0,0,6,6,8,12.333333333333334,1.0,1.3333333333333333,0,0,0,19,0,1,1,0.2802021129995407,0.5985915492957746,0,2,1,2,1,1,1.25,0,0,0
1,0,1,0,0,6,6,6,12.0,1.0,1.0,0,0,0,20,0,1,1,0.2802021129995407,0.2786885245901639,0,1,3,1,1,1,1.5,0,0,0
1,1,1,1,0,13,11,13,12.727272727272728,0.8461538461538461,1.0,0,0,0,21,1,1,0,0.55625,0.36597938144329895,1,1,1,1,0,2,1.0,0,0,0
1,0,0,1,0,2,2,2,10.5,1.0,1.0,0,0,0,34,3,1,0,0.55625,0.6355140186915887,0,1,1,1,1,1,1.0,0,0,0
1,0,0,1,0,6,6,6,12.333333333333334,1.0,1.0,0,0,0,20,0,1,1,0.2802021129995407,0.3400673400673401,0,4,3,1,2,1,1.75,0,0,0
1,0,0,1,0,5,0,10,0.0,0.0,2.0,1,0,1,24,2,1,0,0.55625,0.6355140186915887,0,1,1,1,1,1,1.0,2,1,0
1,0,0,1,0,7,7,7,14.842857142857143,1.0,1.0,0,0,1,18,0,1,1,0.2802021129995407,0.17717717717717718,0,1,3,3,2,2,2.5,0,0,0
1,0,0,1,0,5,2,13,11.0,0.4,2.6,0,0,1,28,3,1,0,0.55625,0.6355140186915887,0,1,3,3,1,1,2.0,3,0,0
1,0,0,1,0,6,4,9,10.75,0.6666666666666666,1.5,0,0,1,20,0,1,1,0.2802021129995407,0.45714285714285713,0,1,1,1,0,1,0.75,0,0,0
1,0,0,1,0,8,8,9,12.55375,1.0,1.125,0,0,1,22,1,1,1,0.55625,0.17717717717717718,0,1,3,3,1,2,2.25,1,0,0
1,0,0,1,0,8,7,8,12.665714285714284,0.875,1.0,0,0,1,19,0,1,1,0.2802021129995407,0.17717717717717718,0,4,1,3,2,2,2.0,0,0,0
1,0,0,1,0,7,2,7,11.75,0.2857142857142857,1.0,0,0,1,26,2,1,1,0.55625,0.4782608695652174,0,2,4,3,1,2,2.5,2,0,0
0,0,0,2,0,6,3,11,11.0,0.5,1.8333333333333333,0,0,1,21,1,1,1,0.2802021129995407,0.45714285714285713,0,2,1,1,1,1,1.0,1,0,0
1,0,0,1,0,0,0,0,0.0,0.0,0.0,1,1,1,18,0,1,1,0.2802021129995407,0.4606741573033708,0,2,4,4,1,1,2.5,0,1,0
1,0,0,1,0,5,5,5,13.4,1.0,1.0,0,0,1,18,0,1,1,0.2802021129995407,0.4944649446494465,0,1,1,1,1,1,1.0,0,0,0
1,0,0,1,0,17,17,21,12.578947368421051,1.0,1.2352941176470589,0,0,1,22,1,1,1,0.2802021129995407,0.4606741573033708,0,2,1,2,2,1,1.5,1,0,0
1,0,0,1,0,5,0,0,0.0,0.0,0.0,1,1,1,36,4,2,1,0.55625,0.8653846153846154,1,1,1,1,1,1,1.0,4,1,0
1,0,1,0,0,6,6,8,12.0,1.0,1.3333333333333333,0,0,1,20,0,1,1,0.2802021129995407,0.3400673400673401,0,1,1,1,1,1,1.0,0,0,0
1,0,0,1,0,6,3,6,12.333333333333334,0.5,1.0,0,0,1,20,0,1,1,0.2802021129995407,0.4337899543378995,0,5,4,4,1,1,2.5,0,0,0
1,0,0,1,0,5,4,11,11.5,0.8,2.2,0,0,1,25,2,1,0,0.55625,0.6355140186915887,0,1,1,3,1,2,1.75,2,0,0
1,0,0,1,0,6,5,7,12.8,0.8333333333333334,1.1666666666666667,0,0,1,35,3,1,1,0.55625,0.4941860465116279,0,1,1,2,2,2,1.75,3,0,0
1,0,0,1,0,0,0,0,0.0,0.0,0.0,1,1,1,22,1,1,1,0.2802021129995407,0.4606741573033708,0,1,3,1,1,1,1.5,1,1,0
0,1,0,3,1,6,4,16,11.8,0.6666666666666666,2.6666666666666665,0,0,1,20,0,1,1,0.55625,0.4941860465116279,1,1,1,1,1,1,1.0,0,0,0
1,0,0,1,0,13,6,13,11.333333333333334,0.46153846153846156,1.0,0,0,1,50,4,1,0,0.55625,0.36597938144329895,1,1,1,3,1,0,1.25,4,0,0
1,0,0,1,0,8,5,12,12.002,0.625,1.5,0,0,1,20,0,1,1,0.2802021129995407,0.17717717717717718,0,1,1,1,1,1,1.0,0,0,0
0,0,0,2,0,6,5,10,15.2,0.8333333333333334,1.6666666666666667,0,0,1,35,3,1,1,0.6412213740458015,0.4941860465116279,2,1,4,2,1,0,1.75,3,0,0
1,0,1,0,0,6,6,7,13.142857142857142,1.0,1.1666666666666667,0,0,1,19,0,1,1,0.2802021129995407,0.4337899543378995,0,1,4,2,2,1,2.25,0,0,0
1,0,0,1,0,5,0,14,0.0,0.0,2.8,1,0,1,43,4,2,1,0.55625,0.4944649446494465,0,2,1,1,1,1,1.0,4,1,0
1,0,0,1,0,8,7,11,13.867142857142856,0.875,1.375,0,0,1,19,0,1,1,0.2802021129995407,0.17717717717717718,0,5,4,1,1,1,1.75,0,0,0
1,0,0,1,0,8,6,11,12.675,0.75,1.375,0,0,1,25,2,1,1,0.55625,0.17717717717717718,0,1,1,1,1,1,1.0,2,0,0
1,0,0,1,0,0,0,0,0.0,0.0,0.0,1,1,1,19,0,1,1,0.2802021129995407,0.4606741573033708,0,1,3,4,1,0,2.0,0,1,0
1,0,0,1,0,0,0,0,0.0,0.0,0.0,1,1,1,22,1,1,1,0.2802021129995407,0.4606741573033708,0,1,1,1,1,1,1.0,1,1,0
1,0,1,0,0,6,6,7,11.0,1.0,1.1666666666666667,0,0,1,19,0,1,1,0.2802021129995407,0.45714285714285713,0,1,1,1,2,2,1.5,0,0,0
1,0,0,1,0,5,4,11,10.75,0.8,2.2,0,0,1,32,3,2,0,0.55625,0.6355140186915887,0,1,1,1,2,1,1.25,3,0,0
1,0,0,1,0,6,5,7,14.2,0.8333333333333334,1.1666666666666667,0,0,1,57,4,2,1,0.55625,0.3400673400673401,1,1,1,1,1,1,1.0,4,0,0
0,0,0,2,0,7,4,11,12.6,0.5714285714285714,1.5714285714285714,0,0,1,20,0,1,1,0.2802021129995407,0.17717717717717718,0,1,3,2,2,1,2.0,0,0,0
0,0,0,2,0,5,0,5,0.0,0.0,1.0,1,0,1,38,4,1,0,0.55625,0.6355140186915887,0,1,3,3,1,1,2.0,4,2,1
1,0,0,1,0,5,5,6,14.0,1.0,1.2,0,0,1,45,4,2,0,0.55625,0.6355140186915887,0,1,1,4,1,2,2.0,4,0,0
0,1,0,3,1,6,2,16,10.0,0.3333333333333333,2.6666666666666665,0,0,1,43,4,2,1,0.55625,0.3400673400673401,0,1,1,1,1,0,0.75,4,0,0
1,0,0,1,0,6,6,6,13.833333333333334,1.0,1.0,0,0,1,19,0,1,1,0.2802021129995407,0.2786885245901639,0,4,1,3,1,1,1.5,0,0,0
0,0,0,2,0,5,2,8,11.0,0.4,1.6,0,0,1,49,4,2,0,0.55625,0.6355140186915887,1,1,1,2,2,2,1.75,4,0,0
1,0,0,1,0,6,4,6,12.25,0.6666666666666666,1.0,0,0,1,34,3,1,0,0.55625,0.36597938144329895,0,1,1,1,1,1,1.0,3,0,0
1,0,0,1,0,5,5,5,13.8,1.0,1.0,0,0,1,43,4,2,0,0.55625,0.6355140186915887,0,1,1,1,1,2,1.25,4,0,0
1,0,0,1,0,6,3,8,12.0,0.5,1.3333333333333333,0,0,1,21,1,1,1,0.2802021129995407,0.45714285714285713,0,2,1,3,1,1,1.5,1,0,0
1,0,1,0,0,6,4,7,13.75,0.6666666666666666,1.1666666666666667,0,0,1,19,0,1,1,0.2802021129995407,0.4337899543378995,0,1,1,1,1,1,1.0,0,0,0
1,0,0,1,0,7,0,7,0.0,0.0,1.0,1,0,1,43,4,2,1,0.55625,0.4782608695652174,0,1,1,1,1,2,1.25,4,1,0
1,0,0,1,0,5,5,6,13.833333333333334,1.0,1.2,0,0,1,31,3,1,0,0.55625,0.6355140186915887,0,1,1,1,1,1,1.0,3,0,0
1,0,0,1,0,5,5,5,15.8,1.0,1.0,0,0,1,34,3,1,0,0.55625,0.6355140186915887,0,1,1,1,2,0,1.0,3,0,0
1,0,0,1,0,14,12,26,12.52608695652174,0.8571428571428571,1.8571428571428572,0,0,1,30,3,3,1,0.55625,0.17717717717717718,1,1,3,1,0,0,1.0,3,0,0
1,0,0,1,0,7,6,9,12.783333333333331,0.8571428571428571,1.2857142857142858,0,0,1,36,4,2,1,0.55625,0.17717717717717718,1,1,1,1,1,1,1.0,4,0,0
0,1,0,3,1,5,0,5,0.0,0.0,1.0,1,0,1,46,4,1,0,0.6412213740458015,0.6355140186915887,2,1,1,1,2,1,1.25,4,3,1
1,0,0,1,0,5,3,8,13.0,0.6,1.6,0,0,1,22,1,1,1,0.2802021129995407,0.3423076923076923,0,1,3,2,1,1,1.75,1,0,0
1,0,0,1,0,6,0,8,0.0,0.0,1.3333333333333333,1,0,1,27,2,1,1,0.6412213740458015,0.4941860465116279,2,1,3,2,1,1,1.75,2,1,0
0,1,0,3,1,4,0,4,0.0,0.0,1.0,1,0,1,31,3,1,1,0.55625,0.8653846153846154,0,1,1,2,0,0,0.75,3,3,1
0,0,0,2,0,6,2,10,12.0,0.3333333333333333,1.6666666666666667,0,0,1,21,1,1,1,0.2802021129995407,0.3400673400673401,0,1,3,1,0,1,1.25,1,0,0
1,0,0,1,0,5,4,7,10.75,0.8,1.4,0,0,1,21,1,1,1,0.2802021129995407,0.4944649446494465,0,1,1,2,1,1,1.25,1,0,0
1,0,0,1,0,5,5,8,11.6,1.0,1.6,0,0,1,19,0,1,1,0.2802021129995407,0.4944649446494465,0,1,3,4,1,0,2.0,0,0,0
1,0,1,0,0,5,5,6,11.8,1.0,1.2,0,0,1,20,0,1,1,0.2802021129995407,0.4944649446494465,0,4,1,2,2,2,1.75,0,0,0
1,0,0,1,0,6,6,7,16.0,1.0,1.1666666666666667,0,0,1,18,0,1,1,0.2802021129995407,0.4941860465116279,0,1,1,3,1,2,1.75,0,0,0
1,0,1,0,0,6,6,6,12.666666666666666,1.0,1.0,0,0,1,18,0,1,1,0.2802021129995407,0.3400673400673401,0,2,3,3,2,2,2.5,0,0,0
0,1,0,3,1,6,0,6,0.0,0.0,1.0,1,0,1,34,3,1,1,0.55625,0.45714285714285713,1,1,1,2,2,1,1.5,3,3,1
1,0,0,1,0,7,5,9,12.6,0.7142857142857143,1.2857142857142858,0,0,1,20,0,1,1,0.55625,0.2786885245901639,1,1,1,3,1,1,1.5,0,0,0
1,0,0,1,0,8,7,8,13.4,0.875,1.0,0,0,1,18,0,1,1,0.2802021129995407,0.17717717717717718,0,1,1,1,1,1,1.0,0,0,0
1,1,0,2,0,0,0,0,0.0,0.0,0.0,1,1,1,21,1,1,1,0.2802021129995407,0.4606741573033708,0,1,3,3,2,2,2.5,1,2,0
1,0,0,1,0,6,1,9,10.0,0.16666666666666666,1.5,0,0,1,26,2,2,1,0.55625,0.4941860465116279,0,1,4,3,1,1,2.25,2,0,0
1,1,0,2,0,5,0,5,0.0,0.0,1.0,1,0,1,20,0,1,1,0.2802021129995407,0.8653846153846154,0,1,1,2,1,2,1.5,0,2,0
1,0,0,1,0,6,3,16,11.25,0.5,2.6666666666666665,0,0,1,25,2,1,1,0.55625,0.4941860465116279,1,1,3,1,1,1,1.5,2,0,0
1,0,0,1,0,5,3,8,10.666666666666666,0.6,1.6,0,0,1,24,2,1,1,0.55625,0.4944649446494465,0,2,1,4,2,1,2.0,2,0,0
1,0,0,1,0,5,4,7,11.75,0.8,1.4,0,0,1,20,0,1,1,0.2802021129995407,0.65,0,1,4,4,1,1,2.5,0,0,0
1,0,0,1,0,5,0,5,0.0,0.0,1.0,1,0,1,20,0,1,1,0.2802021129995407,0.4944649446494465,0,1,3,4,1,1,2.25,0,1,0
1,0,0,1,0,6,6,6,12.666666666666666,1.0,1.0,0,0,0,18,0,1,1,0.36666666666666664,0.2786885245901639,0,3,4,3,1,2,2.5,0,0,0
1,0,0,1,0,6,5,7,14.0,0.8333333333333334,1.1666666666666667,0,0,0,22,1,1,1,0.2802021129995407,0.45714285714285713,0,1,1,1,1,2,1.25,0,0,0
0,0,0,2,0,6,0,6,0.0,0.0,1.0,1,0,0,41,4,1,0,0.55625,0.36597938144329895,0,1,1,1,0,2,1.0,0,2,1
1,1,1,1,0,5,2,11,11.5,0.4,2.2,0,0,0,19,0,1,1,0.2802021129995407,0.4944649446494465,0,2,1,1,1,1,1.0,0,0,0
1,0,0,1,0,6,6,10,12.0,1.0,1.6666666666666667,0,0,0,21,1,1,1,0.55625,0.65,0,1,4,4,2,2,3.0,0,0,0
1,1,0,2,0,6,6,7,16.428571428571427,1.0,1.1666666666666667,0,0,0,30,3,1,1,0.55625,0.3423076923076923,0,1,3,3,1,1,2.0,0,0,0
1,0,1,0,0,7,5,9,13.336000000000002,0.7142857142857143,1.2857142857142858,0,0,0,21,1,1,1,0.2802021129995407,0.17717717717717718,0,5,1,1,1,1,1.0,0,0,0
1,0,0,1,0,7,7,9,14.666666666666666,1.0,1.2857142857142858,0,0,0,21,1,1,1,0.36666666666666664,0.4337899543378995,0,1,3,3,1,2,2.25,0,0,0
1,0,0,1,0,8,7,8,14.115714285714288,0.875,1.0,0,0,0,18,0,1,1,0.2802021129995407,0.17717717717717718,0,1,3,3,2,2,2.5,0,0,0
1,0,1,0,0,6,6,7,14.857142857142858,1.0,1.1666666666666667,0,0,0,19,0,1,1,0.2802021129995407,0.3423076923076923,0,4,4,3,1,2,2.5,0,0,0
1,0,1,0,0,6,6,7,13.833333333333334,1.0,1.1666666666666667,0,0,0,18,0,1,1,0.2802021129995407,0.3423076923076923,0,2,3,1,1,1,1.5,0,0,0
1,0,1,0,0,5,2,15,10.0,0.4,3.0,0,0,0,18,0,1,1,0.2802021129995407,0.4944649446494465,0,2,1,3,1,2,1.75,0,0,0
1,0,1,0,0,8,6,15,12.415,0.75,1.875,0,0,0,24,2,1,1,0.55625,0.17717717717717718,0,1,1,1,1,1,1.0,0,0,0
1,0,0,1,0,6,5,14,14.428571428571429,0.8333333333333334,2.3333333333333335,0,0,0,23,1,1,1,0.55625,0.3423076923076923,1,1,1,2,1,1,1.25,0,0,0
1,0,1,0,0,8,7,8,14.312857142857142,0.875,1.0,0,0,0,18,0,1,1,0.2802021129995407,0.17717717717717718,0,2,1,2,1,1,1.25,0,0,0
1,0,0,1,0,5,4,9,12.0,0.8,1.8,0,0,0,20,0,1,1,0.2802021129995407,0.65,0,1,1,1,1,1,1.0,0,0,0
1,0,0,1,0,6,6,7,13.833333333333334,1.0,1.1666666666666667,0,0,0,18,0,1,1,0.2802021129995407,0.20967741935483872,0,1,4,3,1,1,2.25,0,0,0
1,0,0,1,0,6,6,6,12.166666666666666,1.0,1.0,0,0,0,20,0,1,1,0.2802021129995407,0.20967741935483872,0,1,4,1,2,0,1.75,0,0,0
1,0,1,0,0,6,5,7,13.2,0.8333333333333334,1.1666666666666667,0,0,0,22,1,1,1,0.2802021129995407,0.3400673400673401,0,4,3,1,1,0,1.25,0,0,0
1,1,0,2,0,7,6,7,15.4,0.8571428571428571,1.0,0,0,0,20,0,1,1,0.2802021129995407,0.17717717717717718,0,1,1,1,1,1,1.0,0,0,0
1,0,1,0,0,7,7,7,13.385714285714286,1.0,1.0,0,0,0,19,0,1,1,0.2802021129995407,0.17717717717717718,0,4,3,1,1,1,1.5,0,0,0
1,1,0,2,0,6,6,13,10.857142857142858,1.0,2.1666666666666665,0,0,0,18,0,1,1,0.2802021129995407,0.65,0,1,4,3,1,2,2.5,0,0,0
1,0,0,1,0,5,5,11,11.333333333333334,1.0,2.2,0,0,0,18,0,1,1,0.2802021129995407,0.4944649446494465,0,2,1,1,2,2,1.5,0,0,0
1,0,1,0,0,5,4,7,14.5,0.8,1.4,0,0,0,19,0,1,1,0.2802021129995407,0.3423076923076923,0,4,1,3,1,1,1.5,0,0,0
1,0,1,0,0,6,6,6,14.166666666666666,1.0,1.0,0,0,0,19,0,1,1,0.2802021129995407,0.2786885245901639,0,2,1,1,1,1,1.0,0,0,0
1,0,0,1,0,6,6,7,12.833333333333334,1.0,1.1666666666666667,0,0,0,24,2,1,0,0.2802021129995407,0.36597938144329895,0,1,3,1,0,0,1.0,0,0,0
1,0,0,1,0,6,6,7,13.333333333333334,1.0,1.1666666666666667,0,0,0,21,1,1,1,0.2802021129995407,0.20967741935483872,0,1,1,1,2,2,1.5,0,0,0
1,0,1,0,0,6,6,7,13.666666666666666,1.0,1.1666666666666667,0,0,0,20,0,1,1,0.2802021129995407,0.20967741935483872,0,1,3,3,2,2,2.5,0,0,0
0,1,1,2,1,6,6,6,10.833333333333334,1.0,1.0,0,0,0,28,3,1,1,0.55625,0.45714285714285713,0,1,1,2,2,1,1.5,0,0,0
1,0,0,1,0,6,6,7,13.428571428571429,1.0,1.1666666666666667,0,0,0,21,1,1,1,0.2802021129995407,0.5985915492957746,0,2,1,2,1,1,1.25,0,0,0
0,0,0,2,0,6,0,8,0.0,0.0,1.3333333333333333,1,0,1,36,4,1,1,0.55625,0.4941860465116279,0,1,4,4,1,2,2.75,4,2,1
0,0,0,2,0,4,0,4,0.0,0.0,1.0,1,0,1,42,4,2,0,0.55625,0.6355140186915887,0,1,1,1,1,1,1.0,4,2,1
1,0,0,1,0,5,4,9,11.5,0.8,1.8,0,0,1,47,4,2,0,0.55625,0.6355140186915887,0,1,1,1,1,1,1.0,4,0,0
0,0,0,2,0,5,0,8,0.0,0.0,1.6,1,0,1,25,2,1,1,0.55625,0.8653846153846154,0,1,3,1,2,1,1.75,2,2,1
1,0,1,0,0,6,6,8,14.142857142857142,1.0,1.3333333333333333,0,0,1,25,2,1,1,0.55625,0.4337899543378995,1,1,3,1,2,1,1.75,2,0,0
1,0,0,1,0,6,0,6,0.0,0.0,1.0,1,0,1,48,4,2,0,0.55625,0.36597938144329895,1,1,1,1,2,1,1.25,4,1,0
1,0,1,0,0,10,10,12,13.8,1.0,1.2,0,0,1,32,3,1,0,0.55625,0.6355140186915887,0,1,1,1,1,1,1.0,3,0,0
1,0,0,1,0,10,10,10,13.6,1.0,1.0,0,0,1,38,4,1,0,0.6412213740458015,0.6355140186915887,1,1,1,1,1,1,1.0,4,0,0
1,0,0,1,0,16,15,23,11.733333333333333,0.9375,1.4375,0,0,1,37,4,1,1,0.6412213740458015,0.20967741935483872,1,1,1,1,1,1,1.0,4,0,0
0,0,0,2,0,5,1,8,10.0,0.2,1.6,0,0,1,26,2,1,1,0.55625,0.4944649446494465,0,2,1,1,1,1,1.0,2,0,0
1,0,0,1,0,6,0,19,0.0,0.0,3.1666666666666665,1,0,1,23,1,1,1,0.55625,0.3423076923076923,1,1,4,4,1,1,2.5,1,1,0
1,0,0,1,0,7,6,8,13.046666666666669,0.8571428571428571,1.1428571428571428,0,0,1,26,2,1,1,0.55625,0.17717717717717718,2,1,4,1,2,1,2.0,2,0,0
1,0,0,1,0,11,10,16,11.8,0.9090909090909091,1.4545454545454546,0,0,0,26,2,1,0,0.55625,0.36597938144329895,2,1,0,0,0,0,0.0,0,0,0
1,0,0,1,0,8,8,8,13.11,1.0,1.0,0,0,0,18,0,1,1,0.2802021129995407,0.17717717717717718,0,4,3,3,2,2,2.5,0,0,0
1,0,0,1,0,8,7,8,14.414285714285716,0.875,1.0,0,0,0,27,2,1,1,0.6412213740458015,0.17717717717717718,2,1,1,1,1,1,1.0,0,0,0
0,0,0,2,0,5,0,5,0.0,0.0,1.0,1,0,0,24,2,3,0,0.2802021129995407,0.36597938144329895,0,3,1,3,1,0,1.25,0,2,1
1,0,0,1,0,5,5,8,12.333333333333334,1.0,1.6,0,0,0,20,0,1,1,0.2802021129995407,0.4944649446494465,0,1,1,2,2,0,1.25,0,0,0
1,0,1,0,0,7,0,9,0.0,0.0,1.2857142857142858,1,0,0,18,0,1,1,0.2802021129995407,0.17717717717717718,0,1,3,2,1,1,1.75,0,0,0
1,0,1,0,0,7,7,9,14.1,1.0,1.2857142857142858,0,0,0,18,0,1,1,0.2802021129995407,0.4782608695652174,0,5,1,1,1,1,1.0,0,0,0
1,0,0,1,0,8,8,8,13.045,1.0,1.0,0,0,0,18,0,1,1,0.2802021129995407,0.17717717717717718,0,4,1,1,1,1,1.0,0,0,0
1,0,1,0,0,8,8,8,14.2525,1.0,1.0,0,0,0,19,0,1,1,0.55625,0.17717717717717718,0,3,3,3,2,2,2.5,0,0,0
1,0,0,1,0,8,7,8,15.075714285714286,0.875,1.0,0,0,0,18,0,1,1,0.2802021129995407,0.17717717717717718,0,4,1,1,1,1,1.0,0,0,0
1,0,0,1,0,17,17,28,13.15,1.0,1.6470588235294117,0,0,0,23,1,1,1,0.6412213740458015,0.4941860465116279,2,1,3,1,2,1,1.75,0,0,0
1,0,1,0,0,6,5,9,12.333333333333334,0.8333333333333334,1.5,0,0,0,21,1,1,1,0.2802021129995407,0.20967741935483872,0,2,1,2,2,1,1.5,0,0,0
1,0,1,0,0,7,7,8,13.778571428571428,1.0,1.1428571428571428,0,0,0,18,0,1,1,0.2802021129995407,0.17717717717717718,0,3,1,1,1,1,1.0,0,0,0
0,1,0,3,1,6,3,12,10.333333333333334,0.5,2.0,0,0,0,20,0,1,1,0.2802021129995407,0.5985915492957746,0,1,3,1,1,1,1.5,0,0,0
1,0,1,0,0,6,6,8,13.571428571428571,1.0,1.3333333333333333,0,0,0,18,0,1,1,0.2802021129995407,0.2786885245901639,0,1,1,1,1,1,1.0,0,0,0
1,0,0,1,0,11,11,14,12.75,1.0,1.2727272727272727,0,0,0,29,3,1,0,0.2802021129995407,0.36597938144329895,0,1,1,1,1,1,1.0,0,0,0
1,0,0,1,0,6,3,11,13.0,0.5,1.8333333333333333,0,0,1,28,3,1,1,0.55625,0.3400673400673401,2,1,1,3,1,2,1.75,3,0,0
0,1,0,3,1,6,0,12,0.0,0.0,2.0,1,0,1,24,2,1,1,0.55625,0.4337899543378995,0,1,1,2,1,1,1.25,2,3,1
1,1,1,1,0,0,0,0,0.0,0.0,0.0,1,1,1,33,3,1,1,0.55625,0.4606741573033708,0,1,1,1,1,1,1.0,3,1,0
0,0,0,2,0,5,2,7,12.5,0.4,1.4,0,0,1,19,0,1,1,0.2802021129995407,0.4944649446494465,0,1,1,1,1,1,1.0,0,0,0
1,0,0,1,0,6,6,7,14.857142857142858,1.0,1.1666666666666667,0,0,1,19,0,1,1,0.2802021129995407,0.3423076923076923,0,1,1,2,1,2,1.5,0,0,0
1,0,0,1,0,9,8,13,12.0,0.8888888888888888,1.4444444444444444,0,0,1,37,4,3,0,0.55625,0.36597938144329895,0,1,1,1,1,1,1.0,4,0,0
0,1,1,2,1,0,0,0,0.0,0.0,0.0,1,1,1,18,0,1,1,0.2802021129995407,0.4606741573033708,0,1,1,1,1,1,1.0,0,2,1
1,0,0,1,0,7,7,8,12.828571428571427,1.0,1.1428571428571428,0,0,1,37,4,2,1,0.55625,0.17717717717717718,1,1,1,1,1,2,1.25,4,0,0
1,0,0,1,0,7,0,0,0.0,0.0,0.0,1,1,1,36,4,1,1,0.55625,0.17717717717717718,0,1,1,1,1,1,1.0,4,1,0
1,0,0,1,0,6,6,6,13.333333333333334,1.0,1.0,0,0,1,19,0,1,1,0.2802021129995407,0.4337899543378995,0,2,3,1,1,1,1.5,0,0,0
1,0,1,0,0,14,14,20,13.072857142857144,1.0,1.4285714285714286,0,0,1,33,3,1,1,0.55625,0.17717717717717718,0,1,1,3,1,2,1.75,3,0,0
0,0,0,2,0,7,5,13,12.0,0.7142857142857143,1.8571428571428572,0,0,1,34,3,1,1,0.55625,0.8653846153846154,0,1,3,3,1,1,2.0,3,0,0
1,0,0,1,0,6,6,6,15.5,1.0,1.0,0,0,0,18,0,1,1,0.2802021129995407,0.45714285714285713,0,1,4,2,2,1,2.25,0,0,0
1,0,0,1,0,6,0,6,0.0,0.0,1.0,1,0,0,20,0,1,1,0.55625,0.65,1,1,4,3,1,2,2.5,0,1,0
1,0,1,0,0,6,6,7,14.714285714285714,1.0,1.1666666666666667,0,0,0,19,0,1,1,0.2802021129995407,0.3400673400673401,0,1,1,1,2,1,1.25,0,0,0
1,0,0,1,0,6,6,7,16.714285714285715,1.0,1.1666666666666667,0,0,0,20,0,1,1,0.2802021129995407,0.3423076923076923,0,3,1,2,1,1,1.25,0,0,0
1,0,1,0,0,6,6,9,10.857142857142858,1.0,1.5,0,0,0,19,0,1,1,0.2802021129995407,0.20967741935483872,0,1,1,2,1,1,1.25,0,0,0
1,0,0,1,0,7,6,8,11.658333333333331,0.8571428571428571,1.1428571428571428,0,0,0,19,0,1,1,0.2802021129995407,0.17717717717717718,0,4,1,2,1,1,1.25,0,0,0
1,0,1,0,0,6,5,8,11.6,0.8333333333333334,1.3333333333333333,0,0,0,22,1,1,1,0.55625,0.3400673400673401,0,2,1,2,1,1,1.25,0,0,0
1,0,1,0,0,6,6,6,12.166666666666666,1.0,1.0,0,0,0,18,0,1,1,0.2802021129995407,0.3400673400673401,0,1,3,1,1,1,1.5,0,0,0
1,0,1,0,0,6,6,6,12.5,1.0,1.0,0,0,0,19,0,1,1,0.2802021129995407,0.5985915492957746,0,1,1,1,1,1,1.0,0,0,0
0,1,0,3,1,7,5,8,12.56,0.7142857142857143,1.1428571428571428,0,0,0,31,3,1,1,0.55625,0.17717717717717718,0,1,1,3,1,0,1.25,0,0,0
1,0,0,1,0,7,7,7,13.19,1.0,1.0,0,0,0,18,0,1,1,0.2802021129995407,0.17717717717717718,0,5,3,3,2,2,2.5,0,0,0
1,1,1,1,0,6,3,11,11.0,0.5,1.8333333333333333,0,0,0,19,0,1,1,0.2802021129995407,0.20967741935483872,0,1,3,2,1,1,1.75,0,0,0
1,0,0,1,0,0,0,0,0.0,0.0,0.0,1,1,0,18,0,1,1,0.2802021129995407,0.4606741573033708,0,1,4,1,1,0,1.5,0,1,0
1,0,1,0,0,6,5,11,11.6,0.8333333333333334,1.8333333333333333,0,0,0,19,0,1,1,0.2802021129995407,0.20967741935483872,0,1,1,1,1,1,1.0,0,0,0
1,0,0,1,0,7,6,7,14.266666666666666,0.8571428571428571,1.0,0,0,0,19,0,1,1,0.2802021129995407,0.17717717717717718,0,1,1,2,1,2,1.5,0,0,0
1,0,0,1,0,10,9,11,12.666666666666666,0.9,1.1,0,0,0,30,3,2,0,0.6412213740458015,0.36597938144329895,2,1,1,1,0,0,0.5,0,0,0
1,0,0,1,0,8,7,11,12.771428571428572,0.875,1.375,0,0,0,18,0,1,1,0.55625,0.17717717717717718,0,5,3,3,2,2,2.5,0,0,0
1,0,0,1,0,5,0,12,0.0,0.0,2.4,1,0,0,21,1,1,1,0.55625,0.3423076923076923,0,5,4,4,1,2,2.75,0,1,0
1,0,0,1,0,6,6,8,11.333333333333334,1.0,1.3333333333333333,0,0,0,19,0,1,1,0.2802021129995407,0.65,0,1,1,2,2,2,1.75,0,0,0
1,0,1,0,0,6,6,6,13.333333333333334,1.0,1.0,0,0,0,19,0,1,1,0.2802021129995407,0.4337899543378995,0,2,3,2,2,1,2.0,0,0,0
1,0,1,0,0,5,4,13,12.333333333333334,0.8,2.6,0,0,0,39,4,2,0,0.55625,0.6355140186915887,0,1,1,1,1,2,1.25,0,0,0
1,0,0,1,0,0,0,0,0.0,0.0,0.0,1,1,0,20,0,1,1,0.2802021129995407,0.4606741573033708,0,1,4,3,1,1,2.25,0,1,0
1,0,0,1,0,5,5,8,12.6,1.0,1.6,0,0,0,19,0,1,1,0.2802021129995407,0.4944649446494465,0,5,1,1,2,0,1.0,0,0,0
1,0,0,1,0,6,6,7,14.857142857142858,1.0,1.1666666666666667,0,0,0,24,2,1,1,0.55625,0.3423076923076923,0,1,1,2,1,1,1.25,0,0,0
1,0,0,1,0,15,12,17,11.916666666666666,0.8,1.1333333333333333,0,0,0,34,3,2,1,0.55625,0.4944649446494465,0,1,1,1,1,0,0.75,0,0,0
1,0,0,1,0,5,0,5,0.0,0.0,1.0,1,0,0,46,4,2,0,0.55625,0.6355140186915887,0,1,3,1,0,0,1.0,0,1,0
0,0,0,2,0,5,0,5,0.0,0.0,1.0,1,0,0,37,4,1,0,0.55625,0.6355140186915887,0,1,1,1,1,1,1.0,0,2,1
1,0,0,1,0,6,6,6,17.0,1.0,1.0,0,0,0,18,0,1,1,0.2802021129995407,0.3423076923076923,0,2,1,2,2,1,1.5,0,0,0
1,0,0,1,0,19,19,24,12.210526315789474,1.0,1.263157894736842,0,0,0,46,4,2,1,0.55625,0.4941860465116279,0,1,1,1,1,2,1.25,0,0,0
1,0,1,0,0,6,6,8,13.0,1.0,1.3333333333333333,0,0,0,30,3,2,1,0.55625,0.2786885245901639,0,1,4,3,1,1,2.25,0,0,0
0,1,0,3,1,5,0,0,0.0,0.0,0.0,1,1,0,37,4,3,0,0.2802021129995407,0.6355140186915887,0,1,1,1,1,1,1.0,0,3,1
1,0,0,1,0,6,6,7,13.571428571428571,1.0,1.1666666666666667,0,0,0,20,0,1,1,0.55625,0.4941860465116279,1,1,1,1,1,2,1.25,0,0,0
1,0,0,1,0,3,1,7,14.0,0.3333333333333333,2.3333333333333335,0,0,0,39,4,2,1,0.55625,0.4782608695652174,1,2,3,1,0,0,1.0,0,0,0
0,0,0,2,0,5,0,5,0.0,0.0,1.0,1,0,0,53,4,2,1,0.55625,0.3400673400673401,1,1,1,1,1,2,1.25,0,2,1
1,0,0,1,0,15,13,20,12.461538461538462,0.8666666666666667,1.3333333333333333,0,0,0,54,4,2,1,0.55625,0.4944649446494465,0,1,1,1,1,1,1.0,0,0,0
1,0,0,1,0,6,4,8,14.4,0.6666666666666666,1.3333333333333333,0,0,0,19,0,1,1,0.55625,0.3423076923076923,1,1,4,4,2,1,2.75,0,0,0
0,0,0,2,0,6,0,6,0.0,0.0,1.0,1,0,0,20,0,1,1,0.55625,0.3400673400673401,0,2,3,3,2,2,2.5,0,2,1
1,1,0,2,0,6,6,6,14.333333333333334,1.0,1.0,0,0,0,18,0,1,1,0.2802021129995407,0.3400673400673401,0,3,3,1,2,1,1.75,0,0,0
1,1,0,2,0,13,11,21,11.909090909090908,0.8461538461538461,1.6153846153846154,0,0,0,21,1,1,1,0.2802021129995407,0.4941860465116279,1,1,3,3,2,2,2.5,0,0,0
1,0,0,1,0,6,6,8,13.714285714285714,1.0,1.3333333333333333,0,0,0,18,0,1,1,0.55625,0.2786885245901639,0,3,3,3,1,2,2.25,0,0,0
1,1,0,2,0,7,0,0,0.0,0.0,0.0,1,1,0,19,0,1,1,0.2802021129995407,0.17717717717717718,0,1,1,2,1,0,1.0,0,2,0
1,0,1,0,0,7,5,10,13.46,0.7142857142857143,1.4285714285714286,0,0,0,18,0,1,1,0.2802021129995407,0.17717717717717718,0,1,3,3,1,1,2.0,0,0,0
1,0,0,1,0,6,6,6,15.0,1.0,1.0,0,0,0,19,0,1,1,0.2802021129995407,0.3400673400673401,0,1,3,4,2,2,2.75,0,0,0
1,0,1,0,0,0,0,0,0.0,0.0,0.0,1,1,0,18,0,1,1,0.2802021129995407,0.4606741573033708,0,1,3,3,2,2,2.5,0,0,0
1,0,0,1,0,6,5,7,13.4,0.8333333333333334,1.1666666666666667,0,0,0,19,0,1,1,0.2802021129995407,0.4337899543378995,0,2,4,3,2,2,2.75,0,0,0
1,1,0,2,0,6,4,13,11.25,0.6666666666666666,2.1666666666666665,0,0,0,34,3,3,1,0.55625,0.20967741935483872,0,1,1,1,1,1,1.0,0,0,0
1,0,0,1,0,5,5,5,12.6,1.0,1.0,0,0,0,18,0,1,1,0.2802021129995407,0.3423076923076923,0,1,4,4,1,1,2.5,0,0,0
1,0,0,1,0,6,6,8,12.666666666666666,1.0,1.3333333333333333,0,0,0,50,4,2,0,0.55625,0.36597938144329895,0,1,1,1,1,1,1.0,0,0,0
1,1,0,2,0,21,21,23,12.333333333333334,1.0,1.0952380952380953,0,0,0,41,4,1,1,0.55625,0.5985915492957746,0,1,1,1,2,2,1.5,0,0,0
1,0,1,0,0,6,5,11,12.0,0.8333333333333334,1.8333333333333333,0,0,0,22,1,1,1,0.2802021129995407,0.3400673400673401,0,2,3,3,1,1,2.0,0,0,0
1,0,0,1,0,5,5,5,16.4,1.0,1.0,0,0,0,43,4,3,1,0.55625,0.4944649446494465,0,1,1,1,1,1,1.0,0,0,0
1,0,0,1,0,1,0,1,0.0,0.0,1.0,1,0,0,50,4,2,0,0.55625,0.36597938144329895,1,1,4,2,0,0,1.5,0,1,0
1,0,0,1,0,6,6,10,12.75,1.0,1.6666666666666667,0,0,0,60,4,1,1,0.55625,0.4941860465116279,1,1,1,1,1,1,1.0,0,0,0
1,0,0,1,0,5,5,5,14.8,1.0,1.0,0,0,0,47,4,2,0,0.55625,0.6355140186915887,1,1,1,1,1,1,1.0,0,0,0
1,0,0,1,0,17,17,22,10.36842105263158,1.0,1.2941176470588236,0,0,0,22,1,1,1,0.2802021129995407,0.4606741573033708,2,1,4,4,1,1,2.5,0,0,0
1,0,0,1,0,7,0,0,0.0,0.0,0.0,1,1,0,41,4,2,1,0.55625,0.17717717717717718,0,1,1,1,1,2,1.25,0,1,0
1,0,0,1,0,15,13,21,12.692307692307692,0.8666666666666667,1.4,0,0,0,32,3,3,1,0.55625,0.45714285714285713,2,1,1,1,2,1,1.25,0,0,0
1,0,0,1,0,5,0,0,0.0,0.0,0.0,1,1,0,50,4,2,0,0.55625,0.6355140186915887,1,1,1,1,0,0,0.5,0,1,0
0,1,0,3,1,7,0,7,0.0,0.0,1.0,1,0,0,54,4,1,1,0.55625,0.4782608695652174,0,1,4,4,2,2,3.0,0,3,1
1,0,0,1,0,12,11,18,13.0,0.9166666666666666,1.5,0,0,0,34,3,2,1,0.55625,0.5985915492957746,0,1,1,1,2,1,1.25,0,0,0
1,0,0,1,0,6,4,13,12.5,0.6666666666666666,2.1666666666666665,0,0,0,45,4,3,0,0.55625,0.36597938144329895,0,1,1,1,1,1,1.0,0,0,0
1,0,1,0,0,6,5,8,12.2,0.8333333333333334,1.3333333333333333,0,0,0,47,4,3,0,0.55625,0.36597938144329895,1,1,1,1,1,1,1.0,0,0,0
1,0,0,1,0,5,1,14,10.0,0.2,2.8,0,0,0,33,3,2,0,0.55625,0.6355140186915887,0,1,1,1,1,1,1.0,0,0,0
1,0,1,0,0,6,6,7,12.333333333333334,1.0,1.1666666666666667,0,0,0,43,4,2,0,0.55625,0.36597938144329895,0,1,1,1,1,1,1.0,0,0,0
1,0,0,1,0,13,13,13,14.307692307692308,1.0,1.0,0,0,0,54,4,1,1,0.6412213740458015,0.4941860465116279,2,1,1,1,2,2,1.5,0,0,0
1,0,0,1,0,11,11,13,14.454545454545457,1.0,1.1818181818181819,0,0,0,39,4,1,0,0.55625,0.36597938144329895,2,1,1,1,1,1,1.0,0,0,0
1,0,0,1,0,5,5,6,11.0,1.0,1.2,0,0,0,39,4,2,0,0.55625,0.6355140186915887,0,1,1,1,1,1,1.0,0,0,0
1,0,1,0,0,6,6,8,13.142857142857142,1.0,1.3333333333333333,0,0,0,18,0,1,1,0.2802021129995407,0.5985915492957746,0,1,1,1,1,1,1.0,0,0,0
1,0,1,0,0,6,6,8,13.75,1.0,1.3333333333333333,0,0,0,19,0,1,1,0.2802021129995407,0.20967741935483872,0,1,1,1,1,1,1.0,0,0,0
1,0,1,0,0,6,6,6,14.0,1.0,1.0,0,0,0,18,0,1,1,0.2802021129995407,0.4337899543378995,0,4,1,2,1,2,1.5,0,0,0
1,0,0,1,0,8,8,13,13.75,1.0,1.625,0,0,0,44,4,2,0,0.55625,0.36597938144329895,1,1,3,1,0,0,1.0,0,0,0
1,0,0,1,0,5,0,5,0.0,0.0,1.0,1,0,0,27,2,1,0,0.55625,0.6355140186915887,0,1,4,3,2,1,2.5,0,1,0
1,0,1,0,0,6,6,6,13.166666666666666,1.0,1.0,0,0,0,18,0,1,1,0.2802021129995407,0.4337899543378995,0,2,3,2,2,1,2.0,0,0,0
1,0,0,1,0,12,9,12,12.444444444444445,0.75,1.0,0,0,0,45,4,2,0,0.55625,0.36597938144329895,0,1,3,1,0,0,1.0,0,0,0
1,0,0,1,0,6,6,7,12.666666666666666,1.0,1.1666666666666667,0,0,0,20,0,1,1,0.2802021129995407,0.5985915492957746,0,4,1,1,1,1,1.0,0,0,0
1,0,0,1,0,6,6,7,11.333333333333334,1.0,1.1666666666666667,0,0,0,40,4,2,0,0.2802021129995407,0.36597938144329895,0,1,1,1,1,1,1.0,0,0,0
1,0,0,1,0,7,7,8,13.6125,1.0,1.1428571428571428,0,0,0,18,0,1,1,0.55625,0.17717717717717718,0,1,4,4,1,1,2.5,0,0,0
1,0,0,1,0,8,7,8,12.414285714285716,0.875,1.0,0,0,0,21,1,1,1,0.55625,0.17717717717717718,0,5,4,2,2,1,2.25,0,0,0
1,0,0,1,0,0,0,0,0.0,0.0,0.0,1,1,0,20,0,1,1,0.2802021129995407,0.4606741573033708,0,2,4,3,2,2,2.75,0,1,0
1,0,0,1,0,5,0,5,0.0,0.0,1.0,1,0,0,27,2,2,0,0.6412213740458015,0.36597938144329895,2,1,1,2,2,2,1.75,0,1,0
1,0,0,1,0,7,7,10,11.0,1.0,1.4285714285714286,0,0,0,32,3,2,1,0.55625,0.4782608695652174,0,1,1,1,1,1,1.0,0,0,0
1,0,1,0,0,6,6,6,14.0,1.0,1.0,0,0,0,18,0,1,1,0.2802021129995407,0.20967741935483872,0,1,3,3,2,2,2.5,0,0,0
1,0,0,1,0,6,4,13,12.0,0.6666666666666666,2.1666666666666665,0,0,0,37,4,1,0,0.55625,0.36597938144329895,0,1,1,1,1,1,1.0,0,0,0
1,0,0,1,0,6,6,7,12.5,1.0,1.1666666666666667,0,0,0,19,0,1,1,0.2802021129995407,0.3400673400673401,0,1,4,3,1,2,2.5,0,0,0
1,0,1,0,0,6,6,8,11.333333333333334,1.0,1.3333333333333333,0,0,0,41,4,3,0,0.55625,0.36597938144329895,0,2,1,1,1,1,1.0,0,0,0
1,0,1,0,0,7,6,7,14.066666666666668,0.8571428571428571,1.0,0,0,0,18,0,2,1,0.2802021129995407,0.17717717717717718,0,4,3,1,2,1,1.75,0,0,0
1,0,0,1,0,9,8,14,13.555555555555555,0.8888888888888888,1.5555555555555556,0,0,0,21,1,1,1,0.55625,0.3423076923076923,0,1,1,1,0,0,0.5,0,0,0
1,0,0,1,0,6,0,0,0.0,0.0,0.0,1,1,0,18,0,1,1,0.2802021129995407,0.3400673400673401,0,2,3,3,2,2,2.5,0,1,0
1,0,0,1,0,8,8,8,13.27625,1.0,1.0,0,0,0,18,0,1,1,0.2802021129995407,0.17717717717717718,0,5,1,2,2,2,1.75,0,0,0
1,0,0,1,0,6,0,0,0.0,0.0,0.0,1,1,0,21,1,1,1,0.55625,0.3423076923076923,0,4,3,1,0,0,1.0,0,1,0
1,0,0,1,0,6,6,8,14.375,1.0,1.3333333333333333,0,0,0,19,0,1,1,0.2802021129995407,0.20967741935483872,0,2,2,1,0,1,1.0,0,0,0
1,0,0,1,0,5,0,0,0.0,0.0,0.0,1,1,0,47,4,3,1,0.55625,0.4944649446494465,0,2,1,1,1,1,1.0,0,1,0
1,0,0,1,0,13,12,19,13.416666666666666,0.9230769230769231,1.4615384615384615,0,0,0,39,4,2,0,0.6412213740458015,0.36597938144329895,2,1,1,1,1,1,1.0,0,0,0
1,0,0,1,0,7,6,9,12.97166666666667,0.8571428571428571,1.2857142857142858,0,0,0,19,0,1,1,0.2802021129995407,0.17717717717717718,0,1,1,1,1,1,1.0,0,0,0
1,0,0,1,0,15,14,16,10.928571428571429,0.9333333333333333,1.0666666666666667,0,0,0,38,4,1,0,0.55625,0.6355140186915887,2,1,1,1,1,1,1.0,0,0,0
0,1,0,3,1,6,0,6,0.0,0.0,1.0,1,0,0,27,2,3,1,0.55625,0.4941860465116279,1,1,1,3,1,1,1.5,0,3,1
1,0,1,0,0,0,0,0,0.0,0.0,0.0,1,1,0,18,0,1,1,0.2802021129995407,0.4606741573033708,0,1,1,2,2,1,1.5,0,0,0
1,0,0,1,0,6,6,14,11.333333333333334,1.0,2.3333333333333335,0,0,0,48,4,2,1,0.55625,0.20967741935483872,1,1,1,1,2,2,1.5,0,0,0
1,0,0,1,0,5,1,6,11.0,0.2,1.2,0,0,0,25,2,1,1,0.55625,0.4337899543378995,0,1,3,1,0,0,1.0,0,0,0
1,0,1,0,0,8,7,9,12.757142857142856,0.875,1.125,0,0,0,32,3,2,1,0.55625,0.17717717717717718,0,1,1,1,2,2,1.5,0,0,0
1,0,1,0,0,6,6,6,14.5,1.0,1.0,0,0,0,18,0,1,1,0.2802021129995407,0.3400673400673401,0,1,1,1,1,1,1.0,0,0,0
1,1,0,2,0,6,6,6,13.833333333333334,1.0,1.0,0,0,0,20,0,1,0,0.55625,0.36597938144329895,1,1,3,4,2,2,2.75,0,0,0
1,0,0,1,0,5,4,8,11.25,0.8,1.6,0,0,0,20,0,1,1,0.2802021129995407,0.4944649446494465,0,1,1,1,1,1,1.0,0,0,0
1,0,0,1,0,0,0,0,0.0,0.0,0.0,1,1,0,20,0,1,1,0.2802021129995407,0.4606741573033708,0,1,1,1,1,2,1.25,0,1,0
1,0,0,1,0,5,0,9,0.0,0.0,1.8,1,0,0,39,4,1,0,0.55625,0.6355140186915887,2,1,1,1,0,0,0.5,0,1,0
1,1,0,2,0,5,1,10,13.0,0.2,2.0,0,0,0,29,3,1,1,0.2802021129995407,0.65,0,1,4,4,0,2,2.5,0,0,0
1,1,0,2,0,5,0,5,0.0,0.0,1.0,1,0,0,36,4,1,0,0.55625,0.6355140186915887,0,1,1,1,2,2,1.5,0,2,0
1,0,0,1,0,8,7,12,11.971428571428572,0.875,1.5,0,0,0,18,0,1,1,0.2802021129995407,0.17717717717717718,0,5,1,2,1,1,1.25,0,0,0
1,0,0,1,0,6,0,12,0.0,0.0,2.0,1,0,0,51,4,2,0,0.55625,0.36597938144329895,1,1,3,1,0,0,1.0,0,1,0
1,1,0,2,0,6,1,11,16.0,0.16666666666666666,1.8333333333333333,0,0,0,23,1,1,1,0.55625,0.3400673400673401,0,1,3,1,0,0,1.0,0,0,0
0,0,0,2,0,6,4,9,12.75,0.6666666666666666,1.5,0,0,0,28,3,1,1,0.55625,0.5985915492957746,0,5,3,1,0,0,1.0,0,0,0
1,0,0,1,0,2,0,2,0.0,0.0,1.0,1,0,0,41,4,1,0,0.55625,0.36597938144329895,0,1,1,1,2,1,1.25,0,1,0
1,0,1,0,0,6,5,7,12.2,0.8333333333333334,1.1666666666666667,0,0,0,43,4,3,0,0.55625,0.36597938144329895,2,1,1,1,1,1,1.0,0,0,0
1,0,1,0,0,12,12,12,14.5,1.0,1.0,0,0,0,19,0,1,1,0.2802021129995407,0.4606741573033708,0,1,2,3,1,2,2.0,0,0,0
1,0,0,1,0,12,6,13,13.0,0.5,1.0833333333333333,0,0,0,26,2,1,1,0.55625,0.4941860465116279,0,1,1,2,1,1,1.25,0,0,0
1,0,0,1,0,7,7,7,11.714285714285714,1.0,1.0,0,0,0,18,0,1,1,0.2802021129995407,0.17717717717717718,0,4,4,4,1,2,2.75,0,0,0
1,0,0,1,0,7,4,12,10.25,0.5714285714285714,1.7142857142857142,0,0,0,45,4,2,1,0.55625,0.5985915492957746,0,1,1,2,1,1,1.25,0,0,0
1,0,0,1,0,6,0,0,0.0,0.0,0.0,1,1,0,19,0,1,1,0.55625,0.5985915492957746,1,1,4,1,1,1,1.75,0,1,0
1,0,0,1,0,6,6,9,12.375,1.0,1.5,0,0,0,20,0,1,1,0.2802021129995407,0.4337899543378995,0,5,4,3,2,0,2.25,0,0,0
1,0,0,1,0,6,6,6,12.666666666666666,1.0,1.0,0,0,0,18,0,1,1,0.2802021129995407,0.5985915492957746,0,5,3,2,1,1,1.75,0,0,0
1,0,0,1,0,6,3,13,10.5,0.5,2.1666666666666665,0,0,0,27,2,1,1,0.55625,0.3423076923076923,0,1,4,4,2,1,2.75,0,0,0
1,0,0,1,0,6,6,11,14.125,1.0,1.8333333333333333,0,0,0,20,0,2,1,0.2802021129995407,0.4941860465116279,0,1,1,1,1,1,1.0,0,0,0
1,0,0,1,0,6,6,7,14.666666666666666,1.0,1.1666666666666667,0,0,0,18,0,1,1,0.2802021129995407,0.3423076923076923,0,3,3,3,2,1,2.25,0,0,0
1,0,0,1,0,0,0,0,0.0,0.0,0.0,1,1,0,26,2,1,1,0.55625,0.4606741573033708,0,1,1,1,1,1,1.0,0,1,0
1,0,1,0,0,6,6,7,14.0,1.0,1.1666666666666667,0,0,0,39,4,3,1,0.55625,0.20967741935483872,0,1,1,1,1,1,1.0,0,0,0
1,0,0,1,0,0,0,0,0.0,0.0,0.0,1,1,0,18,0,1,1,0.2802021129995407,0.4606741573033708,0,1,1,1,1,1,1.0,0,1,0
1,0,0,1,0,7,0,7,0.0,0.0,1.0,1,0,0,36,4,1,1,0.6412213740458015,0.17717717717717718,2,1,1,1,1,1,1.0,0,1,0
1,0,0,1,0,11,11,11,12.636363636363637,1.0,1.0,0,0,0,38,4,2,0,0.55625,0.36597938144329895,2,1,1,1,1,1,1.0,0,0,0
1,0,0,1,0,6,3,11,12.333333333333334,0.5,1.8333333333333333,0,0,0,45,4,2,1,0.55625,0.5985915492957746,1,1,1,2,2,1,1.5,0,0,0
1,0,0,1,0,6,6,7,15.0,1.0,1.1666666666666667,0,0,0,62,4,3,1,0.55625,0.45714285714285713,0,1,4,4,1,1,2.5,0,0,0
1,0,1,0,0,6,4,8,11.75,0.6666666666666666,1.3333333333333333,0,0,0,20,0,1,1,0.2802021129995407,0.4337899543378995,0,1,3,3,1,1,2.0,0,0,0
1,0,0,1,0,8,7,8,14.13714285714286,0.875,1.0,0,0,0,18,0,1,1,0.2802021129995407,0.17717717717717718,0,1,1,1,1,1,1.0,0,0,0
1,0,0,1,0,6,2,6,12.0,0.3333333333333333,1.0,0,0,0,18,0,1,1,0.55625,0.2786885245901639,0,3,3,3,2,2,2.5,0,0,0
1,0,0,1,0,5,5,5,10.8,1.0,1.0,0,0,0,23,1,2,0,0.2802021129995407,0.6355140186915887,2,1,3,4,2,1,2.5,0,0,0
1,1,1,1,0,6,6,8,13.285714285714286,1.0,1.3333333333333333,0,0,0,19,0,1,1,0.2802021129995407,0.2786885245901639,0,1,1,2,1,1,1.25,0,0,0
1,1,1,1,0,5,5,7,13.6,1.0,1.4,0,0,0,19,0,1,1,0.2802021129995407,0.4944649446494465,0,1,3,4,1,2,2.5,0,0,0
1,0,0,1,0,7,7,8,13.55,1.0,1.1428571428571428,0,0,0,18,0,1,1,0.55625,0.17717717717717718,0,1,4,4,2,2,3.0,0,0,0
1,0,0,1,0,6,4,10,13.5,0.6666666666666666,1.6666666666666667,0,0,0,41,4,1,0,0.55625,0.36597938144329895,0,2,1,1,0,0,0.5,0,0,0
1,0,1,0,0,6,5,8,11.6,0.8333333333333334,1.3333333333333333,0,0,0,51,4,1,1,0.55625,0.4337899543378995,0,1,1,4,2,1,2.0,0,0,0
1,0,0,1,0,10,10,16,12.5,1.0,1.6,0,0,0,24,2,1,1,0.55625,0.20967741935483872,0,2,1,2,2,1,1.5,0,0,0
1,0,0,1,0,5,1,14,11.0,0.2,2.8,0,0,0,25,2,1,0,0.55625,0.6355140186915887,2,1,1,3,1,1,1.5,0,0,0
1,0,0,1,0,5,4,8,11.6,0.8,1.6,0,0,0,20,0,1,1,0.2802021129995407,0.4944649446494465,0,5,1,1,1,1,1.0,0,0,0
1,0,0,1,0,0,0,0,0.0,0.0,0.0,1,1,0,19,0,1,1,0.2802021129995407,0.4606741573033708,0,1,3,2,0,0,1.25,0,1,0
1,0,0,1,0,10,10,14,14.636363636363637,1.0,1.4,0,0,0,41,4,3,0,0.55625,0.6355140186915887,2,1,4,4,1,1,2.5,0,0,0
1,0,1,0,0,6,6,8,13.0,1.0,1.3333333333333333,0,0,0,19,0,1,1,0.2802021129995407,0.45714285714285713,0,2,3,2,1,1,1.75,0,0,0
1,0,0,1,0,18,14,23,12.785714285714286,0.7777777777777778,1.2777777777777777,0,0,0,28,3,1,1,0.55625,0.5985915492957746,1,1,3,4,2,1,2.5,0,0,0
1,0,0,1,0,6,6,6,14.5,1.0,1.0,0,0,0,21,1,1,1,0.2802021129995407,0.2786885245901639,0,3,4,4,1,1,2.5,0,0,0
0,0,0,2,0,5,4,12,14.6,0.8,2.4,0,0,0,22,1,1,1,0.2802021129995407,0.3423076923076923,0,1,4,4,1,1,2.5,0,0,0
0,0,0,2,0,6,6,7,12.5,1.0,1.1666666666666667,0,0,0,18,0,1,1,0.2802021129995407,0.3400673400673401,0,4,1,2,1,1,1.25,0,0,0
1,0,1,0,0,6,6,6,14.0,1.0,1.0,0,0,0,19,0,1,1,0.2802021129995407,0.2786885245901639,0,1,1,1,1,1,1.0,0,0,0
1,0,1,0,0,7,7,7,13.801428571428572,1.0,1.0,0,0,0,19,0,1,1,0.2802021129995407,0.17717717717717718,0,5,4,2,1,1,2.0,0,0,0
0,1,0,3,1,6,6,7,14.428571428571429,1.0,1.1666666666666667,0,0,0,25,2,1,1,0.6412213740458015,0.5985915492957746,2,1,1,2,2,1,1.5,0,0,0
1,0,1,0,0,7,6,7,14.35,0.8571428571428571,1.0,0,0,0,18,0,1,1,0.55625,0.17717717717717718,2,4,3,2,1,1,1.75,0,0,0
1,0,0,1,0,6,6,6,14.333333333333334,1.0,1.0,0,0,0,19,0,1,1,0.2802021129995407,0.2786885245901639,0,1,1,2,1,1,1.25,0,0,0
1,0,0,1,0,6,6,9,13.333333333333334,1.0,1.5,0,0,0,46,4,2,0,0.55625,0.36597938144329895,1,1,3,1,0,0,1.0,0,0,0
0,0,0,2,0,12,12,12,13.0,1.0,1.0,0,0,0,19,0,1,1,0.2802021129995407,0.4606741573033708,0,1,4,4,2,2,3.0,0,0,0
1,0,1,0,0,6,6,8,14.5,1.0,1.3333333333333333,0,0,0,18,0,1,1,0.2802021129995407,0.65,0,1,1,2,1,1,1.25,0,0,0
1,0,1,0,0,8,7,8,11.82,0.875,1.0,0,0,0,19,0,1,1,0.55625,0.17717717717717718,0,1,1,1,2,2,1.5,0,0,0
1,0,0,1,0,6,0,0,0.0,0.0,0.0,1,1,0,20,0,1,1,0.2802021129995407,0.3400673400673401,0,2,4,4,2,1,2.75,0,1,0
1,0,1,0,0,6,5,6,12.4,0.8333333333333334,1.0,0,0,0,38,4,2,0,0.55625,0.36597938144329895,0,1,1,1,1,2,1.25,0,0,0
1,0,0,1,0,6,6,7,12.571428571428571,1.0,1.1666666666666667,0,0,0,18,0,1,1,0.2802021129995407,0.3400673400673401,0,1,3,1,1,1,1.5,0,0,0
1,0,1,0,0,7,7,7,13.857142857142858,1.0,1.0,0,0,0,18,0,1,1,0.2802021129995407,0.17717717717717718,0,5,3,3,1,1,2.0,0,0,0
1,0,0,1,0,6,5,9,11.833333333333334,0.8333333333333334,1.5,0,0,0,18,0,1,1,0.2802021129995407,0.20967741935483872,0,1,1,3,0,1,1.25,0,0,0
1,0,0,1,0,6,6,6,14.666666666666666,1.0,1.0,0,0,0,19,0,1,1,0.2802021129995407,0.65,0,1,4,2,2,1,2.25,0,0,0
0,0,0,2,0,4,0,4,0.0,0.0,1.0,1,0,0,37,4,3,0,0.55625,0.36597938144329895,0,1,1,2,0,0,0.75,0,2,1
1,0,0,1,0,7,7,9,13.422222222222224,1.0,1.2857142857142858,0,0,0,19,0,1,1,0.2802021129995407,0.17717717717717718,0,2,4,3,1,0,2.0,0,0,0
1,0,1,0,0,6,6,7,14.0,1.0,1.1666666666666667,0,0,0,19,0,1,1,0.2802021129995407,0.3400673400673401,0,3,4,3,1,2,2.5,0,0,0
1,0,1,0,0,7,7,8,12.142857142857142,1.0,1.1428571428571428,0,0,0,19,0,1,1,0.2802021129995407,0.4782608695652174,0,3,1,2,1,2,1.5,0,0,0
1,1,1,1,0,5,5,5,12.8,1.0,1.0,0,0,0,18,0,1,1,0.2802021129995407,0.4944649446494465,0,1,1,1,1,1,1.0,0,0,0
1,0,1,0,0,7,7,7,14.572857142857142,1.0,1.0,0,0,0,18,0,1,1,0.2802021129995407,0.17717717717717718,0,4,1,1,1,1,1.0,0,0,0
1,0,0,1,0,5,4,9,11.25,0.8,1.8,0,0,0,18,0,1,1,0.2802021129995407,0.4944649446494465,0,4,3,2,2,1,2.0,0,0,0
1,0,0,1,0,6,5,8,14.4,0.8333333333333334,1.3333333333333333,0,0,0,18,0,1,1,0.2802021129995407,0.65,0,1,2,2,1,1,1.5,0,0,0
1,0,0,1,0,7,7,7,12.982857142857142,1.0,1.0,0,0,0,20,0,1,1,0.2802021129995407,0.17717717717717718,0,4,3,1,2,2,2.0,0,0,0
1,0,0,1,0,6,6,14,15.75,1.0,2.3333333333333335,0,0,0,20,0,1,1,0.2802021129995407,0.3423076923076923,0,1,4,4,1,2,2.75,0,0,0
1,0,0,1,0,6,5,11,12.285714285714286,0.8333333333333334,1.8333333333333333,0,0,0,18,0,1,1,0.2802021129995407,0.3423076923076923,0,1,4,4,2,2,3.0,0,0,0
1,0,0,1,0,7,6,7,13.755,0.8571428571428571,1.0,0,0,0,20,0,1,1,0.2802021129995407,0.17717717717717718,0,1,1,1,1,1,1.0,0,0,0
1,0,1,0,0,6,6,7,13.833333333333334,1.0,1.1666666666666667,0,0,0,18,0,1,1,0.2802021129995407,0.4337899543378995,0,1,3,3,2,2,2.5,0,0,0
1,0,0,1,0,7,0,0,0.0,0.0,0.0,1,1,0,19,0,1,1,0.2802021129995407,0.17717717717717718,0,5,3,1,1,1,1.5,0,1,0
1,0,0,1,0,7,7,9,14.711111111111112,1.0,1.2857142857142858,0,0,0,18,0,1,1,0.2802021129995407,0.17717717717717718,0,4,1,3,1,2,1.75,0,0,0
1,0,0,1,0,11,11,13,14.615384615384617,1.0,1.1818181818181819,0,0,0,20,0,1,1,0.2802021129995407,0.3423076923076923,1,1,3,2,2,1,2.0,0,0,0
1,0,0,1,0,7,7,7,13.677142857142858,1.0,1.0,0,0,0,18,0,1,1,0.2802021129995407,0.17717717717717718,0,1,4,4,1,1,2.5,0,0,0
1,0,1,0,0,5,5,8,13.166666666666666,1.0,1.6,0,0,0,19,0,1,1,0.2802021129995407,0.3423076923076923,0,2,1,1,1,1,1.0,0,0,0
1,0,0,1,0,6,5,11,10.8,0.8333333333333334,1.8333333333333333,0,0,0,19,0,1,1,0.2802021129995407,0.20967741935483872,0,5,4,4,1,1,2.5,0,0,0
1,0,0,1,0,5,3,8,12.0,0.6,1.6,0,0,0,19,0,1,1,0.2802021129995407,0.65,0,1,1,0,1,2,1.0,0,0,0
1,0,0,1,0,7,6,8,13.958333333333334,0.8571428571428571,1.1428571428571428,0,0,0,18,0,1,1,0.2802021129995407,0.17717717717717718,0,1,4,3,1,2,2.5,0,0,0
1,0,0,1,0,6,4,9,13.0,0.6666666666666666,1.5,0,0,0,19,0,1,1,0.2802021129995407,0.5985915492957746,0,1,1,2,2,0,1.25,0,0,0
1,0,1,0,0,0,0,0,0.0,0.0,0.0,1,1,0,24,2,1,1,0.2802021129995407,0.4606741573033708,0,2,1,2,1,1,1.25,0,0,0
1,0,1,0,0,0,0,0,0.0,0.0,0.0,1,1,0,18,0,1,1,0.2802021129995407,0.4606741573033708,0,1,1,1,1,1,1.0,0,0,0
1,0,1,0,0,8,7,8,14.0,0.875,1.0,0,0,0,18,0,1,1,0.2802021129995407,0.17717717717717718,0,5,3,3,2,1,2.25,0,0,0
1,0,0,1,0,6,4,6,12.0,0.6666666666666666,1.0,0,0,0,19,0,1,1,0.2802021129995407,0.3400673400673401,0,4,2,3,2,2,2.25,0,0,0
1,0,1,0,0,8,8,8,13.625,1.0,1.0,0,0,0,35,3,1,0,0.55625,0.36597938144329895,0,1,1,1,1,2,1.25,0,0,0
1,0,0,1,0,5,4,7,12.5,0.8,1.4,0,0,0,19,0,1,1,0.2802021129995407,0.4944649446494465,0,5,1,1,1,1,1.0,0,0,0
1,0,0,1,0,15,14,25,12.428571428571429,0.9333333333333333,1.6666666666666667,0,0,0,28,3,1,1,0.6412213740458015,0.5985915492957746,2,1,1,1,1,1,1.0,0,0,0
1,0,0,1,0,7,7,8,13.3875,1.0,1.1428571428571428,0,0,0,21,1,1,1,0.55625,0.17717717717717718,0,1,1,4,1,1,1.75,0,0,0
1,0,1,0,0,7,6,8,12.648333333333332,0.8571428571428571,1.1428571428571428,0,0,0,19,0,1,1,0.55625,0.17717717717717718,0,2,1,3,1,1,1.5,0,0,0
1,0,0,1,0,6,6,6,14.0,1.0,1.0,0,0,0,19,0,1,1,0.36666666666666664,0.20967741935483872,0,2,2,1,1,1,1.25,0,0,0
1,0,0,1,0,5,5,12,12.8,1.0,2.4,0,0,0,18,0,1,1,0.2802021129995407,0.3423076923076923,0,1,4,4,1,1,2.5,0,0,0
1,0,0,1,0,6,6,8,11.333333333333334,1.0,1.3333333333333333,0,0,0,18,0,1,1,0.2802021129995407,0.45714285714285713,0,1,1,3,2,2,2.0,0,0,0
0,0,0,2,0,7,0,0,0.0,0.0,0.0,1,1,0,19,0,1,1,0.2802021129995407,0.17717717717717718,0,2,4,4,1,1,2.5,0,2,1
1,0,1,0,0,6,6,6,14.166666666666666,1.0,1.0,0,0,0,20,0,1,1,0.2802021129995407,0.4337899543378995,0,1,3,3,1,0,1.75,0,0,0
1,0,0,1,0,6,6,6,12.833333333333334,1.0,1.0,0,0,0,18,0,1,1,0.2802021129995407,0.3400673400673401,0,1,1,2,1,1,1.25,0,0,0
0,1,0,3,1,7,4,11,12.0,0.5714285714285714,1.5714285714285714,0,0,0,19,0,1,1,0.2802021129995407,0.5985915492957746,0,1,1,1,1,1,1.0,0,0,0
1,0,1,0,0,6,6,6,13.0,1.0,1.0,0,0,0,20,0,1,1,0.2802021129995407,0.3400673400673401,0,3,3,2,1,1,1.75,0,0,0
0,0,0,2,0,6,6,6,12.333333333333334,1.0,1.0,0,0,0,18,0,1,1,0.2802021129995407,0.4337899543378995,0,4,3,1,1,1,1.5,0,0,0
1,0,1,0,0,6,6,8,12.571428571428571,1.0,1.3333333333333333,0,0,0,21,1,1,1,0.2802021129995407,0.2786885245901639,0,1,4,4,2,2,3.0,0,0,0
1,0,1,0,0,6,6,6,12.333333333333334,1.0,1.0,0,0,0,19,0,1,1,0.36666666666666664,0.45714285714285713,0,5,3,1,1,1,1.5,0,0,0
1,0,0,1,0,6,5,8,13.0,0.8333333333333334,1.3333333333333333,0,0,0,19,0,1,1,0.2802021129995407,0.5985915492957746,0,2,3,3,2,1,2.25,0,0,0
1,0,0,1,0,6,6,6,13.166666666666666,1.0,1.0,0,0,0,18,0,1,1,0.2802021129995407,0.3400673400673401,0,4,1,1,0,0,0.5,0,0,0
1,0,1,0,0,5,5,7,13.333333333333334,1.0,1.4,0,0,0,18,0,1,1,0.2802021129995407,0.4944649446494465,0,1,3,2,2,2,2.25,0,0,0
1,0,0,1,0,5,4,9,13.0,0.8,1.8,0,0,0,18,0,1,1,0.2802021129995407,0.3423076923076923,0,2,1,1,1,1,1.0,0,0,0
1,0,0,1,0,7,5,21,10.9,0.7142857142857143,3.0,0,0,0,31,3,2,1,0.55625,0.4782608695652174,0,1,1,1,1,2,1.25,0,0,0
1,0,1,0,0,6,6,7,15.857142857142858,1.0,1.1666666666666667,0,0,0,20,0,1,1,0.2802021129995407,0.3423076923076923,0,1,1,1,1,1,1.0,0,0,0
1,0,1,0,0,5,5,5,12.6,1.0,1.0,0,0,0,19,0,1,1,0.2802021129995407,0.3423076923076923,0,1,1,2,0,0,0.75,0,0,0
1,0,1,0,0,6,6,8,14.0,1.0,1.3333333333333333,0,0,0,19,0,1,1,0.2802021129995407,0.20967741935483872,0,1,1,1,1,2,1.25,0,0,0
0,0,0,2,0,5,3,8,14.666666666666666,0.6,1.6,0,0,0,27,2,3,1,0.6412213740458015,0.65,2,1,1,1,1,2,1.25,0,0,0
1,0,1,0,0,6,6,6,13.666666666666666,1.0,1.0,0,0,0,18,0,1,1,0.2802021129995407,0.3400673400673401,0,2,1,2,1,2,1.5,0,0,0
1,0,0,1,0,6,0,0,0.0,0.0,0.0,1,1,0,32,3,1,0,0.2802021129995407,0.36597938144329895,0,1,3,1,0,0,1.0,0,1,0
1,0,0,1,0,8,7,8,12.628571428571428,0.875,1.0,0,0,0,18,0,1,1,0.2802021129995407,0.17717717717717718,0,4,1,2,1,1,1.25,0,0,0
1,0,1,0,0,8,7,8,14.232857142857142,0.875,1.0,0,0,0,19,0,1,1,0.2802021129995407,0.17717717717717718,0,3,1,1,1,1,1.0,0,0,0
1,0,0,1,0,6,2,15,10.0,0.3333333333333333,2.5,0,0,0,18,0,1,1,0.2802021129995407,0.45714285714285713,0,2,1,1,1,1,1.0,0,0,0
1,0,1,0,0,6,4,11,12.25,0.6666666666666666,1.8333333333333333,0,0,0,18,0,1,1,0.2802021129995407,0.4337899543378995,0,3,1,3,2,2,2.0,0,0,0
0,1,1,2,1,6,6,6,13.5,1.0,1.0,0,0,0,24,2,1,1,0.55625,0.3400673400673401,1,1,1,2,2,2,1.75,0,0,0
1,0,1,0,0,6,5,8,12.2,0.8333333333333334,1.3333333333333333,0,0,0,19,0,1,1,0.2802021129995407,0.20967741935483872,0,2,1,3,1,1,1.5,0,0,0
1,1,0,2,0,6,0,0,0.0,0.0,0.0,1,1,0,21,1,1,1,0.2802021129995407,0.45714285714285713,0,2,1,2,1,1,1.25,0,2,0
1,0,0,1,0,7,6,11,12.0,0.8571428571428571,1.5714285714285714,0,0,0,19,0,1,1,0.55625,0.2786885245901639,1,1,3,3,2,0,2.0,0,0,0
1,0,1,0,0,7,6,11,12.35,0.8571428571428571,1.5714285714285714,0,0,0,36,4,1,1,0.55625,0.4782608695652174,0,1,1,1,1,1,1.0,0,0,0
1,0,0,1,0,6,0,0,0.0,0.0,0.0,1,1,1,51,4,1,1,0.55625,0.3423076923076923,1,1,1,1,0,1,0.75,4,1,0
0,1,0,3,1,6,0,6,0.0,0.0,1.0,1,0,1,29,3,1,0,0.55625,0.36597938144329895,1,1,3,3,2,2,2.5,3,3,1
0,1,0,3,1,6,5,8,11.6,0.8333333333333334,1.3333333333333333,0,0,1,27,2,1,1,0.55625,0.20967741935483872,1,1,3,2,2,1,2.0,2,0,0
0,0,0,2,0,15,12,17,11.75,0.8,1.1333333333333333,0,0,1,57,4,2,1,0.36666666666666664,0.4944649446494465,2,1,1,1,1,1,1.0,4,0,0
1,0,0,1,0,5,3,7,11.333333333333334,0.6,1.4,0,0,1,26,2,1,1,0.55625,0.4337899543378995,0,1,3,3,2,2,2.5,2,0,0
1,0,0,1,0,5,5,5,10.8,1.0,1.0,0,0,1,19,0,1,1,0.2802021129995407,0.4337899543378995,0,1,3,1,2,1,1.75,0,0,0
1,0,0,1,0,6,5,10,12.5,0.8333333333333334,1.6666666666666667,0,0,1,23,1,1,1,0.55625,0.3423076923076923,1,1,1,1,2,1,1.25,1,0,0
1,0,0,1,0,5,5,5,15.2,1.0,1.0,0,0,1,27,2,1,0,0.55625,0.6355140186915887,0,1,1,1,1,1,1.0,2,0,0
1,1,1,1,0,7,7,7,13.314285714285717,1.0,1.0,0,0,1,20,0,1,1,0.2802021129995407,0.17717717717717718,0,5,1,1,2,1,1.25,0,0,0
1,0,1,0,0,12,11,12,13.090909090909092,0.9166666666666666,1.0,0,0,0,19,0,1,1,0.55625,0.2786885245901639,0,1,1,1,1,1,1.0,0,0,0
0,1,0,3,1,6,0,0,0.0,0.0,0.0,1,1,0,19,0,1,1,0.2802021129995407,0.65,0,1,4,2,1,1,2.0,0,3,1
1,0,0,1,0,6,5,8,12.2,0.8333333333333334,1.3333333333333333,0,0,0,20,0,1,1,0.2802021129995407,0.2786885245901639,0,1,1,2,1,2,1.5,0,0,0
1,0,0,1,0,15,15,17,11.2,1.0,1.1333333333333333,0,0,0,22,1,1,0,0.55625,0.6355140186915887,0,1,1,1,1,1,1.0,0,0,0
1,0,0,1,0,5,3,8,12.333333333333334,0.6,1.6,0,0,0,18,0,1,1,0.2802021129995407,0.4944649446494465,0,5,1,1,2,2,1.5,0,0,0
1,0,0,1,0,8,7,8,15.94285714285714,0.875,1.0,0,0,0,27,2,3,1,0.55625,0.17717717717717718,2,1,1,1,1,1,1.0,0,0,0
1,0,0,1,0,5,0,0,0.0,0.0,0.0,1,1,0,27,2,1,0,0.55625,0.6355140186915887,0,1,1,1,1,1,1.0,0,1,0
1,0,0,1,0,6,4,10,10.25,0.6666666666666666,1.6666666666666667,0,0,0,19,0,1,1,0.2802021129995407,0.20967741935483872,0,1,1,1,1,1,1.0,0,0,0
1,0,1,0,0,6,6,6,14.166666666666666,1.0,1.0,0,0,0,23,1,1,0,0.2802021129995407,0.36597938144329895,0,1,1,2,2,0,1.25,0,0,0
1,0,1,0,0,23,20,23,14.575,0.8695652173913043,1.0,0,0,0,22,1,1,1,0.55625,0.17717717717717718,0,1,4,1,0,2,1.75,0,0,0
1,0,1,0,0,6,1,9,10.0,0.16666666666666666,1.5,0,0,0,18,0,1,1,0.2802021129995407,0.45714285714285713,0,2,1,2,1,1,1.25,0,0,0
1,0,1,0,0,6,6,7,12.285714285714286,1.0,1.1666666666666667,0,0,0,18,0,1,1,0.2802021129995407,0.20967741935483872,0,4,1,1,1,1,1.0,0,0,0
1,0,1,0,0,6,6,6,14.0,1.0,1.0,0,0,0,31,3,1,0,0.55625,0.36597938144329895,0,1,1,1,1,1,1.0,0,0,0
1,0,0,1,0,6,4,8,11.25,0.6666666666666666,1.3333333333333333,0,0,0,19,0,1,1,0.2802021129995407,0.3400673400673401,0,4,1,2,1,1,1.25,0,0,0
1,0,0,1,0,6,1,12,12.0,0.16666666666666666,2.0,0,0,0,24,2,1,0,0.2802021129995407,0.36597938144329895,0,1,1,1,2,1,1.25,0,0,0
1,0,0,1,0,7,7,10,13.47,1.0,1.4285714285714286,0,0,0,19,0,1,1,0.2802021129995407,0.17717717717717718,0,1,1,2,2,0,1.25,0,0,0
1,0,0,1,0,5,5,6,12.4,1.0,1.2,0,0,0,19,0,1,1,0.2802021129995407,0.4944649446494465,0,4,3,3,2,1,2.25,0,0,0
0,0,0,2,0,6,3,9,11.75,0.5,1.5,0,0,0,26,2,1,1,0.55625,0.4337899543378995,0,1,1,1,1,1,1.0,0,0,0
0,1,0,3,1,0,0,0,0.0,0.0,0.0,1,1,1,27,2,1,1,0.2802021129995407,0.4606741573033708,0,1,1,1,1,1,1.0,2,3,1
1,0,0,1,0,6,6,7,12.0,1.0,1.1666666666666667,0,0,0,19,0,1,1,0.2802021129995407,0.20967741935483872,0,4,1,2,2,1,1.5,0,0,0
1,0,0,1,0,5,5,8,15.333333333333334,1.0,1.6,0,0,0,29,3,2,1,0.55625,0.3423076923076923,0,1,1,2,1,2,1.5,0,0,0
1,0,1,0,0,8,8,8,12.32,1.0,1.0,0,0,0,18,0,1,1,0.2802021129995407,0.17717717717717718,0,5,3,1,2,1,1.75,0,0,0
1,0,0,1,0,7,7,7,13.79857142857143,1.0,1.0,0,0,0,19,0,1,1,0.2802021129995407,0.17717717717717718,0,1,3,2,1,0,1.5,0,0,0
1,0,1,0,0,5,5,6,16.333333333333332,1.0,1.2,0,0,0,18,0,1,1,0.2802021129995407,0.4944649446494465,0,1,3,1,2,1,1.75,0,0,0
1,0,0,1,0,0,0,0,0.0,0.0,0.0,1,1,0,19,0,1,1,0.55625,0.4606741573033708,0,1,3,3,1,2,2.25,0,1,0
1,0,0,1,0,7,7,7,14.757142857142856,1.0,1.0,0,0,0,19,0,1,1,0.2802021129995407,0.17717717717717718,0,4,4,4,2,2,3.0,0,0,0
1,0,0,1,0,6,6,7,11.666666666666666,1.0,1.1666666666666667,0,0,0,19,0,1,1,0.2802021129995407,0.45714285714285713,0,4,3,3,2,2,2.5,0,0,0
1,0,0,1,0,6,6,6,11.666666666666666,1.0,1.0,0,0,0,19,0,1,1,0.2802021129995407,0.3400673400673401,0,1,3,2,1,1,1.75,0,0,0
1,0,1,0,0,6,6,6,15.0,1.0,1.0,0,0,0,19,0,1,1,0.2802021129995407,0.20967741935483872,0,1,1,1,1,1,1.0,0,0,0
0,1,0,3,1,7,0,0,0.0,0.0,0.0,1,1,0,18,0,1,1,0.2802021129995407,0.17717717717717718,0,5,1,1,1,1,1.0,0,3,1
1,0,0,1,0,6,6,7,13.571428571428571,1.0,1.1666666666666667,0,0,0,20,0,1,1,0.2802021129995407,0.3400673400673401,0,4,1,2,1,1,1.25,0,0,0
1,0,0,1,0,6,5,8,10.8,0.8333333333333334,1.3333333333333333,0,0,0,20,0,1,1,0.2802021129995407,0.45714285714285713,0,1,1,2,2,0,1.25,0,0,0
1,0,0,1,0,10,5,16,11.4,0.5,1.6,0,0,0,31,3,2,0,0.2802021129995407,0.6355140186915887,2,1,1,1,2,2,1.5,0,0,0
1,0,1,0,0,7,7,14,10.642857142857142,1.0,2.0,0,0,0,20,0,1,1,0.2802021129995407,0.4782608695652174,0,1,1,1,1,1,1.0,0,0,0
1,0,0,1,0,7,6,7,14.65,0.8571428571428571,1.0,0,0,0,18,0,1,1,0.2802021129995407,0.17717717717717718,0,1,1,1,1,1,1.0,0,0,0
1,0,1,0,0,7,7,7,13.714285714285714,1.0,1.0,0,0,0,19,0,1,1,0.2802021129995407,0.17717717717717718,0,3,1,1,1,1,1.0,0,0,0
1,0,0,1,0,16,15,19,12.266666666666667,0.9375,1.1875,0,0,0,30,3,1,1,0.55625,0.20967741935483872,0,1,3,1,0,0,1.0,0,0,0
1,0,0,1,0,5,5,8,11.0,1.0,1.6,0,0,0,19,0,1,1,0.55625,0.4944649446494465,0,1,1,2,1,1,1.25,0,0,0
1,1,0,2,0,5,5,5,13.8,1.0,1.0,0,0,0,22,1,1,1,0.2802021129995407,0.4944649446494465,0,5,3,1,2,1,1.75,0,0,0
1,0,1,0,0,6,6,6,12.666666666666666,1.0,1.0,0,0,0,18,0,1,1,0.2802021129995407,0.3400673400673401,0,1,3,1,2,1,1.75,0,0,0
1,0,0,1,0,6,6,8,11.75,1.0,1.3333333333333333,0,0,0,18,0,1,1,0.2802021129995407,0.20967741935483872,0,1,4,3,2,2,2.75,0,0,0
1,0,1,0,0,8,7,8,12.785714285714286,0.875,1.0,0,0,0,19,0,1,1,0.2802021129995407,0.17717717717717718,0,3,1,1,1,1,1.0,0,0,0
1,0,0,1,0,6,6,11,14.444444444444445,1.0,1.8333333333333333,0,0,0,18,0,1,1,0.2802021129995407,0.65,0,1,4,3,1,2,2.5,0,0,0
1,0,0,1,0,0,0,0,0.0,0.0,0.0,1,1,0,20,0,1,1,0.2802021129995407,0.4606741573033708,0,1,3,1,2,2,2.0,0,1,0
1,0,0,1,0,5,4,8,12.75,0.8,1.6,0,0,0,18,0,1,1,0.2802021129995407,0.3423076923076923,0,1,1,1,1,1,1.0,0,0,0
1,0,0,1,0,6,6,7,16.857142857142858,1.0,1.1666666666666667,0,0,0,25,2,1,1,0.55625,0.3423076923076923,2,1,4,4,2,1,2.75,0,0,0
1,0,0,1,0,6,6,6,13.166666666666666,1.0,1.0,0,0,0,19,0,1,1,0.2802021129995407,0.3400673400673401,0,1,1,2,2,2,1.75,0,0,0
1,0,0,1,0,6,6,7,16.5,1.0,1.1666666666666667,0,0,0,26,2,1,1,0.55625,0.3423076923076923,0,1,1,3,1,0,1.25,0,0,0
1,0,0,1,0,5,4,10,11.75,0.8,2.0,0,0,0,21,1,1,1,0.2802021129995407,0.4944649446494465,0,2,3,2,2,1,2.0,0,0,0
1,0,0,1,0,5,1,14,11.0,0.2,2.8,0,0,0,19,0,1,1,0.2802021129995407,0.4944649446494465,0,1,1,1,1,1,1.0,0,0,0
1,0,1,0,0,8,7,8,15.114285714285714,0.875,1.0,0,0,0,19,0,1,1,0.2802021129995407,0.17717717717717718,0,1,1,1,1,1,1.0,0,0,0
1,0,1,0,0,6,6,8,15.5,1.0,1.3333333333333333,0,0,0,18,0,1,1,0.2802021129995407,0.20967741935483872,0,1,1,1,1,1,1.0,0,0,0
1,0,1,0,0,10,7,12,11.142857142857142,0.7,1.2,0,0,0,32,3,2,0,0.55625,0.6355140186915887,0,1,1,1,1,1,1.0,0,0,0
1,0,1,0,0,6,6,6,11.333333333333334,1.0,1.0,0,0,0,18,0,1,1,0.2802021129995407,0.20967741935483872,0,1,4,3,1,1,2.25,0,0,0
1,1,1,1,0,5,5,6,10.6,1.0,1.2,0,0,0,39,4,3,1,0.55625,0.4337899543378995,0,1,1,1,2,0,1.0,0,0,0
0,1,0,3,1,0,0,0,0.0,0.0,0.0,1,1,0,18,0,1,1,0.2802021129995407,0.4606741573033708,0,1,4,3,2,2,2.75,0,3,1
1,1,1,1,0,6,6,6,15.666666666666666,1.0,1.0,0,0,0,18,0,1,1,0.2802021129995407,0.3400673400673401,0,1,4,3,0,2,2.25,0,0,0
1,0,0,1,0,12,12,12,15.333333333333334,1.0,1.0,0,0,0,21,1,1,1,0.2802021129995407,0.4606741573033708,0,1,4,4,1,1,2.5,0,0,0
1,0,0,1,0,14,9,23,12.0,0.6428571428571429,1.6428571428571428,0,0,0,21,1,1,1,0.55625,0.4941860465116279,0,1,3,1,2,1,1.75,0,0,0
1,0,0,1,0,5,3,8,10.333333333333334,0.6,1.6,0,0,0,22,1,1,1,0.2802021129995407,0.4944649446494465,0,1,1,2,1,1,1.25,0,0,0
1,0,1,0,0,0,0,0,0.0,0.0,0.0,1,1,1,21,1,1,1,0.2802021129995407,0.4606741573033708,0,2,1,2,1,1,1.25,1,0,0
1,0,1,0,0,6,6,7,12.857142857142858,1.0,1.1666666666666667,0,0,0,20,0,1,1,0.2802021129995407,0.45714285714285713,0,1,3,3,1,1,2.0,0,0,0
1,0,0,1,0,8,7,8,14.328571428571427,0.875,1.0,0,0,0,19,0,1,1,0.2802021129995407,0.17717717717717718,0,4,1,1,1,1,1.0,0,0,0
1,0,1,0,0,6,6,7,15.0,1.0,1.1666666666666667,0,0,0,20,0,1,1,0.2802021129995407,0.20967741935483872,0,1,3,1,1,1,1.5,0,0,0
1,0,0,1,0,5,5,9,13.6,1.0,1.8,0,0,0,19,0,1,1,0.2802021129995407,0.3423076923076923,0,1,1,1,1,1,1.0,0,0,0
1,0,1,0,0,5,5,12,12.857142857142858,1.0,2.4,0,0,0,18,0,1,1,0.2802021129995407,0.3423076923076923,0,1,3,3,1,1,2.0,0,0,0
1,0,0,1,0,6,2,7,14.5,0.3333333333333333,1.1666666666666667,0,0,0,18,0,1,1,0.2802021129995407,0.5985915492957746,0,2,4,3,1,2,2.5,0,0,0
1,0,0,1,0,5,3,7,10.666666666666666,0.6,1.4,0,0,0,24,2,1,0,0.55625,0.6355140186915887,0,1,1,1,1,1,1.0,0,0,0
0,1,1,2,1,6,6,7,13.428571428571429,1.0,1.1666666666666667,0,0,0,21,1,1,1,0.2802021129995407,0.45714285714285713,0,1,3,3,2,1,2.25,0,0,0
1,0,1,0,0,7,7,12,11.716666666666663,1.0,1.7142857142857142,0,0,1,18,0,1,1,0.2802021129995407,0.17717717717717718,0,3,3,1,1,1,1.5,0,0,0
1,0,1,0,0,5,4,11,12.0,0.8,2.2,0,0,1,20,0,1,1,0.2802021129995407,0.4944649446494465,0,1,3,1,2,1,1.75,0,0,0
0,1,0,3,1,6,5,11,13.2,0.8333333333333334,1.8333333333333333,0,0,0,20,0,1,1,0.55625,0.5985915492957746,0,2,3,4,1,1,2.25,0,0,0
1,1,0,2,0,6,5,7,12.2,0.8333333333333334,1.1666666666666667,0,0,0,18,0,1,1,0.2802021129995407,0.45714285714285713,0,3,1,1,1,1,1.0,0,0,0
1,0,1,0,0,7,5,11,12.58,0.7142857142857143,1.5714285714285714,0,0,0,25,2,1,1,0.55625,0.4782608695652174,0,1,1,2,1,2,1.5,0,0,0
1,1,0,2,0,7,0,9,0.0,0.0,1.2857142857142858,1,0,1,35,3,2,1,0.55625,0.8888888888888888,0,1,1,3,1,1,1.5,3,2,0
1,0,1,0,0,7,6,9,12.428571428571429,0.8571428571428571,1.2857142857142858,0,0,0,19,0,1,1,0.2802021129995407,0.17717717717717718,0,4,1,2,1,1,1.25,0,0,0
1,0,1,0,0,6,6,6,13.0,1.0,1.0,0,0,1,18,0,1,1,0.2802021129995407,0.4337899543378995,0,1,1,1,1,1,1.0,0,0,0
1,0,0,1,0,8,7,8,14.535714285714286,0.875,1.0,0,0,1,19,0,1,1,0.2802021129995407,0.17717717717717718,0,1,4,2,2,0,2.0,0,0,0
1,0,0,1,0,6,6,6,16.0,1.0,1.0,0,0,1,18,0,1,1,0.2802021129995407,0.2786885245901639,0,1,4,4,2,2,3.0,0,0,0
1,1,0,2,0,6,5,13,13.142857142857142,0.8333333333333334,2.1666666666666665,0,0,1,24,2,1,1,0.55625,0.65,1,1,1,4,1,1,1.75,2,0,0
1,0,0,1,0,14,11,23,11.6875,0.7857142857142857,1.6428571428571428,0,0,1,25,2,1,0,0.55625,0.36597938144329895,0,1,3,1,0,0,1.0,2,0,0
1,0,1,0,0,6,6,9,13.833333333333334,1.0,1.5,0,0,1,19,0,1,1,0.2802021129995407,0.3423076923076923,0,1,3,1,1,1,1.5,0,0,0
1,0,0,1,0,5,0,0,0.0,0.0,0.0,1,1,1,19,0,1,1,0.2802021129995407,0.8653846153846154,0,2,1,3,1,1,1.5,0,1,0
0,0,1,1,0,5,0,13,0.0,0.0,2.6,1,0,1,30,3,1,1,0.55625,0.65,2,1,1,2,0,0,0.75,3,1,1
1,0,0,1,0,7,0,9,0.0,0.0,1.2857142857142858,1,0,1,19,0,1,1,0.2802021129995407,0.17717717717717718,0,1,1,2,2,1,1.5,0,1,0
1,0,0,1,0,5,1,10,10.0,0.2,2.0,0,0,1,21,1,1,1,0.2802021129995407,0.4944649446494465,0,1,1,1,2,2,1.5,1,0,0
1,0,0,1,0,0,0,0,0.0,0.0,0.0,1,1,1,19,0,1,1,0.2802021129995407,0.4606741573033708,0,1,1,1,2,1,1.25,0,1,0
0,0,0,2,0,6,0,9,0.0,0.0,1.5,1,0,1,29,3,1,1,0.55625,0.4941860465116279,0,1,1,2,1,1,1.25,3,2,1
1,0,0,1,0,6,4,7,12.6,0.6666666666666666,1.1666666666666667,0,0,1,18,0,1,1,0.2802021129995407,0.4337899543378995,0,1,1,1,1,1,1.0,0,0,0
1,0,0,1,0,7,7,13,12.375,1.0,1.8571428571428572,0,0,1,20,0,1,1,0.55625,0.2786885245901639,0,1,4,4,2,1,2.75,0,0,0
0,0,0,2,0,6,0,6,0.0,0.0,1.0,1,0,1,18,0,1,1,0.2802021129995407,0.3400673400673401,0,2,3,3,1,1,2.0,0,2,1
1,0,0,1,0,5,5,6,12.6,1.0,1.2,0,0,1,19,0,1,1,0.2802021129995407,0.4944649446494465,0,5,3,2,1,2,2.0,0,0,0
1,0,0,1,0,6,0,7,0.0,0.0,1.1666666666666667,1,0,1,35,3,1,1,0.6412213740458015,0.45714285714285713,2,1,1,2,2,2,1.75,3,1,0
1,0,0,1,0,8,7,8,12.84142857142857,0.875,1.0,0,0,1,20,0,1,1,0.2802021129995407,0.17717717717717718,0,1,3,3,1,1,2.0,0,0,0
1,0,0,1,0,6,0,6,0.0,0.0,1.0,1,0,1,33,3,2,1,0.55625,0.20967741935483872,1,1,1,1,1,1,1.0,3,1,0
1,0,0,1,0,6,6,7,14.166666666666666,1.0,1.1666666666666667,0,0,1,18,0,1,1,0.2802021129995407,0.3400673400673401,0,1,3,4,2,1,2.5,0,0,0
1,0,0,1,0,6,4,12,10.8,0.6666666666666666,2.0,0,0,1,19,0,1,1,0.2802021129995407,0.3400673400673401,0,1,4,4,1,2,2.75,0,0,0
1,0,0,1,0,6,6,6,13.0,1.0,1.0,0,0,1,18,0,1,1,0.2802021129995407,0.3400673400673401,0,5,1,3,2,2,2.0,0,0,0
0,0,0,2,0,5,0,0,0.0,0.0,0.0,1,1,1,28,3,1,0,0.55625,0.6355140186915887,0,1,1,1,1,1,1.0,3,2,1
1,0,0,1,0,5,5,5,13.0,1.0,1.0,0,0,1,18,0,1,1,0.2802021129995407,0.4944649446494465,0,1,4,3,1,1,2.25,0,0,0
1,1,0,2,0,6,6,8,11.571428571428571,1.0,1.3333333333333333,0,0,1,25,2,1,1,0.2802021129995407,0.3400673400673401,0,1,4,4,2,2,3.0,2,0,0
0,1,0,3,1,6,4,6,11.5,0.6666666666666666,1.0,0,0,1,19,0,1,1,0.2802021129995407,0.20967741935483872,0,1,3,1,2,2,2.0,0,0,0
1,0,0,1,0,6,5,8,11.0,0.8333333333333334,1.3333333333333333,0,0,1,18,0,1,1,0.55625,0.2786885245901639,0,2,1,2,1,1,1.25,0,0,0
1,0,0,1,0,6,6,10,17.11111111111111,1.0,1.6666666666666667,0,0,1,29,3,1,1,0.6412213740458015,0.4941860465116279,2,1,4,4,2,1,2.75,3,0,0
1,0,1,0,0,6,6,9,12.571428571428571,1.0,1.5,0,0,1,20,0,1,1,0.2802021129995407,0.45714285714285713,0,1,4,4,2,1,2.75,0,0,0
1,0,0,1,0,6,0,6,0.0,0.0,1.0,1,0,1,20,0,1,1,0.55625,0.4941860465116279,1,1,4,2,1,2,2.25,0,1,0
1,0,0,1,0,6,6,7,14.5,1.0,1.1666666666666667,0,0,1,18,0,1,1,0.2802021129995407,0.2786885245901639,0,4,4,4,1,1,2.5,0,0,0
1,0,1,0,0,6,6,6,13.5,1.0,1.0,0,0,1,21,1,1,1,0.2802021129995407,0.45714285714285713,0,5,4,3,1,1,2.25,1,0,0
0,0,0,2,0,6,5,9,11.2,0.8333333333333334,1.5,0,0,1,18,0,1,1,0.2802021129995407,0.45714285714285713,0,2,4,4,1,1,2.5,0,0,0
1,0,0,1,0,5,3,10,10.666666666666666,0.6,2.0,0,0,1,20,0,1,1,0.2802021129995407,0.8653846153846154,0,5,1,1,0,0,0.5,0,0,0
1,0,0,1,0,1,0,2,0.0,0.0,2.0,1,0,0,26,2,1,0,0.55625,0.6355140186915887,0,1,3,1,1,1,1.5,0,1,0
1,1,0,2,0,5,1,5,10.0,0.2,1.0,0,0,0,19,0,1,1,0.2802021129995407,0.4337899543378995,0,3,1,1,1,1,1.0,0,0,0
0,1,1,2,1,7,5,14,12.36,0.7142857142857143,2.0,0,0,0,24,2,1,1,0.55625,0.4782608695652174,0,1,1,1,1,1,1.0,0,0,0
1,0,1,0,0,6,6,8,15.25,1.0,1.3333333333333333,0,0,0,20,0,1,1,0.2802021129995407,0.4337899543378995,0,1,1,1,1,1,1.0,0,0,0
0,1,0,3,1,5,0,5,0.0,0.0,1.0,1,0,0,26,2,1,0,0.2802021129995407,0.6355140186915887,0,1,1,4,1,2,2.0,0,3,1
1,0,0,1,0,5,1,8,13.0,0.2,1.6,0,0,0,31,3,1,1,0.55625,0.4944649446494465,1,1,1,1,1,1,1.0,0,0,0
1,0,0,1,0,8,8,8,13.81375,1.0,1.0,0,0,0,27,2,2,1,0.55625,0.17717717717717718,0,1,1,1,1,0,0.75,0,0,0
1,1,0,2,0,6,6,8,13.285714285714286,1.0,1.3333333333333333,0,0,0,24,2,1,1,0.2802021129995407,0.3423076923076923,0,1,1,1,1,1,1.0,0,0,0
1,0,1,0,0,7,7,8,11.9625,1.0,1.1428571428571428,0,0,0,20,0,1,1,0.2802021129995407,0.17717717717717718,0,2,1,1,1,1,1.0,0,0,0
1,0,0,1,0,7,6,9,13.683333333333332,0.8571428571428571,1.2857142857142858,0,0,0,20,0,1,1,0.2802021129995407,0.17717717717717718,0,5,1,1,1,1,1.0,0,0,0
1,0,0,1,0,8,7,8,14.985714285714286,0.875,1.0,0,0,0,24,2,1,1,0.55625,0.17717717717717718,0,1,1,3,1,2,1.75,0,0,0
1,0,0,1,0,6,4,8,12.5,0.6666666666666666,1.3333333333333333,0,0,0,18,0,1,1,0.2802021129995407,0.3400673400673401,0,2,1,1,2,1,1.25,0,0,0
1,0,0,1,0,6,0,0,0.0,0.0,0.0,1,1,0,20,0,1,1,0.2802021129995407,0.3423076923076923,0,3,1,1,1,1,1.0,0,1,0
1,0,0,1,0,7,7,10,13.78,1.0,1.4285714285714286,0,0,0,18,0,1,1,0.2802021129995407,0.17717717717717718,0,2,3,3,2,2,2.5,0,0,0
1,0,0,1,0,7,7,10,13.805,1.0,1.4285714285714286,0,0,0,19,0,1,1,0.2802021129995407,0.17717717717717718,0,2,1,1,1,1,1.0,0,0,0
1,0,0,1,0,5,5,7,13.8,1.0,1.4,0,0,0,18,0,1,1,0.2802021129995407,0.3423076923076923,0,1,3,2,2,1,2.0,0,0,0
1,0,0,1,0,7,7,7,14.424285714285714,1.0,1.0,0,0,0,18,0,1,1,0.2802021129995407,0.17717717717717718,0,4,3,3,2,2,2.5,0,0,0
1,0,1,0,0,6,6,7,13.166666666666666,1.0,1.1666666666666667,0,0,0,18,0,1,1,0.2802021129995407,0.20967741935483872,0,1,4,3,2,1,2.5,0,0,0
1,0,0,1,0,16,14,20,12.071428571428571,0.875,1.25,0,0,0,34,3,2,1,0.55625,0.20967741935483872,1,1,1,1,1,1,1.0,0,0,0
1,0,0,1,0,6,3,10,10.25,0.5,1.6666666666666667,0,0,0,38,4,1,0,0.55625,0.36597938144329895,1,1,1,1,1,1,1.0,0,0,0
1,0,1,0,0,8,8,8,14.11,1.0,1.0,0,0,0,19,0,1,1,0.2802021129995407,0.17717717717717718,0,1,1,2,1,1,1.25,0,0,0
1,0,0,1,0,6,5,9,12.4,0.8333333333333334,1.5,0,0,0,19,0,1,1,0.2802021129995407,0.5985915492957746,0,3,1,1,1,1,1.0,0,0,0
0,0,0,2,0,6,6,7,12.0,1.0,1.1666666666666667,0,0,0,21,1,1,1,0.55625,0.3400673400673401,0,1,3,3,2,1,2.25,0,0,0
1,0,1,0,0,6,6,6,14.833333333333334,1.0,1.0,0,0,0,18,0,1,1,0.2802021129995407,0.3400673400673401,0,1,4,4,1,1,2.5,0,0,0
1,0,1,0,0,6,6,7,15.428571428571429,1.0,1.1666666666666667,0,0,0,20,0,1,1,0.2802021129995407,0.3423076923076923,0,5,3,1,2,1,1.75,0,0,0
1,0,1,0,0,5,5,7,11.6,1.0,1.4,0,0,0,18,0,1,1,0.2802021129995407,0.4944649446494465,0,5,1,1,1,1,1.0,0,0,0
1,0,0,1,0,6,6,6,14.166666666666666,1.0,1.0,0,0,0,18,0,1,1,0.2802021129995407,0.2786885245901639,0,3,1,1,1,1,1.0,0,0,0
1,0,1,0,0,7,1,9,9.8,0.14285714285714285,1.2857142857142858,0,0,0,36,4,1,1,0.6412213740458015,0.4782608695652174,2,1,1,1,1,1,1.0,0,0,0
1,0,1,0,0,5,4,12,10.714285714285714,0.8,2.4,0,0,0,18,0,1,1,0.2802021129995407,0.4944649446494465,0,4,1,1,2,1,1.25,0,0,0
1,0,1,0,0,5,0,7,0.0,0.0,1.4,1,0,0,21,1,1,1,0.55625,0.65,2,1,3,1,2,0,1.5,0,0,0
1,1,1,1,0,6,3,13,12.333333333333334,0.5,2.1666666666666665,0,0,0,21,1,1,1,0.55625,0.65,1,1,3,4,1,1,2.25,0,0,0
1,0,0,1,0,6,6,13,13.0,1.0,2.1666666666666665,0,0,0,18,0,1,1,0.36666666666666664,0.3423076923076923,0,1,4,4,2,1,2.75,0,0,0
1,0,0,1,0,5,4,7,11.4,0.8,1.4,0,0,0,18,0,1,1,0.2802021129995407,0.4337899543378995,0,5,3,1,2,1,1.75,0,0,0
1,0,0,1,0,7,6,7,12.766666666666666,0.8571428571428571,1.0,0,0,0,19,0,1,1,0.2802021129995407,0.17717717717717718,0,2,1,1,1,1,1.0,0,0,0
1,1,0,2,0,6,5,11,12.6,0.8333333333333334,1.8333333333333333,0,0,0,29,3,2,1,0.55625,0.4941860465116279,1,1,1,2,1,2,1.5,0,0,0
1,0,1,0,0,7,7,8,13.0,1.0,1.1428571428571428,0,0,0,20,0,1,1,0.55625,0.4944649446494465,1,1,1,3,1,2,1.75,0,0,0
1,0,0,1,0,7,6,7,14.316666666666668,0.8571428571428571,1.0,0,0,0,18,0,1,1,0.2802021129995407,0.17717717717717718,0,2,1,1,1,1,1.0,0,0,0
1,0,0,1,0,5,4,7,12.75,0.8,1.4,0,0,0,19,0,1,1,0.2802021129995407,0.3423076923076923,0,1,4,3,2,0,2.25,0,0,0
1,0,1,0,0,5,5,5,13.4,1.0,1.0,0,0,0,19,0,1,1,0.2802021129995407,0.4944649446494465,0,3,3,1,2,1,1.75,0,0,0
0,1,0,3,1,6,0,6,0.0,0.0,1.0,1,0,0,37,4,1,0,0.55625,0.36597938144329895,0,1,1,4,1,2,2.0,0,3,1
1,0,1,0,0,5,4,6,15.75,0.8,1.2,0,0,0,18,0,1,1,0.2802021129995407,0.3423076923076923,0,2,1,3,1,1,1.5,0,0,0
1,0,0,1,0,6,5,9,12.4,0.8333333333333334,1.5,0,0,0,21,1,1,1,0.2802021129995407,0.5985915492957746,0,1,1,2,1,1,1.25,0,0,0
1,0,1,0,0,6,6,8,11.5,1.0,1.3333333333333333,0,0,0,19,0,1,1,0.2802021129995407,0.20967741935483872,0,1,3,1,2,2,2.0,0,0,0
1,0,0,1,0,5,5,5,13.4,1.0,1.0,0,0,0,19,0,1,1,0.2802021129995407,0.4337899543378995,0,2,4,3,2,1,2.5,0,0,0
1,0,0,1,0,7,0,0,0.0,0.0,0.0,1,1,0,30,3,2,1,0.55625,0.17717717717717718,0,1,1,1,1,1,1.0,0,1,0
1,0,0,1,0,8,7,11,13.285714285714286,0.875,1.375,0,0,0,27,2,1,1,0.55625,0.3400673400673401,0,2,3,1,0,0,1.0,0,0,0
1,0,1,0,0,6,4,10,11.5,0.6666666666666666,1.6666666666666667,0,0,0,45,4,2,1,0.2802021129995407,0.45714285714285713,0,1,1,1,1,1,1.0,0,0,0
1,0,1,0,0,9,8,11,13.25,0.8888888888888888,1.2222222222222223,0,0,0,50,4,2,0,0.55625,0.36597938144329895,0,1,1,1,1,1,1.0,0,0,0
1,0,0,1,0,14,11,24,12.25,0.7857142857142857,1.7142857142857142,0,0,0,41,4,3,1,0.55625,0.4944649446494465,0,1,1,1,1,1,1.0,0,0,0
1,0,0,1,0,6,1,10,12.0,0.16666666666666666,1.6666666666666667,0,0,0,44,4,1,1,0.55625,0.4941860465116279,1,1,1,1,1,1,1.0,0,0,0
1,0,0,1,0,15,13,15,10.923076923076923,0.8666666666666667,1.0,0,0,0,23,1,3,1,0.6412213740458015,0.4944649446494465,1,1,1,1,1,1,1.0,0,0,0
1,0,0,1,0,12,10,12,12.0,0.8333333333333334,1.0,0,0,0,34,3,1,1,0.55625,0.8888888888888888,0,1,1,2,1,1,1.25,0,0,0
1,0,1,0,0,5,5,10,13.714285714285714,1.0,2.0,0,0,0,21,1,1,1,0.2802021129995407,0.4944649446494465,0,1,1,1,1,1,1.0,0,0,0
1,0,0,1,0,5,1,8,10.0,0.2,1.6,0,0,0,22,1,1,1,0.55625,0.4944649446494465,0,3,4,1,2,2,2.25,0,0,0
1,0,1,0,0,6,2,18,10.333333333333334,0.3333333333333333,3.0,0,0,0,32,3,3,0,0.55625,0.36597938144329895,0,1,1,1,1,1,1.0,0,0,0
1,0,0,1,0,7,7,8,12.728571428571428,1.0,1.1428571428571428,0,0,0,20,0,1,1,0.2802021129995407,0.4782608695652174,0,2,3,3,1,1,2.0,0,0,0
0,0,0,2,0,15,12,22,13.333333333333334,0.8,1.4666666666666666,0,0,0,59,4,2,0,0.6412213740458015,0.36597938144329895,2,1,1,2,0,0,0.75,0,0,0
1,0,1,0,0,6,6,7,11.333333333333334,1.0,1.1666666666666667,0,0,0,18,0,1,1,0.2802021129995407,0.45714285714285713,0,4,1,2,1,1,1.25,0,0,0
1,0,0,1,0,5,5,5,13.8,1.0,1.0,0,0,1,36,4,3,0,0.55625,0.6355140186915887,0,1,1,1,1,1,1.0,4,0,0
1,0,0,1,0,7,1,16,12.0,0.14285714285714285,2.2857142857142856,0,0,1,36,4,1,1,0.6412213740458015,0.4782608695652174,1,1,1,2,1,1,1.25,4,0,0
0,0,0,2,0,6,4,9,11.25,0.6666666666666666,1.5,0,0,1,19,0,1,1,0.2802021129995407,0.4337899543378995,0,5,1,2,0,1,1.0,0,0,0
1,0,0,1,0,5,4,6,10.5,0.8,1.2,0,0,1,25,2,1,0,0.55625,0.6355140186915887,0,1,3,1,2,2,2.0,2,0,0
1,0,0,1,0,18,18,20,11.555555555555555,1.0,1.1111111111111112,0,0,1,35,3,1,1,0.55625,0.4941860465116279,1,1,1,1,1,1,1.0,3,0,0
1,0,0,1,0,6,1,13,14.0,0.16666666666666666,2.1666666666666665,0,0,1,20,0,1,1,0.2802021129995407,0.20967741935483872,0,1,3,3,1,1,2.0,0,0,0
0,0,0,2,0,6,1,17,13.0,0.16666666666666666,2.8333333333333335,0,0,1,35,3,1,1,0.55625,0.4941860465116279,0,1,1,1,1,1,1.0,3,0,0
1,0,0,1,0,6,2,13,11.0,0.3333333333333333,2.1666666666666665,0,0,0,27,2,1,1,0.2802021129995407,0.20967741935483872,0,1,1,1,0,0,0.5,0,0,0
1,0,0,1,0,6,4,8,10.5,0.6666666666666666,1.3333333333333333,0,0,0,19,0,1,0,0.2802021129995407,0.36597938144329895,0,2,1,3,1,0,1.25,0,0,0
0,1,0,3,1,7,4,11,12.86,0.5714285714285714,1.5714285714285714,0,0,0,26,2,1,1,0.55625,0.17717717717717718,0,1,1,2,2,1,1.5,0,0,0
1,0,0,1,0,6,6,10,14.25,1.0,1.6666666666666667,0,0,0,19,0,1,1,0.2802021129995407,0.20967741935483872,0,1,3,1,1,1,1.5,0,0,0
0,0,0,2,0,7,0,0,0.0,0.0,0.0,1,1,0,19,0,1,1,0.2802021129995407,0.17717717717717718,0,5,1,2,1,1,1.25,0,2,1
1,0,0,1,0,0,0,0,0.0,0.0,0.0,1,1,0,18,0,1,1,0.2802021129995407,0.4606741573033708,0,1,1,2,1,1,1.25,0,1,0
1,0,1,0,0,7,7,7,13.894285714285711,1.0,1.0,0,0,0,19,0,1,1,0.2802021129995407,0.17717717717717718,0,1,1,3,1,1,1.5,0,0,0
1,0,1,0,0,7,7,8,13.46875,1.0,1.1428571428571428,0,0,0,19,0,1,1,0.2802021129995407,0.17717717717717718,0,1,1,1,1,1,1.0,0,0,0
1,0,1,0,0,5,5,5,13.6,1.0,1.0,0,0,0,19,0,1,1,0.2802021129995407,0.3423076923076923,0,4,1,1,1,1,1.0,0,0,0
1,0,1,0,0,6,6,6,14.666666666666666,1.0,1.0,0,0,0,21,1,1,0,0.55625,0.36597938144329895,1,1,3,1,1,1,1.5,0,0,0
1,0,0,1,0,6,6,6,13.666666666666666,1.0,1.0,0,0,0,18,0,1,1,0.2802021129995407,0.3400673400673401,0,3,3,3,2,1,2.25,0,0,0
1,0,0,1,0,12,10,22,13.3,0.8333333333333334,1.8333333333333333,0,0,0,33,3,2,1,0.55625,0.45714285714285713,2,1,1,1,1,2,1.25,0,0,0
1,0,0,1,0,11,11,13,13.454545454545457,1.0,1.1818181818181819,0,0,0,32,3,1,0,0.6412213740458015,0.36597938144329895,2,1,1,1,1,2,1.25,0,0,0
1,0,1,0,0,8,8,8,13.41625,1.0,1.0,0,0,0,17,0,1,1,0.2802021129995407,0.17717717717717718,0,5,1,2,1,2,1.5,0,0,0
1,0,0,1,0,7,0,0,0.0,0.0,0.0,1,1,0,31,3,2,1,0.55625,0.17717717717717718,0,1,1,2,1,1,1.25,0,1,0
1,0,1,0,0,6,6,6,11.333333333333334,1.0,1.0,0,0,0,32,3,2,0,0.55625,0.36597938144329895,0,1,1,2,1,1,1.25,0,0,0
1,0,0,1,0,6,6,8,16.0,1.0,1.3333333333333333,0,0,0,18,0,1,1,0.2802021129995407,0.3423076923076923,0,2,2,1,2,1,1.5,0,0,0
0,0,0,2,0,5,0,5,0.0,0.0,1.0,1,0,1,40,4,1,0,0.55625,0.6355140186915887,0,1,4,2,1,1,2.0,4,2,1
1,0,0,1,0,5,5,5,14.8,1.0,1.0,0,0,1,32,3,2,0,0.2802021129995407,0.6355140186915887,0,1,1,2,1,1,1.25,3,0,0
0,0,0,2,0,5,1,7,13.0,0.2,1.4,0,0,1,40,4,1,1,0.6412213740458015,0.8653846153846154,2,1,1,2,1,1,1.25,4,0,0
1,0,1,0,0,0,0,0,0.0,0.0,0.0,1,1,1,18,0,1,1,0.2802021129995407,0.4606741573033708,0,1,3,3,2,1,2.25,0,0,0
0,1,0,3,1,9,4,14,10.0,0.4444444444444444,1.5555555555555556,0,0,1,28,3,1,0,0.55625,0.6355140186915887,0,1,1,1,1,1,1.0,3,0,0
1,1,0,2,0,6,5,11,11.2,0.8333333333333334,1.8333333333333333,0,0,1,19,0,1,1,0.2802021129995407,0.2786885245901639,0,2,3,3,2,1,2.25,0,0,0
1,0,1,0,0,6,6,8,11.833333333333334,1.0,1.3333333333333333,0,0,1,19,0,1,1,0.2802021129995407,0.3400673400673401,0,1,3,1,1,1,1.5,0,0,0
1,0,0,1,0,5,0,0,0.0,0.0,0.0,1,1,1,21,1,1,1,0.2802021129995407,0.4944649446494465,0,5,1,1,1,1,1.0,1,1,0
1,0,0,1,0,5,2,8,10.5,0.4,1.6,0,0,1,22,1,1,1,0.2802021129995407,0.4944649446494465,0,4,1,3,0,2,1.5,1,0,0
0,0,0,2,0,5,5,8,12.5,1.0,1.6,0,0,1,18,0,1,1,0.2802021129995407,0.8653846153846154,0,3,4,3,2,2,2.75,0,0,0
1,0,0,1,0,0,0,0,0.0,0.0,0.0,1,1,1,27,2,1,1,0.55625,0.4606741573033708,0,1,1,4,1,1,1.75,2,1,0
1,0,0,1,0,10,9,14,12.333333333333334,0.9,1.4,0,0,1,30,3,2,0,0.55625,0.6355140186915887,0,1,1,1,1,1,1.0,3,0,0
1,0,0,1,0,6,0,9,0.0,0.0,1.5,1,0,1,28,3,1,1,0.55625,0.65,1,1,3,4,2,1,2.5,3,1,0
1,0,1,0,0,6,5,11,11.142857142857142,0.8333333333333334,1.8333333333333333,0,0,1,20,0,1,1,0.2802021129995407,0.20967741935483872,0,1,3,2,1,1,1.75,0,0,0
0,0,0,2,0,8,5,19,12.166666666666666,0.625,2.375,0,0,1,31,3,1,1,0.55625,0.45714285714285713,0,1,1,2,1,1,1.25,3,0,0
0,1,0,3,1,5,2,9,11.0,0.4,1.8,0,0,1,21,1,1,1,0.2802021129995407,0.8653846153846154,0,1,3,3,1,1,2.0,1,0,0
0,0,0,2,0,5,1,8,11.0,0.2,1.6,0,0,1,27,2,1,1,0.55625,0.4337899543378995,1,2,3,1,0,0,1.0,2,0,0
1,0,0,1,0,6,4,10,13.25,0.6666666666666666,1.6666666666666667,0,0,1,19,0,1,1,0.2802021129995407,0.3400673400673401,0,5,1,1,1,1,1.0,0,0,0
0,0,0,2,0,6,2,17,12.5,0.3333333333333333,2.8333333333333335,0,0,1,21,1,1,1,0.55625,0.4941860465116279,1,1,1,2,2,2,1.75,1,0,0
0,0,0,2,0,10,7,10,12.142857142857142,0.7,1.0,0,0,1,35,3,1,1,0.55625,0.4337899543378995,0,1,3,1,0,0,1.0,3,0,0
1,0,0,1,0,5,3,8,12.0,0.6,1.6,0,0,1,28,3,1,1,0.55625,0.3423076923076923,0,1,1,2,0,1,1.0,3,0,0
0,0,0,2,0,4,0,8,0.0,0.0,2.0,1,0,1,19,0,1,1,0.2802021129995407,0.3400673400673401,0,3,3,3,1,0,1.75,0,2,1
1,0,1,0,0,6,6,6,12.833333333333334,1.0,1.0,0,0,1,20,0,1,1,0.2802021129995407,0.2786885245901639,0,1,4,2,2,2,2.5,0,0,0
0,1,0,3,1,7,5,7,12.0,0.7142857142857143,1.0,0,0,1,37,4,1,1,0.55625,0.3423076923076923,0,1,2,3,1,2,2.0,4,0,0
1,0,0,1,0,6,2,13,12.0,0.3333333333333333,2.1666666666666665,0,0,1,19,0,1,1,0.2802021129995407,0.45714285714285713,0,1,1,1,1,1,1.0,0,0,0
1,0,0,1,0,7,0,18,0.0,0.0,2.5714285714285716,1,0,1,36,4,1,1,0.55625,0.17717717717717718,0,1,1,1,1,1,1.0,4,1,0
1,0,0,1,0,5,0,0,0.0,0.0,0.0,1,1,1,29,3,1,1,0.55625,0.4944649446494465,1,1,1,1,1,1,1.0,3,1,0
1,0,0,1,0,6,6,10,11.375,1.0,1.6666666666666667,0,0,1,30,3,1,1,0.55625,0.4941860465116279,0,1,1,1,1,2,1.25,3,0,0
1,1,0,2,0,6,2,15,12.0,0.3333333333333333,2.5,0,0,1,32,3,1,1,0.55625,0.4337899543378995,1,1,4,3,2,0,2.25,3,0,0
1,0,0,1,0,6,1,17,12.0,0.16666666666666666,2.8333333333333335,0,0,1,37,4,2,1,0.55625,0.4941860465116279,1,1,1,1,2,1,1.25,4,0,0
1,0,0,1,0,6,3,7,12.0,0.5,1.1666666666666667,0,0,1,27,2,1,1,0.55625,0.8653846153846154,0,1,3,1,2,2,2.0,2,0,0
1,0,1,0,0,6,6,7,12.714285714285714,1.0,1.1666666666666667,0,0,1,18,0,1,1,0.2802021129995407,0.3400673400673401,0,1,1,3,1,1,1.5,0,0,0
1,0,1,0,0,8,8,8,15.3,1.0,1.0,0,0,1,18,0,1,1,0.2802021129995407,0.17717717717717718,0,1,1,1,1,1,1.0,0,0,0
0,0,0,2,0,8,2,12,11.5,0.25,1.5,0,0,1,32,3,2,1,0.55625,0.4941860465116279,1,2,1,2,2,1,1.5,3,0,0
1,0,0,1,0,6,0,12,0.0,0.0,2.0,1,0,1,22,1,1,1,0.55625,0.4941860465116279,0,1,4,4,1,1,2.5,1,1,0
1,0,0,1,0,7,0,0,0.0,0.0,0.0,1,1,0,32,3,3,1,0.55625,0.17717717717717718,0,1,3,2,2,2,2.25,0,1,0
0,0,0,2,0,6,3,7,12.666666666666666,0.5,1.1666666666666667,0,0,0,19,0,1,1,0.2802021129995407,0.4337899543378995,0,4,3,3,2,1,2.25,0,0,0
1,0,1,0,0,6,6,6,13.5,1.0,1.0,0,0,0,18,0,1,1,0.2802021129995407,0.3400673400673401,0,1,1,3,1,1,1.5,0,0,0
1,0,1,0,0,5,5,7,12.0,1.0,1.4,0,0,0,18,0,1,1,0.2802021129995407,0.4944649446494465,0,4,3,3,1,1,2.0,0,0,0
0,1,0,3,1,5,0,6,0.0,0.0,1.2,1,0,0,38,4,1,1,0.6412213740458015,0.4944649446494465,2,1,4,1,1,1,1.75,0,3,1
1,0,0,1,0,6,5,8,11.8,0.8333333333333334,1.3333333333333333,0,0,0,21,1,1,1,0.2802021129995407,0.5985915492957746,0,3,3,1,0,0,1.0,0,0,0
0,0,0,2,0,6,2,12,11.5,0.3333333333333333,2.0,0,0,0,21,1,1,1,0.2802021129995407,0.20967741935483872,0,1,3,1,1,1,1.5,0,0,0
1,0,0,1,0,7,6,7,14.616666666666667,0.8571428571428571,1.0,0,0,0,19,0,1,1,0.2802021129995407,0.17717717717717718,0,4,1,1,1,2,1.25,0,0,0
1,1,0,2,0,6,4,9,11.0,0.6666666666666666,1.5,0,0,0,18,0,1,1,0.2802021129995407,0.45714285714285713,0,1,3,3,1,0,1.75,0,0,0
1,0,0,1,0,5,0,0,0.0,0.0,0.0,1,1,0,25,2,1,1,0.6412213740458015,0.4944649446494465,2,1,1,1,1,1,1.0,0,1,0
1,0,0,1,0,14,7,22,12.192307692307692,0.5,1.5714285714285714,0,0,0,19,0,1,1,0.2802021129995407,0.17717717717717718,0,5,1,3,1,2,1.75,0,0,0
1,0,1,0,0,6,6,6,12.833333333333334,1.0,1.0,0,0,0,18,0,1,1,0.2802021129995407,0.45714285714285713,0,2,3,2,1,1,1.75,0,0,0
1,0,1,0,0,5,5,8,12.875,1.0,1.6,0,0,0,19,0,1,1,0.2802021129995407,0.4944649446494465,0,1,1,1,1,1,1.0,0,0,0
1,0,1,0,0,6,6,6,12.166666666666666,1.0,1.0,0,0,0,22,1,1,1,0.2802021129995407,0.20967741935483872,0,1,1,1,1,1,1.0,0,0,0
1,0,0,1,0,6,6,11,13.428571428571429,1.0,1.8333333333333333,0,0,0,21,1,1,1,0.55625,0.4941860465116279,1,1,1,1,2,2,1.5,0,0,0
1,0,1,0,0,6,6,6,14.5,1.0,1.0,0,0,0,21,1,1,1,0.2802021129995407,0.3423076923076923,0,1,1,1,1,1,1.0,0,0,0
1,0,1,0,0,7,7,7,12.142857142857142,1.0,1.0,0,0,0,20,0,1,1,0.2802021129995407,0.5985915492957746,0,1,1,1,2,1,1.25,0,0,0
1,0,0,1,0,7,6,7,13.9,0.8571428571428571,1.0,0,0,0,18,0,1,1,0.2802021129995407,0.17717717717717718,0,4,1,2,1,2,1.5,0,0,0
1,0,0,1,0,7,3,12,13.766666666666666,0.42857142857142855,1.7142857142857142,0,0,0,26,2,1,1,0.55625,0.17717717717717718,0,1,1,2,1,1,1.25,0,0,0
1,0,0,1,0,15,13,17,11.615384615384617,0.8666666666666667,1.1333333333333333,0,0,0,31,3,1,1,0.36666666666666664,0.4944649446494465,2,1,3,1,0,0,1.0,0,0,0
1,0,1,0,0,6,6,6,15.166666666666666,1.0,1.0,0,0,0,18,0,1,1,0.2802021129995407,0.20967741935483872,0,1,1,1,1,1,1.0,0,0,0
1,0,0,1,0,5,0,5,0.0,0.0,1.0,1,0,0,35,3,3,1,0.6412213740458015,0.4944649446494465,2,1,1,3,1,1,1.5,0,1,0
1,0,1,0,0,6,5,9,10.8,0.8333333333333334,1.5,0,0,0,19,0,1,1,0.2802021129995407,0.20967741935483872,0,1,1,1,1,1,1.0,0,0,0
1,0,0,1,0,7,7,7,13.995714285714287,1.0,1.0,0,0,0,18,0,1,1,0.2802021129995407,0.17717717717717718,0,2,4,3,2,2,2.75,0,0,0
1,0,0,1,0,6,6,8,13.285714285714286,1.0,1.3333333333333333,0,0,0,20,0,1,1,0.2802021129995407,0.3423076923076923,0,1,1,1,2,1,1.25,0,0,0
1,0,1,0,0,12,12,12,12.75,1.0,1.0,0,0,0,19,0,1,1,0.2802021129995407,0.4606741573033708,0,4,3,3,1,1,2.0,0,0,0
1,1,1,1,0,7,7,7,12.714285714285714,1.0,1.0,0,0,0,18,0,1,1,0.2802021129995407,0.5985915492957746,0,1,1,1,1,1,1.0,0,0,0
1,0,0,1,0,8,8,8,12.88625,1.0,1.0,0,0,0,23,1,1,1,0.55625,0.17717717717717718,0,1,1,2,2,1,1.5,0,0,0
1,0,1,0,0,6,5,7,13.0,0.8333333333333334,1.1666666666666667,0,0,0,21,1,1,1,0.2802021129995407,0.2786885245901639,0,1,3,3,1,1,2.0,0,0,0
1,0,1,0,0,5,5,7,12.2,1.0,1.4,0,0,0,19,0,1,1,0.2802021129995407,0.4944649446494465,0,1,1,1,1,1,1.0,0,0,0
1,0,0,1,0,11,11,15,13.785714285714286,1.0,1.3636363636363635,0,0,0,20,0,1,1,0.2802021129995407,0.3423076923076923,1,1,1,1,2,1,1.25,0,0,0
1,0,1,0,0,8,8,8,14.50125,1.0,1.0,0,0,0,18,0,1,1,0.2802021129995407,0.17717717717717718,0,1,1,1,1,1,1.0,0,0,0
1,0,0,1,0,7,6,7,14.35,0.8571428571428571,1.0,0,0,0,19,0,2,1,0.2802021129995407,0.17717717717717718,0,5,3,2,2,2,2.25,0,0,0
1,0,1,0,0,6,6,6,11.5,1.0,1.0,0,0,0,21,1,1,1,0.2802021129995407,0.2786885245901639,0,1,1,2,1,1,1.25,0,0,0
1,0,1,0,0,6,6,8,11.714285714285714,1.0,1.3333333333333333,0,0,0,18,0,1,1,0.2802021129995407,0.20967741935483872,0,1,1,1,1,1,1.0,0,0,0
1,0,0,1,0,6,5,6,13.0,0.8333333333333334,1.0,0,0,0,18,0,1,1,0.2802021129995407,0.3400673400673401,0,1,1,1,1,1,1.0,0,0,0
1,0,1,0,0,7,7,8,13.56875,1.0,1.1428571428571428,0,0,0,18,0,1,1,0.2802021129995407,0.17717717717717718,0,5,1,2,1,1,1.25,0,0,0
1,0,0,1,0,0,0,0,0.0,0.0,0.0,1,1,0,18,0,1,1,0.2802021129995407,0.4606741573033708,0,2,4,4,2,2,3.0,0,1,0
1,0,1,0,0,8,8,8,14.15375,1.0,1.0,0,0,0,18,0,1,1,0.2802021129995407,0.17717717717717718,0,3,3,2,1,2,2.0,0,0,0
0,0,0,2,0,8,0,8,0.0,0.0,1.0,1,0,0,18,0,1,1,0.2802021129995407,0.17717717717717718,0,5,3,3,2,1,2.25,0,2,1
1,0,0,1,0,6,6,7,13.833333333333334,1.0,1.1666666666666667,0,0,0,20,0,1,1,0.2802021129995407,0.3400673400673401,0,5,1,1,2,1,1.25,0,0,0
1,0,0,1,0,8,7,8,12.454285714285716,0.875,1.0,0,0,0,19,0,1,1,0.2802021129995407,0.17717717717717718,0,4,1,1,1,1,1.0,0,0,0
1,0,0,1,0,7,0,0,0.0,0.0,0.0,1,1,0,18,0,1,1,0.2802021129995407,0.17717717717717718,0,4,3,2,2,1,2.0,0,1,0
1,0,1,0,0,7,6,8,13.271666666666668,0.8571428571428571,1.1428571428571428,0,0,0,18,0,1,1,0.2802021129995407,0.17717717717717718,0,3,3,2,1,1,1.75,0,0,0
1,0,0,1,0,6,2,16,11.0,0.3333333333333333,2.6666666666666665,0,0,0,21,1,1,1,0.2802021129995407,0.45714285714285713,0,1,1,2,2,2,1.75,0,0,0
1,0,1,0,0,7,7,7,13.285714285714286,1.0,1.0,0,0,0,19,0,1,1,0.2802021129995407,0.5985915492957746,0,1,1,1,1,1,1.0,0,0,0
1,0,1,0,0,6,6,6,13.333333333333334,1.0,1.0,0,0,0,20,0,1,1,0.2802021129995407,0.20967741935483872,0,1,1,1,2,1,1.25,0,0,0
1,0,1,0,0,8,8,8,13.2575,1.0,1.0,0,0,0,21,1,1,1,0.2802021129995407,0.17717717717717718,0,1,3,3,1,2,2.25,0,0,0
1,0,0,1,0,6,0,7,0.0,0.0,1.1666666666666667,1,0,0,23,1,1,1,0.55625,0.3423076923076923,1,1,1,1,1,2,1.25,0,1,0
0,0,1,1,0,6,6,10,12.666666666666666,1.0,1.6666666666666667,0,0,0,18,0,1,1,0.2802021129995407,0.20967741935483872,0,1,3,1,1,1,1.5,0,0,0
1,0,0,1,0,5,5,5,14.6,1.0,1.0,0,0,0,30,3,2,0,0.55625,0.6355140186915887,2,1,4,3,1,0,2.0,0,0,0
1,0,0,1,0,5,0,13,0.0,0.0,2.6,1,0,0,20,0,1,1,0.2802021129995407,0.3423076923076923,0,1,0,2,2,1,1.25,0,1,0
0,0,0,2,0,5,3,7,12.333333333333334,0.6,1.4,0,0,0,29,3,2,1,0.55625,0.4944649446494465,0,2,1,1,1,1,1.0,0,0,0
1,0,0,1,0,6,6,7,11.666666666666666,1.0,1.1666666666666667,0,0,0,20,0,1,1,0.2802021129995407,0.20967741935483872,0,1,1,3,2,2,2.0,0,0,0
1,0,0,1,0,6,4,6,12.5,0.6666666666666666,1.0,0,0,0,27,2,1,0,0.55625,0.36597938144329895,0,1,1,1,1,1,1.0,0,0,0
1,0,0,1,0,5,0,0,0.0,0.0,0.0,1,1,0,23,1,2,1,0.6412213740458015,0.4944649446494465,2,1,1,1,1,1,1.0,0,1,0
1,0,1,0,0,6,6,6,15.333333333333334,1.0,1.0,0,0,0,23,1,1,1,0.55625,0.2786885245901639,0,1,1,2,2,2,1.75,0,0,0
1,0,0,1,0,8,7,8,14.2,0.875,1.0,0,0,0,18,0,1,1,0.2802021129995407,0.17717717717717718,0,3,3,3,2,2,2.5,0,0,0
1,0,1,0,0,6,6,6,14.833333333333334,1.0,1.0,0,0,0,19,0,1,1,0.2802021129995407,0.3400673400673401,0,1,1,1,1,1,1.0,0,0,0
1,0,0,1,0,7,7,7,13.642857142857142,1.0,1.0,0,0,0,19,0,1,1,0.2802021129995407,0.17717717717717718,0,5,1,1,2,1,1.25,0,0,0
1,0,1,0,0,6,6,6,13.833333333333334,1.0,1.0,0,0,0,18,0,1,1,0.2802021129995407,0.3400673400673401,0,1,3,1,1,1,1.5,0,0,0
1,0,0,1,0,6,6,6,11.833333333333334,1.0,1.0,0,0,0,19,0,1,1,0.2802021129995407,0.2786885245901639,0,2,3,3,2,1,2.25,0,0,0
1,0,1,0,0,6,6,7,13.428571428571429,1.0,1.1666666666666667,0,0,0,18,0,1,1,0.2802021129995407,0.3400673400673401,0,1,3,1,2,1,1.75,0,0,0
1,0,0,1,0,7,6,10,11.416666666666666,0.8571428571428571,1.4285714285714286,0,0,0,24,2,1,1,0.55625,0.4782608695652174,1,2,1,1,2,1,1.25,0,0,0
1,0,0,1,0,7,2,16,12.75,0.2857142857142857,2.2857142857142856,0,0,0,19,0,1,1,0.2802021129995407,0.4782608695652174,0,2,1,1,1,1,1.0,0,0,0
1,0,0,1,0,6,6,7,11.5,1.0,1.1666666666666667,0,0,0,20,0,1,1,0.2802021129995407,0.45714285714285713,0,4,1,2,1,1,1.25,0,0,0
1,0,0,1,0,6,6,6,13.833333333333334,1.0,1.0,0,0,0,18,0,1,1,0.2802021129995407,0.3400673400673401,0,2,3,2,1,1,1.75,0,0,0
0,0,0,2,0,6,6,8,11.714285714285714,1.0,1.3333333333333333,0,0,0,18,0,1,1,0.2802021129995407,0.2786885245901639,0,2,3,2,2,2,2.25,0,0,0
1,0,1,0,0,7,7,8,11.678571428571429,1.0,1.1428571428571428,0,0,0,19,0,1,1,0.2802021129995407,0.17717717717717718,0,5,1,3,1,1,1.5,0,0,0
1,0,0,1,0,6,6,7,15.714285714285714,1.0,1.1666666666666667,0,0,0,19,0,1,1,0.2802021129995407,0.3423076923076923,0,1,4,4,1,1,2.5,0,0,0
1,0,1,0,0,0,0,0,0.0,0.0,0.0,1,1,0,18,0,1,1,0.2802021129995407,0.4606741573033708,0,1,3,2,1,1,1.75,0,0,0
1,0,1,0,0,6,6,6,13.0,1.0,1.0,0,0,0,19,0,1,1,0.2802021129995407,0.3400673400673401,0,1,1,1,1,2,1.25,0,0,0
1,0,1,0,0,7,7,7,14.485714285714286,1.0,1.0,0,0,0,18,0,1,1,0.2802021129995407,0.17717717717717718,0,2,4,4,1,1,2.5,0,0,0
1,0,0,1,0,8,7,8,11.571428571428571,0.875,1.0,0,0,0,20,0,1,1,0.55625,0.17717717717717718,0,1,3,3,2,2,2.5,0,0,0
1,0,1,0,0,8,7,8,12.657142857142857,0.875,1.0,0,0,0,19,0,1,1,0.2802021129995407,0.17717717717717718,0,5,1,1,1,1,1.0,0,0,0
0,0,0,2,0,5,2,9,10.0,0.4,1.8,0,0,0,22,1,1,1,0.2802021129995407,0.4944649446494465,0,1,1,1,1,1,1.0,0,0,0
1,0,0,1,0,6,6,7,13.714285714285714,1.0,1.1666666666666667,0,0,0,19,0,1,1,0.2802021129995407,0.20967741935483872,0,1,1,3,2,1,1.75,0,0,0
1,0,0,1,0,14,13,21,13.071428571428571,0.9285714285714286,1.5,0,0,0,36,4,1,1,0.6412213740458015,0.20967741935483872,2,1,1,1,1,1,1.0,0,0,0
1,0,1,0,0,6,6,7,15.333333333333334,1.0,1.1666666666666667,0,0,0,19,0,1,1,0.55625,0.4941860465116279,1,1,1,1,1,1,1.0,0,0,0
1,0,0,1,0,6,5,9,11.571428571428571,0.8333333333333334,1.5,0,0,0,18,0,1,1,0.2802021129995407,0.20967741935483872,0,1,4,4,1,1,2.5,0,0,0
0,0,0,2,0,5,0,10,0.0,0.0,2.0,1,0,0,40,4,3,0,0.55625,0.6355140186915887,1,4,1,1,1,1,1.0,0,2,1
1,0,1,0,0,7,6,7,12.9,0.8571428571428571,1.0,0,0,0,19,0,1,1,0.2802021129995407,0.17717717717717718,0,2,1,1,1,1,1.0,0,0,0
1,0,0,1,0,10,4,20,11.5,0.4,2.0,0,0,0,32,3,1,1,0.6412213740458015,0.3423076923076923,2,1,1,1,1,1,1.0,0,0,0
1,0,0,1,0,6,6,6,13.5,1.0,1.0,0,0,0,19,0,1,1,0.2802021129995407,0.2786885245901639,0,3,4,3,2,2,2.75,0,0,0
1,0,0,1,0,1,0,1,0.0,0.0,1.0,1,0,0,35,3,2,1,0.55625,0.4944649446494465,0,1,1,1,1,1,1.0,0,1,0
1,0,0,1,0,8,7,10,11.142857142857142,0.875,1.25,0,0,0,29,3,1,1,0.2802021129995407,0.5985915492957746,0,1,1,2,2,2,1.75,0,0,0
1,0,1,0,0,8,7,8,13.79857142857143,0.875,1.0,0,0,0,18,0,1,1,0.2802021129995407,0.17717717717717718,0,5,1,2,1,1,1.25,0,0,0
0,1,0,3,1,6,6,7,13.333333333333334,1.0,1.1666666666666667,0,0,0,25,2,2,0,0.55625,0.36597938144329895,1,1,1,2,0,0,0.75,0,0,0
0,1,0,3,1,6,0,11,0.0,0.0,1.8333333333333333,1,0,0,50,4,3,0,0.55625,0.36597938144329895,1,1,1,1,1,1,1.0,0,3,1
1,0,0,1,0,15,14,17,11.357142857142858,0.9333333333333333,1.1333333333333333,0,0,0,24,2,2,1,0.2802021129995407,0.4944649446494465,0,1,3,1,0,0,1.0,0,0,0
1,0,0,1,0,5,0,11,0.0,0.0,2.2,1,0,0,18,0,1,1,0.2802021129995407,0.8653846153846154,0,5,1,2,1,2,1.5,0,1,0
1,0,0,1,0,6,6,13,15.692307692307692,1.0,2.1666666666666665,0,0,0,20,0,1,1,0.2802021129995407,0.3423076923076923,0,1,1,1,2,2,1.5,0,0,0
1,1,1,1,0,18,18,19,15.052631578947368,1.0,1.0555555555555556,0,0,0,20,0,1,1,0.2802021129995407,0.4941860465116279,0,1,3,1,2,1,1.75,0,0,0
1,0,0,1,0,10,6,20,11.5,0.6,2.0,0,0,0,21,1,1,0,0.55625,0.6355140186915887,0,1,1,1,1,1,1.0,0,0,0
1,0,1,0,0,6,6,6,13.0,1.0,1.0,0,0,1,19,0,1,1,0.2802021129995407,0.45714285714285713,0,1,1,1,1,1,1.0,0,0,0
1,0,1,0,0,8,8,8,12.93875,1.0,1.0,0,0,1,18,0,1,1,0.2802021129995407,0.17717717717717718,0,1,1,1,1,1,1.0,0,0,0
1,0,0,1,0,0,0,0,0.0,0.0,0.0,1,1,1,22,1,1,1,0.2802021129995407,0.4606741573033708,0,1,1,1,1,1,1.0,1,1,0
1,0,0,1,0,6,0,6,0.0,0.0,1.0,1,0,1,25,2,1,1,0.55625,0.4941860465116279,1,1,1,1,1,0,0.75,2,1,0
0,0,0,2,0,7,5,10,13.0,0.7142857142857143,1.4285714285714286,0,0,1,37,4,2,1,0.55625,0.17717717717717718,0,1,1,1,1,1,1.0,4,0,0
0,0,0,2,0,7,5,11,12.18,0.7142857142857143,1.5714285714285714,0,0,1,38,4,1,1,0.55625,0.17717717717717718,0,1,1,1,1,1,1.0,4,0,0
1,0,0,1,0,6,3,13,11.333333333333334,0.5,2.1666666666666665,0,0,1,36,4,2,1,0.55625,0.4337899543378995,0,1,1,1,1,1,1.0,4,0,0
1,0,0,1,0,8,7,8,13.0,0.875,1.0,0,0,1,18,0,1,1,0.2802021129995407,0.17717717717717718,0,2,1,3,1,1,1.5,0,0,0
0,0,0,2,0,5,0,5,0.0,0.0,1.0,1,0,1,19,0,1,1,0.2802021129995407,0.4337899543378995,0,1,3,3,0,0,1.5,0,2,1
1,1,0,2,0,5,2,13,12.5,0.4,2.6,0,0,1,24,2,1,1,0.55625,0.65,0,1,3,3,2,0,2.0,2,0,0
1,0,0,1,0,6,5,9,11.0,0.8333333333333334,1.5,0,0,1,20,0,1,1,0.2802021129995407,0.20967741935483872,0,1,3,3,2,2,2.5,0,0,0
1,0,0,1,0,0,0,0,0.0,0.0,0.0,1,1,1,21,1,1,1,0.2802021129995407,0.4606741573033708,0,1,1,1,1,1,1.0,1,1,0
1,0,0,1,0,5,0,5,0.0,0.0,1.0,1,0,1,32,3,2,0,0.55625,0.6355140186915887,0,3,1,1,1,1,1.0,3,1,0
1,0,0,1,0,5,0,9,0.0,0.0,1.8,1,0,1,39,4,2,0,0.55625,0.6355140186915887,1,1,1,1,1,1,1.0,4,1,0
0,0,0,2,0,5,0,6,0.0,0.0,1.2,1,0,1,33,3,1,1,0.6412213740458015,0.8653846153846154,2,1,1,1,1,1,1.0,3,2,1
1,0,1,0,0,5,5,5,12.4,1.0,1.0,0,0,1,20,0,1,1,0.2802021129995407,0.4337899543378995,0,2,1,1,1,1,1.0,0,0,0
1,0,0,1,0,6,6,8,15.5,1.0,1.3333333333333333,0,0,1,19,0,1,1,0.2802021129995407,0.4941860465116279,0,1,1,2,1,1,1.25,0,0,0
0,0,0,2,0,5,2,13,11.5,0.4,2.6,0,0,1,43,4,2,0,0.55625,0.6355140186915887,0,1,1,1,1,1,1.0,4,0,0
1,0,0,1,0,5,4,7,13.333333333333334,0.8,1.4,0,0,1,49,4,2,0,0.55625,0.6355140186915887,0,1,1,1,1,1,1.0,4,0,0
1,0,1,0,0,6,6,8,12.666666666666666,1.0,1.3333333333333333,0,0,1,18,0,1,1,0.2802021129995407,0.3400673400673401,0,2,1,1,1,1,1.0,0,0,0
1,0,1,0,0,5,5,8,12.6,1.0,1.6,0,0,1,19,0,1,1,0.2802021129995407,0.4944649446494465,0,1,3,2,1,1,1.75,0,0,0
1,1,1,1,0,6,6,6,13.5,1.0,1.0,0,0,1,45,4,1,1,0.55625,0.2786885245901639,0,1,1,1,1,0,0.75,4,0,0
1,0,1,0,0,6,6,15,11.714285714285714,1.0,2.5,0,0,1,21,1,1,1,0.55625,0.4941860465116279,1,1,3,4,1,2,2.5,1,0,0
1,0,1,0,0,6,6,8,12.166666666666666,1.0,1.3333333333333333,0,0,1,18,0,1,1,0.2802021129995407,0.4337899543378995,0,1,3,3,1,1,2.0,0,0,0
1,0,0,1,0,5,0,10,0.0,0.0,2.0,1,0,1,18,0,1,1,0.2802021129995407,0.4944649446494465,0,3,1,1,1,1,1.0,0,1,0
0,0,0,2,0,6,0,12,0.0,0.0,2.0,1,0,1,29,3,1,1,0.2802021129995407,0.45714285714285713,0,1,1,1,1,1,1.0,3,2,1
1,0,0,1,0,5,5,6,11.5,1.0,1.2,0,0,1,19,0,1,1,0.2802021129995407,0.4337899543378995,0,1,3,3,2,1,2.25,0,0,0
1,0,1,0,0,7,7,7,12.285714285714286,1.0,1.0,0,0,1,22,1,1,1,0.55625,0.2786885245901639,1,1,3,3,1,1,2.0,1,0,0
1,0,1,0,0,7,7,7,12.718571428571428,1.0,1.0,0,0,1,18,0,1,1,0.2802021129995407,0.17717717717717718,0,5,3,3,2,2,2.5,0,0,0
1,0,0,1,0,0,0,0,0.0,0.0,0.0,1,1,1,20,0,1,1,0.2802021129995407,0.4606741573033708,0,1,1,2,1,1,1.25,0,1,0
1,1,1,1,0,6,1,16,14.0,0.16666666666666666,2.6666666666666665,0,0,1,29,3,3,1,0.55625,0.4337899543378995,1,1,1,1,1,1,1.0,3,0,0
1,0,0,1,0,5,3,10,11.666666666666666,0.6,2.0,0,0,1,29,3,1,1,0.55625,0.4337899543378995,0,1,3,3,0,2,2.0,3,0,0
1,1,0,2,0,0,0,0,0.0,0.0,0.0,1,1,1,19,0,1,1,0.2802021129995407,0.4606741573033708,0,1,4,1,1,1,1.75,0,2,0
1,0,0,1,0,5,0,10,0.0,0.0,2.0,1,0,1,18,0,1,1,0.2802021129995407,0.8653846153846154,0,1,1,1,1,1,1.0,0,1,0
1,0,0,1,0,6,4,13,11.5,0.6666666666666666,2.1666666666666665,0,0,1,22,1,2,1,0.55625,0.45714285714285713,0,1,4,4,0,0,2.0,1,0,0
1,1,0,2,0,10,7,10,11.714285714285714,0.7,1.0,0,0,1,34,3,1,0,0.55625,0.6355140186915887,0,1,1,1,1,1,1.0,3,0,0
1,0,0,1,0,5,5,7,12.6,1.0,1.4,0,0,1,26,2,1,0,0.55625,0.6355140186915887,2,1,4,4,1,1,2.5,2,0,0
1,0,0,1,0,17,13,19,11.642857142857142,0.7647058823529411,1.1176470588235294,0,0,1,24,2,1,1,0.2802021129995407,0.4606741573033708,0,1,1,1,1,1,1.0,2,0,0
1,0,1,0,0,6,6,8,14.875,1.0,1.3333333333333333,0,0,1,17,0,1,1,0.2802021129995407,0.4337899543378995,0,1,3,3,1,1,2.0,0,0,0
1,0,0,1,0,6,6,8,12.714285714285714,1.0,1.3333333333333333,0,0,1,19,0,1,1,0.55625,0.4941860465116279,1,1,1,1,2,1,1.25,0,0,0
0,1,0,3,1,12,5,16,11.6,0.4166666666666667,1.3333333333333333,0,0,1,49,4,2,1,0.55625,0.4941860465116279,0,1,3,4,2,1,2.5,4,0,0
1,0,0,1,0,7,5,14,11.94,0.7142857142857143,2.0,0,0,1,23,1,1,1,0.55625,0.17717717717717718,0,1,4,4,2,1,2.75,1,0,0
1,0,0,1,0,5,4,10,11.6,0.8,2.0,0,0,1,18,0,1,1,0.55625,0.8653846153846154,0,3,3,2,1,1,1.75,0,0,0
1,0,0,1,0,6,6,6,13.333333333333334,1.0,1.0,0,0,1,19,0,1,1,0.2802021129995407,0.4337899543378995,0,3,4,3,1,2,2.5,0,0,0
1,0,0,1,0,5,5,5,13.4,1.0,1.0,0,0,1,18,0,1,1,0.2802021129995407,0.4944649446494465,0,1,3,1,2,1,1.75,0,0,0
0,1,0,3,1,6,0,12,0.0,0.0,2.0,1,0,1,45,4,2,1,0.55625,0.45714285714285713,1,1,3,1,0,0,1.0,4,3,1
1,0,0,1,0,5,2,5,11.0,0.4,1.0,0,0,1,30,3,1,0,0.55625,0.6355140186915887,0,1,3,1,0,0,1.0,3,0,0
1,0,0,1,0,15,13,17,12.0,0.8666666666666667,1.1333333333333333,0,0,1,28,3,1,0,0.55625,0.6355140186915887,1,1,3,4,2,0,2.25,3,0,0
1,0,0,1,0,5,0,0,0.0,0.0,0.0,1,1,1,40,4,1,0,0.55625,0.6355140186915887,0,1,1,1,1,1,1.0,4,1,0
0,0,0,2,0,5,0,5,0.0,0.0,1.0,1,0,1,32,3,1,1,0.55625,0.4944649446494465,1,2,1,2,2,0,1.25,3,2,1
1,0,0,1,0,6,4,12,12.5,0.6666666666666666,2.0,0,0,1,19,0,1,1,0.2802021129995407,0.45714285714285713,0,5,1,1,1,1,1.0,0,0,0
1,0,0,1,0,6,6,7,13.666666666666666,1.0,1.1666666666666667,0,0,1,20,0,1,1,0.2802021129995407,0.2786885245901639,0,1,3,2,2,1,2.0,0,0,0
1,0,0,1,0,5,1,10,10.0,0.2,2.0,0,0,1,18,0,1,1,0.2802021129995407,0.8653846153846154,0,1,3,4,2,1,2.5,0,0,0
0,0,0,2,0,6,6,6,11.5,1.0,1.0,0,0,1,20,0,1,1,0.2802021129995407,0.4337899543378995,0,1,1,1,1,1,1.0,0,0,0
1,0,1,0,0,7,6,7,13.266666666666666,0.8571428571428571,1.0,0,0,1,18,0,1,1,0.2802021129995407,0.17717717717717718,0,3,1,1,2,1,1.25,0,0,0
1,0,1,0,0,7,7,8,12.5125,1.0,1.1428571428571428,0,0,1,18,0,1,1,0.2802021129995407,0.17717717717717718,0,4,1,1,1,2,1.25,0,0,0
1,0,0,1,0,5,0,9,0.0,0.0,1.8,1,0,1,28,3,2,1,0.55625,0.65,2,1,3,1,0,0,1.0,3,1,0
0,0,0,2,0,6,0,14,0.0,0.0,2.3333333333333335,1,0,1,31,3,1,1,0.55625,0.4337899543378995,0,1,1,1,1,1,1.0,3,2,1
1,0,0,1,0,7,6,7,13.483333333333334,0.8571428571428571,1.0,0,0,1,23,1,1,1,0.2802021129995407,0.17717717717717718,0,1,4,2,2,1,2.25,1,0,0
0,1,0,3,1,6,0,8,0.0,0.0,1.3333333333333333,1,0,1,33,3,1,1,0.55625,0.20967741935483872,1,1,1,1,1,1,1.0,3,3,1
1,0,0,1,0,5,3,9,13.0,0.6,1.8,0,0,1,22,1,1,1,0.55625,0.4944649446494465,0,1,1,1,1,2,1.25,1,0,0
1,1,0,2,0,5,5,6,16.5,1.0,1.2,0,0,1,20,0,1,1,0.55625,0.8653846153846154,1,1,1,1,1,1,1.0,0,0,0
1,0,0,1,0,6,6,11,13.8,1.0,1.8333333333333333,0,0,1,20,0,1,1,0.55625,0.3423076923076923,1,1,1,1,2,1,1.25,0,0,0
0,0,0,2,0,6,0,0,0.0,0.0,0.0,1,1,1,25,2,1,1,0.55625,0.4941860465116279,0,1,3,3,1,2,2.25,2,2,1
1,0,0,1,0,5,5,5,12.6,1.0,1.0,0,0,1,20,0,1,1,0.2802021129995407,0.4337899543378995,0,1,4,3,1,2,2.5,0,0,0
1,0,0,1,0,6,6,7,13.833333333333334,1.0,1.1666666666666667,0,0,1,19,0,1,1,0.2802021129995407,0.3400673400673401,0,5,3,1,1,1,1.5,0,0,0
1,0,0,1,0,5,0,5,0.0,0.0,1.0,1,0,1,31,3,1,1,0.55625,0.65,1,1,3,1,0,0,1.0,3,1,0
0,1,0,3,1,6,2,6,16.0,0.3333333333333333,1.0,0,0,1,24,2,1,1,0.55625,0.8653846153846154,1,1,4,1,1,2,2.0,2,0,0
0,1,0,3,1,5,0,5,0.0,0.0,1.0,1,0,1,23,1,1,1,0.55625,0.8653846153846154,1,1,1,4,2,2,2.25,1,3,1
0,0,1,1,0,5,3,12,10.666666666666666,0.6,2.4,0,0,1,26,2,2,0,0.55625,0.6355140186915887,0,1,3,4,1,1,2.25,2,0,0
1,0,0,1,0,18,18,18,14.5,1.0,1.0,0,0,1,38,4,2,1,0.55625,0.2786885245901639,2,1,1,1,2,2,1.5,4,0,0
1,0,1,0,0,5,5,6,14.0,1.0,1.2,0,0,1,20,0,1,1,0.2802021129995407,0.8653846153846154,0,5,1,2,1,2,1.5,0,0,0
1,0,0,1,0,5,3,10,13.333333333333334,0.6,2.0,0,0,1,20,0,1,1,0.2802021129995407,0.8653846153846154,0,5,3,2,1,1,1.75,0,0,0
1,0,0,1,0,6,0,0,0.0,0.0,0.0,1,1,1,25,2,1,1,0.55625,0.3423076923076923,1,1,4,3,1,1,2.25,2,1,0
1,0,0,1,0,6,5,9,12.0,0.8333333333333334,1.5,0,0,1,19,0,1,1,0.2802021129995407,0.2786885245901639,0,2,3,2,2,2,2.25,0,0,0
1,0,0,1,0,5,5,6,16.2,1.0,1.2,0,0,1,18,0,1,1,0.2802021129995407,0.8653846153846154,0,1,3,1,2,1,1.75,0,0,0
1,0,0,1,0,13,7,13,10.285714285714286,0.5384615384615384,1.0,0,0,1,28,3,1,0,0.55625,0.6355140186915887,1,1,1,1,1,1,1.0,3,0,0
1,0,1,0,0,6,6,7,13.571428571428571,1.0,1.1666666666666667,0,0,1,20,0,1,1,0.2802021129995407,0.45714285714285713,0,1,3,1,1,1,1.5,0,0,0
1,0,0,1,0,6,6,7,14.285714285714286,1.0,1.1666666666666667,0,0,1,18,0,1,1,0.2802021129995407,0.65,0,1,4,4,2,2,3.0,0,0,0
1,0,0,1,0,5,5,7,10.2,1.0,1.4,0,0,1,19,0,1,1,0.2802021129995407,0.4944649446494465,0,3,3,3,2,2,2.5,0,0,0
1,1,0,2,0,8,2,16,10.25,0.25,2.0,0,0,1,24,2,1,1,0.55625,0.17717717717717718,0,1,1,2,1,1,1.25,2,0,0
1,0,0,1,0,6,0,0,0.0,0.0,0.0,1,1,1,21,1,1,1,0.2802021129995407,0.3423076923076923,0,4,3,4,1,1,2.25,1,1,0
1,0,1,0,0,6,6,7,14.833333333333334,1.0,1.1666666666666667,0,0,1,20,0,1,1,0.2802021129995407,0.4337899543378995,0,1,4,1,2,1,2.0,0,0,0
1,0,0,1,0,6,5,12,13.625,0.8333333333333334,2.0,0,0,1,21,1,1,1,0.55625,0.4941860465116279,1,1,1,3,1,1,1.5,1,0,0
1,1,0,2,0,7,7,7,12.271428571428572,1.0,1.0,0,0,1,24,2,2,1,0.2802021129995407,0.4782608695652174,0,1,1,2,2,2,1.75,2,0,0
1,0,0,1,0,5,0,0,0.0,0.0,0.0,1,1,1,27,2,1,0,0.55625,0.6355140186915887,0,1,1,1,1,1,1.0,2,1,0
1,0,0,1,0,9,9,10,13.22222222222222,1.0,1.1111111111111112,0,0,1,39,4,1,0,0.55625,0.36597938144329895,0,1,4,2,2,1,2.25,4,0,0
1,0,0,1,0,7,2,13,15.0,0.2857142857142857,1.8571428571428572,0,0,1,25,2,1,1,0.55625,0.8888888888888888,0,1,1,1,1,1,1.0,2,0,0
0,0,0,2,0,0,0,0,0.0,0.0,0.0,1,1,1,18,0,1,1,0.6412213740458015,0.4606741573033708,2,1,3,4,1,1,2.25,0,2,1
1,0,0,1,0,12,12,12,13.166666666666666,1.0,1.0,0,0,1,19,0,1,1,0.55625,0.2786885245901639,0,1,3,4,1,1,2.25,0,0,0
1,0,1,0,0,6,5,8,13.833333333333334,0.8333333333333334,1.3333333333333333,0,0,1,21,1,1,1,0.55625,0.3400673400673401,0,1,1,1,1,1,1.0,1,0,0
1,0,0,1,0,5,0,0,0.0,0.0,0.0,1,1,1,27,2,1,0,0.6412213740458015,0.6355140186915887,1,1,3,4,2,1,2.5,2,1,0
1,0,0,1,0,12,9,12,12.333333333333334,0.75,1.0,0,0,1,27,2,1,1,0.6412213740458015,0.4337899543378995,2,1,4,1,2,2,2.25,2,0,0
1,1,0,2,0,6,6,6,13.0,1.0,1.0,0,0,1,18,0,1,1,0.2802021129995407,0.3400673400673401,0,3,1,1,1,2,1.25,0,0,0
1,0,0,1,0,6,3,15,13.25,0.5,2.5,0,0,1,19,0,1,1,0.55625,0.4941860465116279,1,1,1,1,1,0,0.75,0,0,0
1,0,0,1,0,6,6,6,13.5,1.0,1.0,0,0,0,18,0,1,1,0.2802021129995407,0.20967741935483872,0,2,1,1,2,1,1.25,0,0,0
1,0,1,0,0,6,6,7,12.666666666666666,1.0,1.1666666666666667,0,0,0,18,0,1,1,0.2802021129995407,0.3400673400673401,0,4,1,1,1,2,1.25,0,0,0
1,0,0,1,0,11,11,18,15.090909090909092,1.0,1.6363636363636365,0,0,0,23,1,1,1,0.55625,0.4944649446494465,0,1,4,2,1,1,2.0,0,0,0
0,1,0,3,1,0,0,0,0.0,0.0,0.0,1,1,1,20,0,1,1,0.55625,0.4606741573033708,0,4,3,4,1,1,2.25,0,3,1
1,0,0,1,0,6,6,7,13.166666666666666,1.0,1.1666666666666667,0,0,1,18,0,1,1,0.2802021129995407,0.3400673400673401,0,3,4,3,2,2,2.75,0,0,0
1,0,0,1,0,6,6,6,12.833333333333334,1.0,1.0,0,0,1,18,0,1,1,0.2802021129995407,0.3400673400673401,0,4,1,2,1,1,1.25,0,0,0
1,0,0,1,0,6,6,6,11.833333333333334,1.0,1.0,0,0,1,20,0,1,1,0.2802021129995407,0.3400673400673401,0,2,1,3,1,1,1.5,0,0,0
1,0,0,1,0,6,5,6,12.8,0.8333333333333334,1.0,0,0,1,20,0,1,1,0.2802021129995407,0.3400673400673401,0,3,4,3,1,2,2.5,0,0,0
1,0,0,1,0,7,5,7,11.8,0.7142857142857143,1.0,0,0,1,21,1,1,1,0.55625,0.2786885245901639,1,1,3,3,2,2,2.5,1,0,0
1,0,0,1,0,5,5,7,15.8,1.0,1.4,0,0,1,20,0,1,1,0.2802021129995407,0.8653846153846154,0,1,1,3,1,2,1.75,0,0,0
1,0,0,1,0,6,6,9,14.666666666666666,1.0,1.5,0,0,1,20,0,1,1,0.2802021129995407,0.4337899543378995,0,1,3,3,2,2,2.5,0,0,0
1,0,0,1,0,6,4,10,12.5,0.6666666666666666,1.6666666666666667,0,0,1,19,0,1,1,0.55625,0.3423076923076923,1,1,1,1,1,1,1.0,0,0,0
1,0,0,1,0,5,3,7,12.0,0.6,1.4,0,0,1,19,0,1,1,0.2802021129995407,0.8653846153846154,0,1,3,1,2,2,2.0,0,0,0
1,1,0,2,0,6,3,6,12.666666666666666,0.5,1.0,0,0,1,18,0,1,1,0.2802021129995407,0.4337899543378995,0,1,1,3,1,2,1.75,0,0,0
1,1,0,2,0,6,5,7,13.6,0.8333333333333334,1.1666666666666667,0,0,0,18,0,1,1,0.2802021129995407,0.20967741935483872,0,1,1,1,1,1,1.0,0,0,0
1,0,0,1,0,6,6,6,12.5,1.0,1.0,0,0,0,18,0,1,1,0.2802021129995407,0.3400673400673401,0,5,3,3,1,1,2.0,0,0,0
1,0,1,0,0,6,6,7,13.333333333333334,1.0,1.1666666666666667,0,0,0,21,1,1,1,0.2802021129995407,0.20967741935483872,0,1,1,1,1,1,1.0,0,0,0
1,0,0,1,0,6,4,13,12.25,0.6666666666666666,2.1666666666666665,0,0,0,18,0,1,1,0.36666666666666664,0.3423076923076923,0,1,1,1,1,1,1.0,0,0,0
1,0,1,0,0,7,7,7,15.101428571428572,1.0,1.0,0,0,0,18,0,1,1,0.2802021129995407,0.17717717717717718,0,1,3,2,2,2,2.25,0,0,0
1,0,1,0,0,6,6,6,13.166666666666666,1.0,1.0,0,0,0,18,0,1,1,0.2802021129995407,0.20967741935483872,0,2,1,1,1,1,1.0,0,0,0
1,0,0,1,0,6,4,8,11.0,0.6666666666666666,1.3333333333333333,0,0,0,23,1,1,0,0.55625,0.36597938144329895,0,5,4,2,1,2,2.25,0,0,0
1,0,0,1,0,5,3,9,11.666666666666666,0.6,1.8,0,0,0,21,1,1,1,0.2802021129995407,0.4944649446494465,0,2,4,2,1,2,2.25,0,0,0
1,0,0,1,0,7,7,15,11.571428571428571,1.0,2.142857142857143,0,0,0,26,2,1,0,0.2802021129995407,0.36597938144329895,0,1,3,1,0,0,1.0,0,0,0
1,0,0,1,0,0,0,0,0.0,0.0,0.0,1,1,0,18,0,1,1,0.2802021129995407,0.4606741573033708,0,1,4,1,1,1,1.75,0,1,0
0,0,1,1,0,6,6,6,13.833333333333334,1.0,1.0,0,0,0,19,0,1,1,0.2802021129995407,0.4337899543378995,0,1,1,2,1,1,1.25,0,0,0
1,0,1,0,0,7,6,10,12.357142857142858,0.8571428571428571,1.4285714285714286,0,0,0,20,0,1,1,0.2802021129995407,0.17717717717717718,0,3,1,3,1,2,1.75,0,0,0
0,1,0,3,1,6,6,7,12.166666666666666,1.0,1.1666666666666667,0,0,0,19,0,1,1,0.2802021129995407,0.3400673400673401,0,3,1,2,1,1,1.25,0,0,0
1,0,0,1,0,10,9,14,12.416666666666666,0.9,1.4,0,0,0,33,3,1,1,0.55625,0.45714285714285713,0,1,1,1,2,2,1.5,0,0,0
1,0,0,1,0,5,4,7,12.75,0.8,1.4,0,0,0,18,0,1,1,0.2802021129995407,0.3423076923076923,0,2,4,1,2,2,2.25,0,0,0
1,0,0,1,0,21,18,33,14.933333333333334,0.8571428571428571,1.5714285714285714,0,0,0,21,1,1,1,0.55625,0.17717717717717718,2,1,1,3,1,2,1.75,0,0,0
1,0,0,1,0,6,6,6,13.0,1.0,1.0,0,0,0,19,0,1,1,0.2802021129995407,0.3400673400673401,0,1,4,2,1,2,2.25,0,0,0
1,0,0,1,0,7,7,10,14.455000000000002,1.0,1.4285714285714286,0,0,0,18,0,2,1,0.2802021129995407,0.17717717717717718,0,4,1,1,1,1,1.0,0,0,0
1,0,1,0,0,6,6,8,14.0,1.0,1.3333333333333333,0,0,0,18,0,1,1,0.2802021129995407,0.4337899543378995,0,1,3,2,2,2,2.25,0,0,0
1,0,1,0,0,6,6,6,13.5,1.0,1.0,0,0,0,20,0,1,1,0.2802021129995407,0.3400673400673401,0,3,1,1,2,2,1.5,0,0,0
0,0,0,2,0,6,0,0,0.0,0.0,0.0,1,1,0,20,0,1,1,0.2802021129995407,0.45714285714285713,0,2,1,1,2,2,1.5,0,2,1
1,0,1,0,0,6,6,6,11.666666666666666,1.0,1.0,0,0,0,20,0,1,0,0.2802021129995407,0.36597938144329895,0,2,1,3,1,1,1.5,0,0,0
1,0,1,0,0,5,4,6,12.0,0.8,1.2,0,0,0,19,0,1,1,0.2802021129995407,0.3423076923076923,0,1,3,1,2,1,1.75,0,0,0
1,0,1,0,0,6,6,7,11.714285714285714,1.0,1.1666666666666667,0,0,0,19,0,1,1,0.2802021129995407,0.20967741935483872,0,3,1,1,1,1,1.0,0,0,0
1,0,0,1,0,6,6,8,12.666666666666666,1.0,1.3333333333333333,0,0,0,21,1,1,1,0.2802021129995407,0.20967741935483872,0,3,2,3,1,2,2.0,0,0,0
1,0,0,1,0,6,0,0,0.0,0.0,0.0,1,1,0,21,1,1,1,0.2802021129995407,0.20967741935483872,0,1,1,1,1,2,1.25,0,1,0
1,0,0,1,0,8,7,8,12.328571428571427,0.875,1.0,0,0,0,18,0,1,1,0.2802021129995407,0.17717717717717718,0,4,1,1,1,1,1.0,0,0,0
1,0,0,1,0,7,6,14,11.666666666666666,0.8571428571428571,2.0,0,0,0,27,2,3,1,0.55625,0.5985915492957746,1,1,1,1,1,1,1.0,0,0,0
1,0,1,0,0,12,12,12,13.25,1.0,1.0,0,0,0,20,0,1,1,0.55625,0.2786885245901639,0,1,3,1,2,1,1.75,0,0,0
1,0,1,0,0,7,7,7,13.3,1.0,1.0,0,0,0,18,0,1,1,0.2802021129995407,0.4782608695652174,0,1,1,1,1,1,1.0,0,0,0
1,0,0,1,0,6,6,6,12.833333333333334,1.0,1.0,0,0,0,18,0,1,1,0.2802021129995407,0.3400673400673401,0,1,3,2,2,0,1.75,0,0,0
1,0,1,0,0,6,6,6,12.833333333333334,1.0,1.0,0,0,0,20,0,1,1,0.55625,0.20967741935483872,1,1,3,3,2,1,2.25,0,0,0
1,0,1,0,0,5,3,10,12.666666666666666,0.6,2.0,0,0,0,19,0,1,1,0.2802021129995407,0.3423076923076923,0,2,3,2,2,0,1.75,0,0,0
1,0,0,1,0,7,6,8,13.271428571428572,0.8571428571428571,1.1428571428571428,0,0,0,20,0,1,1,0.2802021129995407,0.17717717717717718,0,5,1,4,1,1,1.75,0,0,0
1,0,1,0,0,5,5,5,12.4,1.0,1.0,0,0,0,20,0,1,0,0.2802021129995407,0.6355140186915887,0,1,1,1,1,1,1.0,0,0,0
1,1,0,2,0,6,0,7,0.0,0.0,1.1666666666666667,1,0,0,19,0,1,1,0.2802021129995407,0.20967741935483872,0,3,1,3,1,0,1.25,0,2,0
1,0,0,1,0,6,6,7,14.285714285714286,1.0,1.1666666666666667,0,0,0,18,0,1,1,0.2802021129995407,0.3400673400673401,0,1,4,4,0,2,2.5,0,0,0
1,0,0,1,0,5,3,7,12.333333333333334,0.6,1.4,0,0,0,18,0,1,1,0.2802021129995407,0.3423076923076923,0,1,1,1,1,0,0.75,0,0,0
1,0,1,0,0,7,6,10,12.583333333333334,0.8571428571428571,1.4285714285714286,0,0,0,19,0,1,1,0.2802021129995407,0.17717717717717718,0,1,1,1,1,1,1.0,0,0,0
1,0,0,1,0,7,6,8,13.731666666666667,0.8571428571428571,1.1428571428571428,0,0,0,19,0,1,1,0.2802021129995407,0.17717717717717718,0,5,1,1,1,1,1.0,0,0,0
1,0,0,1,0,10,8,14,14.625,0.8,1.4,0,0,1,47,4,2,1,0.55625,0.2786885245901639,0,1,1,4,0,2,1.75,4,0,0
0,0,0,2,0,3,0,3,0.0,0.0,1.0,1,0,1,23,1,1,1,0.55625,0.4944649446494465,0,1,3,1,0,0,1.0,1,2,1
1,1,1,1,0,6,6,8,12.666666666666666,1.0,1.3333333333333333,0,0,0,19,0,1,1,0.2802021129995407,0.20967741935483872,0,1,1,2,1,1,1.25,0,0,0
1,0,0,1,0,8,6,11,12.491666666666667,0.75,1.375,0,0,0,20,0,1,1,0.55625,0.17717717717717718,0,1,4,4,1,1,2.5,0,0,0
1,0,1,0,0,12,12,12,13.666666666666666,1.0,1.0,0,0,0,19,0,1,1,0.2802021129995407,0.4606741573033708,0,1,3,4,2,2,2.75,0,0,0
1,0,0,1,0,6,6,13,16.0,1.0,2.1666666666666665,0,0,0,19,0,1,1,0.2802021129995407,0.3423076923076923,0,1,1,1,1,1,1.0,0,0,0
1,0,0,1,0,6,6,8,14.142857142857142,1.0,1.3333333333333333,0,0,0,19,0,1,1,0.55625,0.3423076923076923,1,1,1,1,2,1,1.25,0,0,0
1,1,1,1,0,6,6,9,11.833333333333334,1.0,1.5,0,0,0,39,4,1,0,0.55625,0.36597938144329895,1,1,1,2,2,0,1.25,0,0,0
1,0,1,0,0,6,6,6,12.666666666666666,1.0,1.0,0,0,0,20,0,1,1,0.2802021129995407,0.2786885245901639,0,1,3,3,2,1,2.25,0,0,0
1,0,0,1,0,6,6,6,12.5,1.0,1.0,0,0,0,21,1,1,1,0.2802021129995407,0.2786885245901639,0,1,1,2,1,2,1.5,0,0,0
0,1,0,3,1,11,9,16,10.88888888888889,0.8181818181818182,1.4545454545454546,0,0,0,22,1,1,1,0.55625,0.20967741935483872,0,5,1,2,1,1,1.25,0,0,0
1,0,0,1,0,6,1,11,13.0,0.16666666666666666,1.8333333333333333,0,0,0,19,0,1,1,0.2802021129995407,0.3400673400673401,0,2,1,1,1,0,0.75,0,0,0
1,0,0,1,0,6,6,6,15.166666666666666,1.0,1.0,0,0,0,22,1,1,1,0.2802021129995407,0.4337899543378995,0,1,3,2,2,0,1.75,0,0,0
1,0,1,0,0,6,6,8,12.666666666666666,1.0,1.3333333333333333,0,0,0,19,0,1,1,0.36666666666666664,0.5985915492957746,0,2,1,2,2,2,1.75,0,0,0
1,1,0,2,0,0,0,0,0.0,0.0,0.0,1,1,1,18,0,1,1,0.2802021129995407,0.4606741573033708,0,1,1,1,1,1,1.0,0,2,0
0,0,0,2,0,5,0,5,0.0,0.0,1.0,1,0,1,36,4,1,0,0.55625,0.6355140186915887,0,1,1,1,1,1,1.0,4,2,1
1,1,1,1,0,0,0,0,0.0,0.0,0.0,1,1,1,20,0,1,1,0.55625,0.4606741573033708,0,1,1,4,1,1,1.75,0,1,0
1,0,0,1,0,5,2,8,11.0,0.4,1.6,0,0,1,30,3,2,1,0.55625,0.4944649446494465,0,1,1,1,1,1,1.0,3,0,0
1,0,0,1,0,6,6,7,15.714285714285714,1.0,1.1666666666666667,0,0,1,24,2,1,1,0.55625,0.4941860465116279,0,1,3,3,2,0,2.0,2,0,0
1,0,0,1,0,15,11,15,10.818181818181818,0.7333333333333333,1.0,0,0,1,26,2,1,1,0.2802021129995407,0.4944649446494465,0,1,3,1,0,0,1.0,2,0,0
0,0,0,2,0,5,1,16,12.0,0.2,3.2,0,0,1,19,0,1,1,0.2802021129995407,0.4944649446494465,0,1,1,1,1,1,1.0,0,0,0
1,0,0,1,0,6,5,8,12.6,0.8333333333333334,1.3333333333333333,0,0,1,34,3,3,1,0.55625,0.20967741935483872,0,1,1,1,1,0,0.75,3,0,0
1,0,0,1,0,5,5,8,11.6,1.0,1.6,0,0,1,19,0,1,1,0.2802021129995407,0.4944649446494465,0,5,1,3,1,2,1.75,0,0,0
0,1,0,3,1,5,1,11,10.0,0.2,2.2,0,0,1,26,2,1,1,0.2802021129995407,0.8653846153846154,0,5,1,3,2,1,1.75,2,0,0
1,0,0,1,0,6,1,7,14.0,0.16666666666666666,1.1666666666666667,0,0,1,29,3,1,1,0.55625,0.4337899543378995,0,1,1,1,1,1,1.0,3,0,0
1,0,1,0,0,5,5,9,12.6,1.0,1.8,0,0,1,19,0,1,1,0.2802021129995407,0.8653846153846154,0,5,1,1,1,1,1.0,0,0,0
1,0,0,1,0,0,0,0,0.0,0.0,0.0,1,1,1,18,0,1,1,0.2802021129995407,0.4606741573033708,0,1,3,3,1,1,2.0,0,1,0
0,0,0,2,0,5,2,11,11.333333333333334,0.4,2.2,0,0,1,29,3,1,0,0.55625,0.6355140186915887,1,1,1,1,1,1,1.0,3,0,0
1,0,0,1,0,6,6,6,12.666666666666666,1.0,1.0,0,0,1,21,1,1,1,0.55625,0.45714285714285713,0,1,1,1,1,1,1.0,1,0,0
1,0,0,1,0,7,5,14,12.87857142857143,0.7142857142857143,2.0,0,0,1,20,0,1,1,0.2802021129995407,0.17717717717717718,0,1,1,1,1,0,0.75,0,0,0
1,0,0,1,0,5,0,5,0.0,0.0,1.0,1,0,1,18,0,1,1,0.2802021129995407,0.3423076923076923,0,1,4,3,1,1,2.25,0,1,0
1,0,0,1,0,5,0,0,0.0,0.0,0.0,1,1,1,20,0,1,1,0.2802021129995407,0.4944649446494465,0,1,3,3,2,1,2.25,0,1,0
1,0,1,0,0,5,0,11,0.0,0.0,2.2,1,0,1,30,3,1,1,0.55625,0.8653846153846154,0,1,1,1,1,1,1.0,3,0,0
1,0,0,1,0,6,6,6,14.166666666666666,1.0,1.0,0,0,1,19,0,1,1,0.55625,0.4337899543378995,0,2,1,1,2,1,1.25,0,0,0
1,0,0,1,0,5,5,7,13.4,1.0,1.4,0,0,1,30,3,1,1,0.55625,0.4944649446494465,0,1,3,2,1,2,2.0,3,0,0
1,0,1,0,0,5,5,8,11.2,1.0,1.6,0,0,1,22,1,1,1,0.2802021129995407,0.4944649446494465,0,1,1,3,1,1,1.5,1,0,0
1,0,0,1,0,0,0,0,0.0,0.0,0.0,1,1,1,22,1,1,1,0.2802021129995407,0.4606741573033708,0,3,1,1,1,0,0.75,1,1,0
0,1,0,3,1,6,6,6,12.666666666666666,1.0,1.0,0,0,1,19,0,1,1,0.2802021129995407,0.2786885245901639,0,4,3,3,1,0,1.75,0,0,0
1,0,0,1,0,5,3,7,12.333333333333334,0.6,1.4,0,0,1,21,1,1,1,0.2802021129995407,0.4337899543378995,0,2,3,2,1,2,2.0,1,0,0
1,0,0,1,0,5,4,7,12.25,0.8,1.4,0,0,1,21,1,1,1,0.2802021129995407,0.3423076923076923,0,4,1,1,2,2,1.5,1,0,0
1,1,1,1,0,0,0,0,0.0,0.0,0.0,1,1,1,21,1,1,1,0.55625,0.4606741573033708,1,1,1,1,1,1,1.0,1,1,0
1,0,0,1,0,5,3,13,10.75,0.6,2.6,0,0,1,27,2,1,1,0.55625,0.4944649446494465,0,1,3,2,2,1,2.0,2,0,0
1,0,0,1,0,7,0,7,0.0,0.0,1.0,1,0,1,32,3,1,1,0.55625,0.8888888888888888,0,1,1,1,1,1,1.0,3,1,0
0,1,0,3,1,6,0,13,0.0,0.0,2.1666666666666665,1,0,1,40,4,1,1,0.55625,0.4337899543378995,1,1,1,3,1,2,1.75,4,3,1
1,0,0,1,0,5,2,8,11.5,0.4,1.6,0,0,1,20,0,1,1,0.55625,0.65,1,1,4,4,1,0,2.25,0,0,0
1,0,0,1,0,0,0,0,0.0,0.0,0.0,1,1,1,18,0,1,1,0.2802021129995407,0.4606741573033708,0,3,1,1,1,1,1.0,0,1,0
1,0,0,1,0,5,2,11,10.5,0.4,2.2,0,0,1,21,1,1,1,0.55625,0.4944649446494465,0,1,3,1,1,1,1.5,1,0,0
1,0,0,1,0,6,6,6,13.5,1.0,1.0,0,0,1,18,0,1,1,0.2802021129995407,0.4337899543378995,0,1,1,1,1,1,1.0,0,0,0
0,0,0,2,0,6,1,6,10.0,0.16666666666666666,1.0,0,0,1,30,3,3,1,0.6412213740458015,0.2786885245901639,2,1,1,1,1,1,1.0,3,0,0
1,0,0,1,0,6,0,17,0.0,0.0,2.8333333333333335,1,0,1,29,3,1,1,0.55625,0.4941860465116279,1,1,1,3,1,1,1.5,3,1,0
1,1,0,2,0,5,1,10,12.0,0.2,2.0,0,0,1,18,0,1,1,0.2802021129995407,0.8653846153846154,0,2,3,3,2,2,2.5,0,0,0
1,0,1,0,0,5,4,6,12.25,0.8,1.2,0,0,1,18,0,1,1,0.2802021129995407,0.4337899543378995,0,2,3,3,1,1,2.0,0,0,0
1,0,0,1,0,10,5,21,11.4,0.5,2.1,0,0,1,22,1,1,1,0.55625,0.4941860465116279,1,1,3,3,2,0,2.0,1,0,0
0,0,0,2,0,5,0,5,0.0,0.0,1.0,1,0,1,27,2,1,0,0.55625,0.6355140186915887,0,2,1,1,1,1,1.0,2,2,1
1,0,0,1,0,6,4,8,14.25,0.6666666666666666,1.3333333333333333,0,0,1,20,0,1,1,0.2802021129995407,0.4337899543378995,0,5,1,3,1,1,1.5,0,0,0
1,0,0,1,0,12,11,12,14.454545454545457,0.9166666666666666,1.0,0,0,1,42,4,1,0,0.55625,0.36597938144329895,2,1,1,1,1,0,0.75,4,0,0
1,1,0,2,0,12,12,13,14.538461538461538,1.0,1.0833333333333333,0,0,1,21,1,1,1,0.2802021129995407,0.4941860465116279,0,1,1,1,2,1,1.25,1,0,0
1,0,0,1,0,7,6,10,12.733333333333334,0.8571428571428571,1.4285714285714286,0,0,1,23,1,1,1,0.55625,0.17717717717717718,0,1,3,1,1,1,1.5,1,0,0
1,0,0,1,0,12,5,13,13.2,0.4166666666666667,1.0833333333333333,0,0,1,21,1,1,1,0.55625,0.2786885245901639,0,1,1,1,1,1,1.0,1,0,0
1,0,0,1,0,0,0,0,0.0,0.0,0.0,1,1,1,19,0,1,1,0.2802021129995407,0.4606741573033708,0,3,4,4,1,1,2.5,0,1,0
1,0,1,0,0,6,6,7,12.333333333333334,1.0,1.1666666666666667,0,0,1,40,4,2,1,0.55625,0.20967741935483872,0,1,1,1,1,1,1.0,4,0,0
1,0,0,1,0,9,5,9,11.2,0.5555555555555556,1.0,0,0,1,22,1,1,1,0.55625,0.4944649446494465,0,1,1,3,1,1,1.5,1,0,0
1,0,0,1,0,7,6,7,13.2,0.8571428571428571,1.0,0,0,1,19,0,1,1,0.2802021129995407,0.17717717717717718,0,2,1,1,1,1,1.0,0,0,0
1,0,0,1,0,5,5,5,13.6,1.0,1.0,0,0,1,18,0,1,1,0.2802021129995407,0.8653846153846154,0,4,4,3,1,2,2.5,0,0,0
1,0,0,1,0,5,0,10,0.0,0.0,2.0,1,0,1,18,0,1,1,0.2802021129995407,0.8653846153846154,0,3,1,1,1,1,1.0,0,1,0
1,0,0,1,0,6,5,11,12.857142857142858,0.8333333333333334,1.8333333333333333,0,0,1,24,2,1,1,0.55625,0.4337899543378995,0,1,4,3,2,0,2.25,2,0,0
1,0,1,0,0,6,5,9,13.5,0.8333333333333334,1.5,0,0,0,19,0,1,1,0.2802021129995407,0.4337899543378995,0,1,1,1,1,1,1.0,0,0,0
1,0,0,1,0,6,0,12,0.0,0.0,2.0,1,0,0,18,0,1,1,0.2802021129995407,0.5985915492957746,0,3,1,3,2,0,1.5,0,1,0
0,0,0,2,0,0,0,0,0.0,0.0,0.0,1,1,0,19,0,1,1,0.2802021129995407,0.4606741573033708,0,1,4,3,2,2,2.75,0,2,1
1,0,1,0,0,8,8,8,12.82875,1.0,1.0,0,0,0,19,0,1,1,0.2802021129995407,0.17717717717717718,0,1,3,3,2,2,2.5,0,0,0
1,0,0,1,0,5,0,6,0.0,0.0,1.2,1,0,0,21,1,1,1,0.55625,0.65,0,1,1,4,2,1,2.0,0,1,0
1,1,0,2,0,7,0,0,0.0,0.0,0.0,1,1,0,18,0,1,1,0.2802021129995407,0.17717717717717718,0,3,3,2,2,1,2.0,0,2,0
1,0,0,1,0,6,6,6,14.666666666666666,1.0,1.0,0,0,0,19,0,1,1,0.2802021129995407,0.2786885245901639,0,4,4,2,1,1,2.0,0,0,0
1,0,0,1,0,8,7,8,13.937142857142858,0.875,1.0,0,0,0,19,0,1,1,0.2802021129995407,0.17717717717717718,0,2,1,1,1,1,1.0,0,0,0
1,0,0,1,0,12,10,12,14.7,0.8333333333333334,1.0,0,0,0,20,0,1,1,0.2802021129995407,0.2786885245901639,0,1,4,3,1,0,2.0,0,0,0
1,0,0,1,0,6,6,6,11.666666666666666,1.0,1.0,0,0,0,18,0,1,1,0.2802021129995407,0.3400673400673401,0,2,3,3,1,2,2.25,0,0,0
1,0,0,1,0,7,6,7,14.85,0.8571428571428571,1.0,0,0,0,20,0,1,1,0.55625,0.17717717717717718,2,4,1,1,1,1,1.0,0,0,0
1,0,0,1,0,5,1,11,12.0,0.2,2.2,0,0,0,26,2,1,1,0.55625,0.3423076923076923,1,1,1,1,1,0,0.75,0,0,0
1,0,0,1,0,7,7,8,13.6875,1.0,1.1428571428571428,0,0,0,18,0,1,1,0.55625,0.17717717717717718,0,4,4,3,2,2,2.75,0,0,0
1,0,0,1,0,6,5,14,12.4,0.8333333333333334,2.3333333333333335,0,0,0,58,4,1,0,0.55625,0.36597938144329895,0,1,1,1,1,1,1.0,0,0,0
1,0,0,1,0,7,7,10,13.398,1.0,1.4285714285714286,0,0,0,18,0,1,1,0.2802021129995407,0.17717717717717718,0,2,3,4,2,2,2.75,0,0,0
1,0,0,1,0,5,0,0,0.0,0.0,0.0,1,1,0,20,0,1,0,0.2802021129995407,0.6355140186915887,0,1,1,1,2,1,1.25,0,1,0
1,0,0,1,0,15,13,19,11.76923076923077,0.8666666666666667,1.2666666666666666,0,0,0,29,3,1,1,0.36666666666666664,0.4944649446494465,0,1,1,1,1,1,1.0,0,0,0
0,1,0,3,1,6,0,8,0.0,0.0,1.3333333333333333,1,0,0,27,2,1,1,0.6412213740458015,0.20967741935483872,2,1,3,3,2,0,2.0,0,3,1
1,0,1,0,0,6,6,8,13.285714285714286,1.0,1.3333333333333333,0,0,0,21,1,1,1,0.2802021129995407,0.3423076923076923,0,1,1,1,1,1,1.0,0,0,0
1,0,1,0,0,6,6,6,11.666666666666666,1.0,1.0,0,0,0,20,0,1,1,0.2802021129995407,0.20967741935483872,0,1,3,2,2,1,2.0,0,0,0
1,0,1,0,0,6,6,13,11.5,1.0,2.1666666666666665,0,0,0,19,0,1,1,0.2802021129995407,0.20967741935483872,0,1,1,1,2,1,1.25,0,0,0
1,0,1,0,0,7,6,9,13.081666666666669,0.8571428571428571,1.2857142857142858,0,0,0,22,1,1,1,0.2802021129995407,0.17717717717717718,0,1,1,1,2,2,1.5,0,0,0
1,0,1,0,0,6,6,6,12.666666666666666,1.0,1.0,0,0,0,19,0,1,1,0.55625,0.2786885245901639,0,3,1,1,1,1,1.0,0,0,0
0,1,0,3,1,6,3,6,11.333333333333334,0.5,1.0,0,0,0,19,0,1,1,0.2802021129995407,0.3400673400673401,0,1,1,3,1,1,1.5,0,0,0
1,0,1,0,0,6,6,6,13.166666666666666,1.0,1.0,0,0,0,18,0,1,1,0.2802021129995407,0.3400673400673401,0,3,3,3,2,2,2.5,0,0,0
1,0,0,1,0,6,0,0,0.0,0.0,0.0,1,1,0,19,0,1,1,0.55625,0.65,1,1,3,2,2,1,2.0,0,1,0
1,0,0,1,0,6,5,10,11.666666666666666,0.8333333333333334,1.6666666666666667,0,0,0,20,0,1,1,0.55625,0.4941860465116279,1,1,3,3,2,2,2.5,0,0,0
1,0,1,0,0,6,6,6,13.5,1.0,1.0,0,0,0,19,0,1,1,0.2802021129995407,0.20967741935483872,0,4,3,1,1,1,1.5,0,0,0
0,1,1,2,1,6,0,7,0.0,0.0,1.1666666666666667,1,0,0,26,2,1,1,0.55625,0.3423076923076923,1,1,1,1,1,1,1.0,0,2,1
1,0,1,0,0,6,6,6,13.166666666666666,1.0,1.0,0,0,0,18,0,1,1,0.2802021129995407,0.20967741935483872,0,1,3,2,2,1,2.0,0,0,0
1,1,0,2,0,5,4,11,12.5,0.8,2.2,0,0,0,29,3,1,1,0.2802021129995407,0.3423076923076923,0,1,1,1,2,1,1.25,0,0,0
0,0,0,2,0,6,6,10,13.375,1.0,1.6666666666666667,0,0,0,20,0,1,1,0.55625,0.4941860465116279,1,1,4,3,1,2,2.5,0,0,0
1,0,0,1,0,6,6,6,13.166666666666666,1.0,1.0,0,0,0,19,0,1,1,0.2802021129995407,0.2786885245901639,0,1,1,4,1,2,2.0,0,0,0
1,0,0,1,0,8,7,8,13.154285714285717,0.875,1.0,0,0,0,18,0,1,1,0.55625,0.17717717717717718,0,1,4,4,1,1,2.5,0,0,0
1,0,1,0,0,6,6,6,12.833333333333334,1.0,1.0,0,0,0,19,0,1,1,0.2802021129995407,0.2786885245901639,0,3,3,1,2,1,1.75,0,0,0
1,0,0,1,0,7,7,10,12.142857142857142,1.0,1.4285714285714286,0,0,0,18,0,1,1,0.2802021129995407,0.5985915492957746,0,2,3,2,1,1,1.75,0,0,0
1,0,0,1,0,10,4,15,13.0,0.4,1.5,0,0,0,36,4,1,0,0.6412213740458015,0.36597938144329895,1,1,1,2,1,2,1.5,0,0,0
1,0,0,1,0,0,0,0,0.0,0.0,0.0,1,1,1,20,0,1,1,0.2802021129995407,0.4606741573033708,0,2,3,3,1,2,2.25,0,1,0
1,0,0,1,0,6,5,9,11.0,0.8333333333333334,1.5,0,0,1,18,0,1,1,0.2802021129995407,0.20967741935483872,0,1,1,1,1,1,1.0,0,0,0
0,1,0,3,1,9,3,9,13.333333333333334,0.3333333333333333,1.0,0,0,1,20,0,1,1,0.2802021129995407,0.20967741935483872,0,1,3,1,2,1,1.75,0,0,0
1,0,0,1,0,7,7,9,14.594444444444443,1.0,1.2857142857142858,0,0,1,18,0,1,1,0.2802021129995407,0.17717717717717718,0,2,1,2,2,1,1.5,0,0,0
1,1,0,2,0,6,4,9,11.0,0.6666666666666666,1.5,0,0,1,20,0,1,1,0.55625,0.65,1,1,4,3,2,2,2.75,0,0,0
0,1,0,3,1,5,0,8,0.0,0.0,1.6,1,0,1,24,2,1,1,0.55625,0.8653846153846154,0,1,1,3,0,2,1.5,2,3,1
1,0,0,1,0,6,0,6,0.0,0.0,1.0,1,0,1,19,0,1,1,0.2802021129995407,0.3400673400673401,0,1,1,1,1,1,1.0,0,1,0
1,0,0,1,0,5,1,9,12.0,0.2,1.8,0,0,1,18,0,1,1,0.2802021129995407,0.8653846153846154,0,1,1,2,1,1,1.25,0,0,0
1,0,0,1,0,5,5,8,14.0,1.0,1.6,0,0,1,18,0,1,1,0.2802021129995407,0.8653846153846154,0,3,4,1,1,1,1.75,0,0,0
1,0,0,1,0,6,6,8,13.571428571428571,1.0,1.3333333333333333,0,0,1,18,0,1,1,0.2802021129995407,0.45714285714285713,0,1,3,2,2,2,2.25,0,0,0
1,0,0,1,0,6,0,12,0.0,0.0,2.0,1,0,1,22,1,1,1,0.55625,0.4337899543378995,0,2,4,2,1,1,2.0,1,1,0
1,0,0,1,0,6,6,8,14.25,1.0,1.3333333333333333,0,0,1,19,0,1,1,0.2802021129995407,0.4337899543378995,0,1,1,1,1,1,1.0,0,0,0
0,1,0,3,1,6,0,7,0.0,0.0,1.1666666666666667,1,0,0,32,3,2,1,0.55625,0.3423076923076923,1,1,3,1,1,2,1.75,0,3,1
1,0,1,0,0,6,0,12,0.0,0.0,2.0,1,0,0,21,1,1,1,0.2802021129995407,0.5985915492957746,0,1,3,2,0,2,1.75,0,0,0
1,0,1,0,0,8,7,8,13.542857142857144,0.875,1.0,0,0,0,19,0,1,1,0.55625,0.17717717717717718,0,1,1,1,2,2,1.5,0,0,0
1,0,1,0,0,9,9,9,13.11111111111111,1.0,1.0,0,0,0,39,4,3,0,0.55625,0.36597938144329895,0,1,1,1,1,1,1.0,0,0,0
1,0,0,1,0,9,9,11,12.666666666666666,1.0,1.2222222222222223,0,0,0,30,3,1,0,0.55625,0.36597938144329895,2,1,3,1,0,0,1.0,0,0,0
1,0,0,1,0,5,4,10,10.75,0.8,2.0,0,0,0,18,0,1,1,0.2802021129995407,0.4944649446494465,0,1,3,2,1,1,1.75,0,0,0
1,0,0,1,0,10,4,14,10.75,0.4,1.4,0,0,0,38,4,2,0,0.55625,0.6355140186915887,0,1,1,1,1,1,1.0,0,0,0
1,0,0,1,0,6,6,6,13.666666666666666,1.0,1.0,0,0,0,20,0,1,1,0.2802021129995407,0.2786885245901639,0,3,3,1,1,1,1.5,0,0,0
1,0,0,1,0,6,6,6,13.833333333333334,1.0,1.0,0,0,0,55,4,1,0,0.55625,0.36597938144329895,1,1,3,1,0,0,1.0,0,0,0
1,0,0,1,0,18,17,18,13.176470588235292,0.9444444444444444,1.0,0,0,0,53,4,3,1,0.36666666666666664,0.2786885245901639,2,1,3,1,0,0,1.0,0,0,0
1,0,0,1,0,6,4,8,12.75,0.6666666666666666,1.3333333333333333,0,0,0,54,4,2,0,0.55625,0.36597938144329895,0,1,3,1,0,0,1.0,0,0,0
0,1,0,3,1,8,4,12,12.0,0.5,1.5,0,0,0,44,4,1,0,0.55625,0.36597938144329895,0,1,1,1,1,1,1.0,0,0,0
1,0,0,1,0,11,9,11,11.666666666666666,0.8181818181818182,1.0,0,0,0,28,3,1,1,0.55625,0.20967741935483872,0,1,1,1,1,2,1.25,0,0,0
1,0,0,1,0,14,14,14,16.5,1.0,1.0,0,0,0,37,4,1,0,0.6412213740458015,0.36597938144329895,1,1,1,2,1,2,1.5,0,0,0
1,0,0,1,0,10,9,14,12.333333333333334,0.9,1.4,0,0,0,20,0,1,1,0.55625,0.20967741935483872,0,1,1,1,0,0,0.5,0,0,0
1,0,0,1,0,6,4,9,11.5,0.6666666666666666,1.5,0,0,1,19,0,1,1,0.2802021129995407,0.20967741935483872,0,1,1,2,1,1,1.25,0,0,0
1,0,1,0,0,18,18,19,11.894736842105264,1.0,1.0555555555555556,0,0,1,23,1,1,1,0.2802021129995407,0.4941860465116279,0,1,1,1,1,1,1.0,1,0,0
1,0,0,1,0,6,0,0,0.0,0.0,0.0,1,1,1,22,1,1,1,0.2802021129995407,0.20967741935483872,0,1,1,1,2,2,1.5,1,1,0
0,0,0,2,0,6,0,0,0.0,0.0,0.0,1,1,1,24,2,1,1,0.55625,0.45714285714285713,0,1,4,2,2,1,2.25,2,2,1
1,0,0,1,0,6,0,9,0.0,0.0,1.5,1,0,1,26,2,1,1,0.55625,0.4941860465116279,0,1,3,1,1,2,1.75,2,1,0
1,0,0,1,0,6,6,6,15.166666666666666,1.0,1.0,0,0,1,18,0,1,1,0.2802021129995407,0.3400673400673401,0,5,1,1,1,1,1.0,0,0,0
1,0,0,1,0,6,4,8,11.75,0.6666666666666666,1.3333333333333333,0,0,1,24,2,1,1,0.55625,0.65,1,1,1,2,1,1,1.25,2,0,0
1,0,0,1,0,0,0,0,0.0,0.0,0.0,1,1,1,26,2,1,1,0.2802021129995407,0.4606741573033708,0,1,3,1,1,1,1.5,2,1,0
1,0,0,1,0,6,3,11,11.333333333333334,0.5,1.8333333333333333,0,0,1,27,2,1,1,0.55625,0.45714285714285713,1,1,1,1,1,2,1.25,2,0,0
1,0,1,0,0,6,5,10,12.6,0.8333333333333334,1.6666666666666667,0,0,1,20,0,1,1,0.55625,0.4941860465116279,1,1,1,1,1,2,1.25,0,0,0
1,0,0,1,0,5,0,10,0.0,0.0,2.0,1,0,1,19,0,1,1,0.2802021129995407,0.8653846153846154,0,1,1,3,2,0,1.5,0,1,0
1,0,1,0,0,6,6,8,15.5,1.0,1.3333333333333333,0,0,1,18,0,1,1,0.2802021129995407,0.3423076923076923,0,1,1,1,2,1,1.25,0,0,0
1,0,0,1,0,8,7,8,12.365714285714288,0.875,1.0,0,0,1,18,0,1,1,0.2802021129995407,0.17717717717717718,0,3,3,3,2,2,2.5,0,0,0
1,0,0,1,0,6,0,0,0.0,0.0,0.0,1,1,1,19,0,1,1,0.2802021129995407,0.20967741935483872,0,1,1,2,1,0,1.0,0,1,0
1,0,1,0,0,6,4,10,14.0,0.6666666666666666,1.6666666666666667,0,0,1,19,0,1,1,0.2802021129995407,0.3400673400673401,0,1,3,2,2,2,2.25,0,0,0
1,0,0,1,0,12,3,12,12.0,0.25,1.0,0,0,1,30,3,2,1,0.55625,0.4941860465116279,0,1,4,4,1,2,2.75,3,0,0
0,0,0,2,0,4,0,4,0.0,0.0,1.0,1,0,1,22,1,1,1,0.55625,0.3400673400673401,0,1,3,4,1,2,2.5,1,2,1
0,0,0,2,0,5,4,13,10.0,0.8,2.6,0,0,1,19,0,1,1,0.2802021129995407,0.4944649446494465,0,1,4,1,1,1,1.75,0,0,0
1,0,0,1,0,5,1,9,10.0,0.2,1.8,0,0,1,21,1,1,1,0.2802021129995407,0.4944649446494465,0,1,1,3,1,1,1.5,1,0,0
0,0,0,2,0,0,0,0,0.0,0.0,0.0,1,1,1,22,1,1,1,0.2802021129995407,0.4606741573033708,0,2,1,1,1,1,1.0,1,2,1
1,0,0,1,0,6,3,13,11.75,0.5,2.1666666666666665,0,0,1,35,3,1,1,0.55625,0.4941860465116279,1,1,4,3,1,1,2.25,3,0,0
1,0,0,1,0,5,1,8,10.0,0.2,1.6,0,0,1,20,0,1,1,0.2802021129995407,0.4944649446494465,0,2,1,1,1,1,1.0,0,0,0
1,0,0,1,0,5,3,8,14.0,0.6,1.6,0,0,1,21,1,1,1,0.2802021129995407,0.65,0,1,4,3,2,1,2.5,1,0,0
0,1,0,3,1,5,0,5,0.0,0.0,1.0,1,0,1,27,2,1,1,0.55625,0.3423076923076923,1,1,3,1,0,0,1.0,2,3,1
0,0,0,2,0,6,3,12,12.0,0.5,2.0,0,0,1,26,2,1,1,0.55625,0.3400673400673401,0,1,1,1,1,1,1.0,2,0,0
0,0,0,2,0,6,0,10,0.0,0.0,1.6666666666666667,1,0,1,20,0,1,1,0.2802021129995407,0.3400673400673401,0,1,3,1,2,2,2.0,0,2,1
0,1,0,3,1,10,8,19,11.88888888888889,0.8,1.9,0,0,1,28,3,1,1,0.55625,0.4941860465116279,0,1,1,1,2,2,1.5,3,0,0
1,0,0,1,0,6,6,6,13.833333333333334,1.0,1.0,0,0,1,19,0,1,1,0.2802021129995407,0.3400673400673401,0,3,1,1,1,1,1.0,0,0,0
0,0,0,2,0,5,0,5,0.0,0.0,1.0,1,0,1,47,4,1,0,0.55625,0.6355140186915887,0,1,1,2,1,1,1.25,4,2,1
0,0,0,2,0,6,5,8,11.4,0.8333333333333334,1.3333333333333333,0,0,1,55,4,3,1,0.55625,0.3400673400673401,1,1,1,1,2,1,1.25,4,0,0
1,0,0,1,0,6,0,8,0.0,0.0,1.3333333333333333,1,0,1,39,4,1,1,0.55625,0.4941860465116279,0,1,1,1,1,1,1.0,4,1,0
1,1,0,2,0,17,14,17,10.642857142857142,0.8235294117647058,1.0,0,0,1,35,3,2,1,0.2802021129995407,0.4941860465116279,0,1,1,1,1,1,1.0,3,0,0
0,0,0,2,0,6,2,10,11.0,0.3333333333333333,1.6666666666666667,0,0,1,32,3,1,1,0.55625,0.20967741935483872,0,1,1,1,0,2,1.0,3,0,0
1,0,0,1,0,6,6,6,16.833333333333332,1.0,1.0,0,0,1,20,0,1,1,0.2802021129995407,0.3400673400673401,0,4,4,1,1,1,1.75,0,0,0
1,0,0,1,0,6,6,8,13.571428571428571,1.0,1.3333333333333333,0,0,1,36,4,1,1,0.55625,0.45714285714285713,0,1,1,1,1,1,1.0,4,0,0
1,1,1,1,0,5,5,11,14.714285714285714,1.0,2.2,0,0,1,34,3,1,0,0.55625,0.6355140186915887,1,1,1,2,1,0,1.0,3,0,0
1,0,0,1,0,5,0,8,0.0,0.0,1.6,1,0,1,21,1,1,1,0.2802021129995407,0.4337899543378995,0,1,1,2,0,1,1.0,1,1,0
1,0,1,0,0,5,1,14,10.0,0.2,2.8,0,0,1,42,4,1,0,0.55625,0.6355140186915887,0,1,1,2,2,0,1.25,4,0,0
1,0,0,1,0,6,1,15,11.0,0.16666666666666666,2.5,0,0,1,25,2,1,1,0.55625,0.4941860465116279,1,1,1,2,1,1,1.25,2,0,0
1,0,1,0,0,6,1,6,11.0,0.16666666666666666,1.0,0,0,1,18,0,1,1,0.55625,0.3400673400673401,0,1,1,1,2,1,1.25,0,0,0
1,0,1,0,0,6,5,6,12.0,0.8333333333333334,1.0,0,0,1,18,0,1,1,0.2802021129995407,0.3400673400673401,0,1,1,1,1,1,1.0,0,0,0
1,0,0,1,0,6,6,10,11.125,1.0,1.6666666666666667,0,0,1,19,0,1,1,0.2802021129995407,0.20967741935483872,0,2,1,2,1,1,1.25,0,0,0
0,1,0,3,1,6,3,13,11.333333333333334,0.5,2.1666666666666665,0,0,1,34,3,1,1,0.55625,0.3423076923076923,0,1,4,2,2,2,2.5,3,0,0
1,0,0,1,0,6,2,15,12.0,0.3333333333333333,2.5,0,0,1,20,0,1,1,0.2802021129995407,0.3400673400673401,0,2,3,3,2,1,2.25,0,0,0
1,0,0,1,0,7,0,8,0.0,0.0,1.1428571428571428,1,0,1,20,0,1,1,0.2802021129995407,0.17717717717717718,0,1,1,1,1,1,1.0,0,1,0
1,0,0,1,0,8,7,8,14.54,0.875,1.0,0,0,1,21,1,1,1,0.2802021129995407,0.17717717717717718,0,1,1,2,2,1,1.5,1,0,0
1,0,0,1,0,6,6,9,12.166666666666666,1.0,1.5,0,0,1,19,0,1,1,0.55625,0.4941860465116279,1,1,3,2,2,0,1.75,0,0,0
0,1,0,3,1,5,4,13,13.5,0.8,2.6,0,0,1,31,3,1,1,0.55625,0.3423076923076923,0,1,3,3,2,2,2.5,3,0,0
1,0,0,1,0,6,6,8,14.75,1.0,1.3333333333333333,0,0,1,21,1,1,1,0.2802021129995407,0.4337899543378995,0,1,3,1,2,1,1.75,1,0,0
1,0,1,0,0,5,5,8,12.375,1.0,1.6,0,0,1,20,0,1,1,0.2802021129995407,0.4944649446494465,0,1,1,1,1,1,1.0,0,0,0
1,0,0,1,0,7,6,7,12.733333333333334,0.8571428571428571,1.0,0,0,1,22,1,1,1,0.55625,0.17717717717717718,2,2,3,2,2,0,1.75,1,0,0
0,0,0,2,0,6,4,9,12.5,0.6666666666666666,1.5,0,0,1,19,0,1,1,0.2802021129995407,0.2786885245901639,0,2,1,2,2,2,1.75,0,0,0
0,1,0,3,1,5,0,5,0.0,0.0,1.0,1,0,1,41,4,1,1,0.55625,0.65,0,1,3,3,0,1,1.75,4,3,1
1,0,0,1,0,7,0,7,0.0,0.0,1.0,1,0,1,27,2,1,1,0.55625,0.17717717717717718,1,1,3,1,0,0,1.0,2,1,0
1,0,0,1,0,7,7,7,13.44285714285714,1.0,1.0,0,0,0,19,0,1,1,0.2802021129995407,0.17717717717717718,0,1,3,3,2,0,2.0,0,0,0
1,0,1,0,0,8,8,8,14.2,1.0,1.0,0,0,0,20,0,1,1,0.55625,0.17717717717717718,0,2,3,3,2,2,2.5,0,0,0
1,0,1,0,0,7,6,7,13.55,0.8571428571428571,1.0,0,0,0,19,0,1,1,0.55625,0.17717717717717718,2,4,1,1,1,1,1.0,0,0,0
1,0,0,1,0,5,5,5,11.6,1.0,1.0,0,0,0,35,3,2,0,0.55625,0.6355140186915887,0,1,1,1,1,1,1.0,0,0,0
1,0,0,1,0,6,6,7,13.571428571428571,1.0,1.1666666666666667,0,0,0,22,1,1,1,0.2802021129995407,0.3400673400673401,0,5,1,1,1,2,1.25,0,0,0
1,0,1,0,0,6,6,6,13.833333333333334,1.0,1.0,0,0,0,20,0,1,1,0.2802021129995407,0.45714285714285713,0,2,3,2,1,1,1.75,0,0,0
0,1,0,3,1,6,4,7,11.25,0.6666666666666666,1.1666666666666667,0,0,0,18,0,1,1,0.2802021129995407,0.4337899543378995,0,1,1,1,1,1,1.0,0,0,0
1,0,1,0,0,6,5,7,10.2,0.8333333333333334,1.1666666666666667,0,0,0,18,0,1,1,0.2802021129995407,0.20967741935483872,0,1,1,1,1,1,1.0,0,0,0
1,0,0,1,0,8,7,8,15.675714285714283,0.875,1.0,0,0,0,30,3,1,1,0.6412213740458015,0.17717717717717718,2,1,3,1,1,1,1.5,0,0,0
1,1,1,1,0,6,6,9,10.833333333333334,1.0,1.5,0,0,0,18,0,1,1,0.55625,0.20967741935483872,0,1,1,1,1,1,1.0,0,0,0
1,0,0,1,0,5,5,7,13.0,1.0,1.4,0,0,0,19,0,1,1,0.2802021129995407,0.3423076923076923,0,1,1,1,1,2,1.25,0,0,0
1,0,1,0,0,7,7,7,12.242857142857144,1.0,1.0,0,0,0,21,1,1,1,0.2802021129995407,0.4782608695652174,0,2,3,1,2,1,1.75,0,0,0
1,0,1,0,0,5,4,11,14.25,0.8,2.2,0,0,0,18,0,1,1,0.2802021129995407,0.4944649446494465,0,3,3,3,1,1,2.0,0,0,0
0,0,0,2,0,5,1,14,12.0,0.2,2.8,0,0,0,35,3,3,1,0.55625,0.3423076923076923,0,1,1,1,0,0,0.5,0,0,0
1,0,1,0,0,7,6,7,13.183333333333332,0.8571428571428571,1.0,0,0,1,18,0,1,1,0.2802021129995407,0.17717717717717718,0,1,1,1,1,1,1.0,0,0,0
1,0,1,0,0,7,7,8,11.9725,1.0,1.1428571428571428,0,0,1,20,0,1,1,0.2802021129995407,0.17717717717717718,0,1,1,3,1,2,1.75,0,0,0
1,0,0,1,0,6,5,7,12.4,0.8333333333333334,1.1666666666666667,0,0,0,34,3,2,1,0.55625,0.45714285714285713,0,1,1,1,2,1,1.25,0,0,0
1,0,1,0,0,7,6,7,13.9,0.8571428571428571,1.0,0,0,0,22,1,1,1,0.2802021129995407,0.17717717717717718,0,3,1,1,1,1,1.0,0,0,0
0,0,0,2,0,5,3,12,10.666666666666666,0.6,2.4,0,0,0,39,4,2,1,0.55625,0.4944649446494465,0,1,1,1,2,1,1.25,0,0,0
0,0,0,2,0,7,0,14,0.0,0.0,2.0,1,0,0,19,0,1,1,0.55625,0.17717717717717718,0,5,1,1,1,1,1.0,0,2,1
1,0,1,0,0,6,6,10,11.0,1.0,1.6666666666666667,0,0,0,36,4,3,1,0.55625,0.45714285714285713,0,1,1,1,1,1,1.0,0,0,0
1,0,1,0,0,8,7,8,13.957142857142856,0.875,1.0,0,0,0,21,1,1,1,0.2802021129995407,0.17717717717717718,0,2,1,1,1,1,1.0,0,0,0
1,1,1,1,0,6,6,8,13.333333333333334,1.0,1.3333333333333333,0,0,0,42,4,2,1,0.55625,0.20967741935483872,0,1,1,1,1,1,1.0,0,0,0
1,0,0,1,0,5,0,5,0.0,0.0,1.0,1,0,0,34,3,1,1,0.55625,0.8653846153846154,0,1,1,1,0,0,0.5,0,1,0
1,0,0,1,0,6,6,7,15.714285714285714,1.0,1.1666666666666667,0,0,0,33,3,2,0,0.55625,0.36597938144329895,1,1,1,2,1,0,1.0,0,0,0
1,0,0,1,0,6,5,8,11.0,0.8333333333333334,1.3333333333333333,0,0,0,20,0,1,1,0.2802021129995407,0.45714285714285713,0,4,3,2,1,2,2.0,0,0,0
1,1,0,2,0,5,4,8,12.25,0.8,1.6,0,0,0,19,0,1,1,0.2802021129995407,0.4337899543378995,0,2,3,1,0,1,1.25,0,0,0
1,1,0,2,0,10,5,25,12.2,0.5,2.5,0,0,0,34,3,2,0,0.55625,0.6355140186915887,2,1,1,2,1,2,1.5,0,0,0
1,0,0,1,0,5,5,6,13.0,1.0,1.2,0,0,0,18,0,1,1,0.2802021129995407,0.4944649446494465,0,1,1,1,1,2,1.25,0,0,0
1,0,1,0,0,6,4,11,12.0,0.6666666666666666,1.8333333333333333,0,0,0,24,2,1,0,0.2802021129995407,0.36597938144329895,0,1,1,1,2,2,1.5,0,0,0
1,0,0,1,0,6,6,6,13.333333333333334,1.0,1.0,0,0,0,18,0,1,1,0.2802021129995407,0.5985915492957746,0,1,1,1,1,1,1.0,0,0,0
1,0,0,1,0,8,7,8,12.91,0.875,1.0,0,0,0,21,1,1,1,0.2802021129995407,0.17717717717717718,0,1,3,3,2,2,2.5,0,0,0
1,0,1,0,0,6,6,8,11.0,1.0,1.3333333333333333,0,0,0,19,0,1,1,0.2802021129995407,0.20967741935483872,0,5,1,3,1,1,1.5,0,0,0
1,0,1,0,0,7,6,8,13.579999999999998,0.8571428571428571,1.1428571428571428,0,0,0,19,0,1,1,0.2802021129995407,0.17717717717717718,0,4,1,2,1,1,1.25,0,0,0
1,0,1,0,0,6,4,10,12.4,0.6666666666666666,1.6666666666666667,0,0,0,18,0,1,1,0.2802021129995407,0.20967741935483872,0,1,1,2,1,1,1.25,0,0,0
1,0,1,0,0,9,8,13,12.88888888888889,0.8888888888888888,1.4444444444444444,0,0,0,38,4,3,0,0.55625,0.36597938144329895,0,1,1,1,1,1,1.0,0,0,0
1,0,0,1,0,8,8,8,14.34125,1.0,1.0,0,0,0,19,0,1,1,0.2802021129995407,0.17717717717717718,0,5,1,3,2,2,2.0,0,0,0
0,1,0,3,1,6,6,8,14.142857142857142,1.0,1.3333333333333333,0,0,0,18,0,1,1,0.2802021129995407,0.3400673400673401,0,2,1,1,1,2,1.25,0,0,0
1,0,1,0,0,0,0,0,0.0,0.0,0.0,1,1,0,18,0,1,1,0.2802021129995407,0.4606741573033708,0,5,1,1,1,1,1.0,0,0,0
1,0,1,0,0,6,6,6,13.333333333333334,1.0,1.0,0,0,0,18,0,1,1,0.2802021129995407,0.3400673400673401,0,1,3,3,1,1,2.0,0,0,0
1,0,0,1,0,6,6,8,14.5,1.0,1.3333333333333333,0,0,0,18,0,1,1,0.2802021129995407,0.65,0,1,4,3,2,1,2.5,0,0,0
1,0,0,1,0,10,8,13,12.666666666666666,0.8,1.3,0,0,0,26,2,1,0,0.6412213740458015,0.6355140186915887,1,1,1,2,1,2,1.5,0,0,0
1,0,1,0,0,6,0,10,0.0,0.0,1.6666666666666667,1,0,0,19,0,1,1,0.55625,0.4337899543378995,0,3,1,1,1,1,1.0,0,0,0
1,1,0,2,0,5,2,10,12.0,0.4,2.0,0,0,0,20,0,1,1,0.2802021129995407,0.65,0,1,1,1,1,1,1.0,0,0,0
1,0,0,1,0,7,7,7,14.20857142857143,1.0,1.0,0,0,0,19,0,1,1,0.2802021129995407,0.17717717717717718,0,2,1,3,1,1,1.5,0,0,0
1,0,0,1,0,7,7,7,14.30714285714286,1.0,1.0,0,0,0,20,0,1,1,0.2802021129995407,0.17717717717717718,0,5,4,3,1,0,2.0,0,0,0
1,0,0,1,0,7,0,14,0.0,0.0,2.0,1,0,0,29,3,1,1,0.55625,0.5985915492957746,1,1,1,4,1,2,2.0,0,1,0
1,0,0,1,0,6,6,10,12.0,1.0,1.6666666666666667,0,0,0,19,0,1,1,0.2802021129995407,0.20967741935483872,0,3,4,4,1,1,2.5,0,0,0
0,1,0,3,1,5,0,0,0.0,0.0,0.0,1,1,0,24,2,3,1,0.55625,0.4944649446494465,0,1,3,3,2,1,2.25,0,3,1
0,1,0,3,1,6,0,6,0.0,0.0,1.0,1,0,0,27,2,3,1,0.55625,0.4941860465116279,0,1,3,3,2,1,2.25,0,3,1
1,0,1,0,0,6,6,7,13.857142857142858,1.0,1.1666666666666667,0,0,0,18,0,1,1,0.2802021129995407,0.3400673400673401,0,1,1,1,1,1,1.0,0,0,0
1,0,1,0,0,0,0,0,0.0,0.0,0.0,1,1,0,18,0,1,1,0.2802021129995407,0.4606741573033708,0,2,4,3,1,2,2.5,0,0,0
1,0,0,1,0,7,0,0,0.0,0.0,0.0,1,1,0,21,1,1,1,0.2802021129995407,0.4782608695652174,0,4,1,1,2,1,1.25,0,1,0
1,0,1,0,0,6,5,8,11.0,0.8333333333333334,1.3333333333333333,0,0,0,43,4,2,1,0.55625,0.4337899543378995,0,1,1,2,1,2,1.5,0,0,0
1,0,1,0,0,5,5,9,13.2,1.0,1.8,0,0,0,18,0,1,1,0.55625,0.4944649446494465,0,1,3,2,1,0,1.5,0,0,0
1,0,1,0,0,6,6,7,13.5,1.0,1.1666666666666667,0,0,0,21,1,1,1,0.55625,0.3423076923076923,0,1,1,1,1,1,1.0,0,0,0
1,0,0,1,0,5,0,5,0.0,0.0,1.0,1,0,0,26,2,1,1,0.6412213740458015,0.4944649446494465,2,1,4,3,1,1,2.25,0,1,0
1,0,1,0,0,8,7,8,14.214285714285714,0.875,1.0,0,0,0,19,0,1,1,0.2802021129995407,0.17717717717717718,0,5,3,2,1,2,2.0,0,0,0
1,0,0,1,0,5,5,5,13.0,1.0,1.0,0,0,0,18,0,1,1,0.2802021129995407,0.3423076923076923,0,1,1,3,0,0,1.0,0,0,0
1,0,0,1,0,6,2,13,12.0,0.3333333333333333,2.1666666666666665,0,0,0,22,1,1,1,0.2802021129995407,0.3400673400673401,0,1,4,4,1,1,2.5,0,0,0
1,0,0,1,0,7,0,0,0.0,0.0,0.0,1,1,0,27,2,1,1,0.55625,0.17717717717717718,1,1,3,2,2,0,1.75,0,1,0
1,0,0,1,0,5,5,6,12.8,1.0,1.2,0,0,0,18,0,1,1,0.2802021129995407,0.4944649446494465,0,3,1,2,1,0,1.0,0,0,0
1,0,0,1,0,5,4,11,13.6,0.8,2.2,0,0,0,19,0,1,1,0.2802021129995407,0.3423076923076923,0,1,1,1,1,1,1.0,0,0,0
1,0,0,1,0,7,7,7,13.971428571428572,1.0,1.0,0,0,0,18,0,1,1,0.2802021129995407,0.17717717717717718,0,4,1,2,2,0,1.25,0,0,0
1,0,1,0,0,6,6,8,15.0,1.0,1.3333333333333333,0,0,0,19,0,1,1,0.2802021129995407,0.3423076923076923,0,1,1,1,2,2,1.5,0,0,0
0,0,0,2,0,6,0,0,0.0,0.0,0.0,1,1,0,32,3,1,1,0.55625,0.3423076923076923,0,1,1,1,1,1,1.0,0,2,1
1,0,0,1,0,26,26,27,15.07777777777778,1.0,1.0384615384615385,0,0,0,23,1,1,1,0.55625,0.17717717717717718,0,1,1,3,1,2,1.75,0,0,0
1,0,0,1,0,7,6,7,13.383333333333333,0.8571428571428571,1.0,0,0,0,20,0,1,1,0.2802021129995407,0.17717717717717718,0,3,1,1,2,2,1.5,0,0,0
1,1,0,2,0,12,12,12,13.25,1.0,1.0,0,0,0,20,0,1,1,0.2802021129995407,0.4606741573033708,0,1,1,1,1,1,1.0,0,0,0
0,1,0,3,1,6,5,10,11.714285714285714,0.8333333333333334,1.6666666666666667,0,0,0,19,0,1,1,0.2802021129995407,0.20967741935483872,0,1,1,2,2,1,1.5,0,0,0
1,0,1,0,0,8,8,8,13.01125,1.0,1.0,0,0,0,18,0,1,1,0.2802021129995407,0.17717717717717718,0,3,1,2,1,1,1.25,0,0,0
1,0,0,1,0,6,3,12,10.666666666666666,0.5,2.0,0,0,0,21,1,1,1,0.55625,0.4941860465116279,1,1,1,2,1,2,1.5,0,0,0
1,0,0,1,0,6,6,9,13.0,1.0,1.5,0,0,0,22,1,1,1,0.55625,0.3423076923076923,1,1,4,2,1,2,2.25,0,0,0
1,0,0,1,0,5,5,5,12.0,1.0,1.0,0,0,0,26,2,1,0,0.55625,0.6355140186915887,1,1,1,1,1,1,1.0,0,0,0
1,0,0,1,0,6,6,6,12.166666666666666,1.0,1.0,0,0,0,20,0,1,1,0.2802021129995407,0.2786885245901639,0,1,1,1,2,2,1.5,0,0,0
1,0,0,1,0,7,6,10,11.85,0.8571428571428571,1.4285714285714286,0,0,0,19,0,1,1,0.2802021129995407,0.17717717717717718,0,1,1,1,1,2,1.25,0,0,0
1,0,0,1,0,5,4,8,11.0,0.8,1.6,0,0,0,31,3,1,0,0.55625,0.6355140186915887,0,1,1,1,1,1,1.0,0,0,0
1,1,1,1,0,7,7,9,12.327777777777778,1.0,1.2857142857142858,0,0,0,20,0,1,1,0.55625,0.17717717717717718,0,3,3,2,1,1,1.75,0,0,0
1,0,0,1,0,5,4,9,12.0,0.8,1.8,0,0,0,20,0,1,1,0.55625,0.3423076923076923,0,1,1,1,1,1,1.0,0,0,0
1,0,0,1,0,7,7,7,14.428571428571429,1.0,1.0,0,0,0,21,1,1,1,0.2802021129995407,0.17717717717717718,0,4,1,1,1,1,1.0,0,0,0
1,0,0,1,0,7,7,7,13.78,1.0,1.0,0,0,0,18,0,1,1,0.2802021129995407,0.17717717717717718,0,4,1,2,1,1,1.25,0,0,0
1,0,1,0,0,7,6,7,13.8,0.8571428571428571,1.0,0,0,0,19,0,1,1,0.2802021129995407,0.17717717717717718,0,2,1,3,1,2,1.75,0,0,0
1,0,1,0,0,7,7,7,14.857142857142858,1.0,1.0,0,0,0,18,0,1,1,0.2802021129995407,0.5985915492957746,0,1,1,2,2,1,1.5,0,0,0
1,0,1,0,0,6,6,7,12.142857142857142,1.0,1.1666666666666667,0,0,0,18,0,1,1,0.2802021129995407,0.20967741935483872,0,5,3,1,2,1,1.75,0,0,0
1,0,0,1,0,6,6,7,15.666666666666666,1.0,1.1666666666666667,0,0,0,18,0,1,1,0.2802021129995407,0.3423076923076923,0,2,2,4,1,1,2.0,0,0,0
1,0,0,1,0,7,5,13,12.5,0.7142857142857143,1.8571428571428572,0,0,0,19,0,1,1,0.2802021129995407,0.17717717717717718,0,1,3,2,2,2,2.25,0,0,0
1,0,1,0,0,6,6,7,12.833333333333334,1.0,1.1666666666666667,0,0,0,19,0,1,1,0.2802021129995407,0.20967741935483872,0,1,1,1,1,1,1.0,0,0,0
0,1,0,3,1,6,0,6,0.0,0.0,1.0,1,0,0,28,3,1,1,0.55625,0.4941860465116279,0,1,1,1,1,2,1.25,0,3,1
1,0,0,1,0,6,6,6,12.5,1.0,1.0,0,0,0,20,0,1,1,0.2802021129995407,0.2786885245901639,0,1,1,1,1,1,1.0,0,0,0
1,0,0,1,0,6,4,14,11.25,0.6666666666666666,2.3333333333333335,0,0,0,18,0,1,1,0.2802021129995407,0.3400673400673401,0,2,1,1,1,1,1.0,0,0,0
1,0,0,1,0,7,6,7,15.25,0.8571428571428571,1.0,0,0,0,18,0,1,1,0.2802021129995407,0.17717717717717718,0,2,3,3,2,2,2.5,0,0,0
1,0,1,0,0,5,5,13,14.0,1.0,2.6,0,0,0,20,0,1,1,0.2802021129995407,0.3423076923076923,0,1,1,1,1,1,1.0,0,0,0
1,1,0,2,0,16,13,16,12.076923076923077,0.8125,1.0,0,0,0,28,3,1,1,0.55625,0.20967741935483872,0,1,1,2,1,2,1.5,0,0,0
1,0,0,1,0,16,16,17,14.625,1.0,1.0625,0,0,0,23,1,1,1,0.36666666666666664,0.5985915492957746,0,1,1,3,2,2,2.0,0,0,0
1,0,0,1,0,7,4,10,10.5,0.5714285714285714,1.4285714285714286,0,0,0,19,0,1,1,0.2802021129995407,0.5985915492957746,0,1,1,1,1,1,1.0,0,0,0
1,0,1,0,0,6,6,8,12.833333333333334,1.0,1.3333333333333333,0,0,0,18,0,1,1,0.2802021129995407,0.20967741935483872,0,1,1,2,2,2,1.75,0,0,0
0,1,1,2,1,6,6,6,12.5,1.0,1.0,0,0,0,20,0,1,1,0.2802021129995407,0.3400673400673401,0,3,1,1,1,1,1.0,0,0,0
1,0,0,1,0,12,12,13,11.23076923076923,1.0,1.0833333333333333,0,0,0,20,0,1,1,0.2802021129995407,0.4606741573033708,0,1,4,3,1,2,2.5,0,0,0
1,0,0,1,0,5,2,5,10.5,0.4,1.0,0,0,0,27,2,2,0,0.55625,0.6355140186915887,0,1,1,1,1,1,1.0,0,0,0
1,0,0,1,0,6,3,11,12.0,0.5,1.8333333333333333,0,0,0,18,0,1,1,0.2802021129995407,0.5985915492957746,0,1,3,3,1,1,2.0,0,0,0
1,0,1,0,0,7,7,10,10.985714285714286,1.0,1.4285714285714286,0,0,0,37,4,3,1,0.55625,0.4782608695652174,1,2,1,2,2,2,1.75,0,0,0
0,0,0,2,0,7,5,10,12.62,0.7142857142857143,1.4285714285714286,0,0,0,42,4,3,1,0.6412213740458015,0.17717717717717718,1,1,1,2,2,2,1.75,0,0,0
1,0,0,1,0,7,6,9,13.0,0.8571428571428571,1.2857142857142858,0,0,0,20,0,1,1,0.2802021129995407,0.17717717717717718,0,5,3,1,2,1,1.75,0,0,0
0,0,0,2,0,5,0,5,0.0,0.0,1.0,1,0,1,34,3,2,1,0.55625,0.8653846153846154,0,1,3,1,1,1,1.5,3,2,1
1,0,0,1,0,5,0,0,0.0,0.0,0.0,1,1,1,22,1,1,1,0.55625,0.8653846153846154,0,1,4,4,2,1,2.75,1,1,0
1,0,0,1,0,6,6,6,13.5,1.0,1.0,0,0,1,39,4,2,1,0.55625,0.45714285714285713,1,2,1,2,1,1,1.25,4,0,0
1,0,1,0,0,7,6,7,13.516666666666666,0.8571428571428571,1.0,0,0,1,18,0,1,1,0.2802021129995407,0.17717717717717718,0,1,1,1,1,1,1.0,0,0,0
1,0,1,0,0,6,6,6,13.166666666666666,1.0,1.0,0,0,1,21,1,1,1,0.2802021129995407,0.2786885245901639,0,2,1,1,1,1,1.0,1,0,0
1,0,0,1,0,6,0,0,0.0,0.0,0.0,1,1,1,34,3,2,1,0.55625,0.3423076923076923,0,1,1,1,0,0,0.5,3,1,0
1,0,1,0,0,6,6,8,13.125,1.0,1.3333333333333333,0,0,1,22,1,1,1,0.55625,0.4941860465116279,1,1,1,1,1,1,1.0,1,0,0
1,0,0,1,0,6,3,15,14.4,0.5,2.5,0,0,1,31,3,1,1,0.55625,0.4941860465116279,0,1,3,1,2,1,1.75,3,0,0
0,0,0,2,0,6,4,10,12.0,0.6666666666666666,1.6666666666666667,0,0,1,19,0,1,1,0.55625,0.5985915492957746,0,3,1,1,1,1,1.0,0,0,0
1,0,0,1,0,5,0,5,0.0,0.0,1.0,1,0,1,19,0,1,1,0.2802021129995407,0.45714285714285713,0,5,1,3,1,1,1.5,0,1,0
1,0,0,1,0,7,0,7,0.0,0.0,1.0,1,0,1,31,3,1,1,0.55625,0.4782608695652174,1,1,1,1,1,0,0.75,3,1,0
1,0,0,1,0,6,0,0,0.0,0.0,0.0,1,1,0,30,3,2,1,0.55625,0.4337899543378995,0,2,1,2,1,1,1.25,0,1,0
1,0,1,0,0,7,7,7,16.13142857142857,1.0,1.0,0,0,0,20,0,1,1,0.55625,0.17717717717717718,0,1,1,1,2,2,1.5,0,0,0
1,0,1,0,0,7,7,7,14.838571428571427,1.0,1.0,0,0,0,18,0,1,1,0.2802021129995407,0.17717717717717718,0,1,1,1,1,1,1.0,0,0,0
1,0,0,1,0,5,3,7,10.333333333333334,0.6,1.4,0,0,0,31,3,3,0,0.55625,0.6355140186915887,0,1,1,1,1,1,1.0,0,0,0
1,0,0,1,0,6,3,11,12.0,0.5,1.8333333333333333,0,0,0,19,0,1,1,0.2802021129995407,0.45714285714285713,0,1,1,3,1,2,1.75,0,0,0
1,0,1,0,0,6,0,6,0.0,0.0,1.0,1,0,0,43,4,3,0,0.55625,0.36597938144329895,0,1,1,1,1,1,1.0,0,0,0
1,0,1,0,0,6,6,6,13.166666666666666,1.0,1.0,0,0,0,20,0,1,1,0.2802021129995407,0.45714285714285713,0,2,1,1,1,1,1.0,0,0,0
1,0,1,0,0,8,8,8,13.9475,1.0,1.0,0,0,0,19,0,1,1,0.2802021129995407,0.17717717717717718,0,2,3,3,1,1,2.0,0,0,0
1,0,0,1,0,5,3,6,11.333333333333334,0.6,1.2,0,0,0,22,1,1,1,0.2802021129995407,0.4337899543378995,0,1,4,3,1,1,2.25,0,0,0
1,0,0,1,0,8,7,11,12.75,0.875,1.375,0,0,0,26,2,1,0,0.2802021129995407,0.36597938144329895,0,1,4,3,1,1,2.25,0,0,0
1,0,1,0,0,5,5,6,12.6,1.0,1.2,0,0,0,19,0,1,1,0.55625,0.4944649446494465,0,1,1,2,1,1,1.25,0,0,0
1,0,0,1,0,8,6,8,12.25,0.75,1.0,0,0,0,29,3,1,1,0.6412213740458015,0.17717717717717718,2,1,1,4,2,1,2.0,0,0,0
1,0,0,1,0,12,12,17,11.833333333333334,1.0,1.4166666666666667,0,0,0,41,4,1,1,0.55625,0.4941860465116279,0,1,1,1,1,1,1.0,0,0,0
1,0,0,1,0,8,6,10,13.066666666666668,0.75,1.25,0,0,0,19,0,1,1,0.2802021129995407,0.17717717717717718,0,5,1,1,2,1,1.25,0,0,0
1,1,0,2,0,6,6,6,13.833333333333334,1.0,1.0,0,0,0,19,0,1,1,0.2802021129995407,0.2786885245901639,0,1,3,1,2,1,1.75,0,0,0
1,0,0,1,0,7,3,7,13.833333333333334,0.42857142857142855,1.0,0,0,0,43,4,3,1,0.6412213740458015,0.17717717717717718,2,1,4,2,1,2,2.25,0,0,0
1,0,0,1,0,5,5,5,11.8,1.0,1.0,0,0,0,19,0,1,1,0.2802021129995407,0.65,0,1,1,1,1,1,1.0,0,0,0
1,0,0,1,0,8,8,8,13.74625,1.0,1.0,0,0,1,18,0,1,1,0.2802021129995407,0.17717717717717718,0,5,4,2,2,1,2.25,0,0,0
1,0,0,1,0,0,0,0,0.0,0.0,0.0,1,1,1,19,0,1,1,0.2802021129995407,0.4606741573033708,0,1,4,4,1,1,2.5,0,1,0
1,0,0,1,0,6,0,0,0.0,0.0,0.0,1,1,1,38,4,2,0,0.55625,0.36597938144329895,1,1,3,1,0,0,1.0,4,1,0
1,0,0,1,0,6,0,9,0.0,0.0,1.5,1,0,1,37,4,2,1,0.6412213740458015,0.65,2,1,1,2,2,1,1.5,4,1,0
1,0,1,0,0,6,6,6,13.333333333333334,1.0,1.0,0,0,0,26,2,1,1,0.55625,0.4337899543378995,0,1,3,2,2,0,1.75,0,0,0
1,0,1,0,0,6,6,7,15.666666666666666,1.0,1.1666666666666667,0,0,0,18,0,1,1,0.2802021129995407,0.3423076923076923,0,3,3,2,1,1,1.75,0,0,0
1,0,0,1,0,7,7,9,11.857142857142858,1.0,1.2857142857142858,0,0,0,18,0,1,1,0.2802021129995407,0.5985915492957746,0,1,4,2,1,2,2.25,0,0,0
1,0,0,1,0,5,5,12,14.5,1.0,2.4,0,0,0,18,0,1,1,0.2802021129995407,0.3423076923076923,0,1,4,3,1,2,2.5,0,0,0
1,0,0,1,0,6,6,6,12.166666666666666,1.0,1.0,0,0,0,19,0,1,1,0.2802021129995407,0.20967741935483872,0,1,1,3,1,2,1.75,0,0,0
1,0,0,1,0,6,5,6,12.6,0.8333333333333334,1.0,0,0,0,18,0,1,1,0.2802021129995407,0.3400673400673401,0,1,1,2,1,1,1.25,0,0,0
1,1,1,1,0,6,6,6,12.666666666666666,1.0,1.0,0,0,0,19,0,1,1,0.2802021129995407,0.20967741935483872,0,1,1,1,2,2,1.5,0,0,0
1,0,0,1,0,7,0,0,0.0,0.0,0.0,1,1,0,19,0,1,1,0.2802021129995407,0.17717717717717718,0,1,1,1,1,1,1.0,0,1,0
1,0,1,0,0,6,6,7,12.857142857142858,1.0,1.1666666666666667,0,0,0,18,0,1,1,0.2802021129995407,0.45714285714285713,0,1,1,3,1,1,1.5,0,0,0
1,0,0,1,0,8,7,8,13.9,0.875,1.0,0,0,0,18,0,2,1,0.2802021129995407,0.17717717717717718,0,1,3,3,1,0,1.75,0,0,0
1,0,1,0,0,8,7,8,13.817142857142857,0.875,1.0,0,0,0,20,0,1,1,0.2802021129995407,0.17717717717717718,0,1,1,1,1,1,1.0,0,0,0
1,0,1,0,0,7,6,10,13.314285714285717,0.8571428571428571,1.4285714285714286,0,0,0,22,1,1,1,0.2802021129995407,0.4782608695652174,1,1,3,2,2,1,2.0,0,0,0
1,0,0,1,0,6,0,0,0.0,0.0,0.0,1,1,0,18,0,1,1,0.2802021129995407,0.65,0,1,3,3,0,0,1.5,0,1,0
1,0,1,0,0,6,6,6,12.166666666666666,1.0,1.0,0,0,0,19,0,1,1,0.2802021129995407,0.45714285714285713,0,4,1,2,1,1,1.25,0,0,0
0,0,1,1,0,6,4,12,11.25,0.6666666666666666,2.0,0,0,0,20,0,1,1,0.2802021129995407,0.45714285714285713,0,1,1,1,1,1,1.0,0,0,0
1,0,1,0,0,6,6,6,14.666666666666666,1.0,1.0,0,0,0,20,0,1,1,0.2802021129995407,0.3400673400673401,0,2,1,1,1,1,1.0,0,0,0
1,0,0,1,0,6,4,15,12.0,0.6666666666666666,2.5,0,0,0,28,3,1,1,0.55625,0.3423076923076923,0,1,4,2,1,1,2.0,0,0,0
1,0,0,1,0,6,6,8,14.0,1.0,1.3333333333333333,0,0,0,19,0,1,1,0.2802021129995407,0.3423076923076923,0,2,3,3,2,0,2.0,0,0,0
1,0,0,1,0,6,6,14,15.538461538461538,1.0,2.3333333333333335,0,0,0,19,0,1,1,0.2802021129995407,0.3423076923076923,0,1,3,4,1,1,2.25,0,0,0
0,0,0,2,0,6,0,0,0.0,0.0,0.0,1,1,0,18,0,1,1,0.2802021129995407,0.3400673400673401,0,3,1,2,1,1,1.25,0,2,1
1,0,0,1,0,6,6,6,15.0,1.0,1.0,0,0,0,18,0,1,1,0.36666666666666664,0.65,0,1,4,1,1,1,1.75,0,0,0
1,0,0,1,0,5,4,11,12.25,0.8,2.2,0,0,0,22,1,1,1,0.55625,0.65,0,1,4,3,1,2,2.5,0,0,0
1,0,0,1,0,11,11,13,15.692307692307692,1.0,1.1818181818181819,0,0,0,20,0,1,1,0.2802021129995407,0.3423076923076923,1,1,3,2,2,1,2.0,0,0,0
1,0,1,0,0,5,5,7,12.285714285714286,1.0,1.4,0,0,0,24,2,1,0,0.55625,0.6355140186915887,0,1,3,1,1,1,1.5,0,0,0
1,0,1,0,0,7,7,10,11.88888888888889,1.0,1.4285714285714286,0,0,0,20,0,1,1,0.2802021129995407,0.4782608695652174,0,1,1,1,1,1,1.0,0,0,0
0,0,0,2,0,6,0,0,0.0,0.0,0.0,1,1,0,35,3,2,0,0.6412213740458015,0.36597938144329895,2,1,1,3,1,1,1.5,0,2,1
1,0,1,0,0,5,5,6,11.8,1.0,1.2,0,0,0,18,0,1,1,0.2802021129995407,0.4337899543378995,0,1,3,3,1,1,2.0,0,0,0
1,0,0,1,0,6,6,7,11.166666666666666,1.0,1.1666666666666667,0,0,0,19,0,1,1,0.2802021129995407,0.20967741935483872,0,2,4,4,2,2,3.0,0,0,0
1,0,0,1,0,7,7,7,14.05714285714286,1.0,1.0,0,0,0,18,0,1,1,0.55625,0.17717717717717718,0,1,4,4,2,2,3.0,0,0,0
1,0,0,1,0,6,4,10,11.75,0.6666666666666666,1.6666666666666667,0,0,0,18,0,1,1,0.2802021129995407,0.45714285714285713,0,2,3,1,2,1,1.75,0,0,0
1,0,1,0,0,6,6,7,13.5,1.0,1.1666666666666667,0,0,0,19,0,1,1,0.2802021129995407,0.20967741935483872,0,1,1,2,1,1,1.25,0,0,0
1,0,1,0,0,7,7,10,12.625,1.0,1.4285714285714286,0,0,0,20,0,1,1,0.55625,0.17717717717717718,0,1,1,1,2,1,1.25,0,0,0
1,0,0,1,0,6,0,0,0.0,0.0,0.0,1,1,0,21,1,1,1,0.2802021129995407,0.3423076923076923,0,3,1,1,1,1,1.0,0,1,0
1,0,1,0,0,8,7,8,13.971428571428572,0.875,1.0,0,0,0,18,0,1,1,0.2802021129995407,0.17717717717717718,0,3,1,1,1,1,1.0,0,0,0
1,0,0,1,0,6,2,7,11.0,0.3333333333333333,1.1666666666666667,0,0,0,18,0,1,1,0.2802021129995407,0.2786885245901639,0,5,3,3,1,1,2.0,0,0,0
1,0,0,1,0,5,5,5,12.8,1.0,1.0,0,0,0,33,3,2,0,0.55625,0.6355140186915887,0,1,1,2,2,1,1.5,0,0,0
0,0,1,1,0,0,0,0,0.0,0.0,0.0,1,1,0,18,0,1,1,0.2802021129995407,0.4606741573033708,0,1,1,1,1,1,1.0,0,1,1
1,0,0,1,0,5,5,7,13.714285714285714,1.0,1.4,0,0,0,28,3,1,0,0.6412213740458015,0.6355140186915887,2,1,4,2,1,2,2.25,0,0,0
0,0,0,2,0,4,0,4,0.0,0.0,1.0,1,0,0,29,3,2,1,0.55625,0.4944649446494465,0,1,3,2,1,1,1.75,0,2,1
0,1,0,3,1,6,6,9,12.0,1.0,1.5,0,0,0,36,4,1,1,0.55625,0.65,1,1,3,1,2,2,2.0,0,0,0
1,0,1,0,0,6,6,7,12.666666666666666,1.0,1.1666666666666667,0,0,0,32,3,1,0,0.55625,0.36597938144329895,1,1,1,1,1,1,1.0,0,0,0
0,0,0,2,0,7,3,13,12.0,0.42857142857142855,1.8571428571428572,0,0,0,34,3,2,0,0.55625,0.36597938144329895,2,1,3,1,0,0,1.0,0,0,0
1,0,0,1,0,6,5,10,11.4,0.8333333333333334,1.6666666666666667,0,0,0,33,3,2,0,0.55625,0.36597938144329895,0,1,3,1,0,0,1.0,0,0,0
0,1,0,3,1,5,2,15,13.25,0.4,3.0,0,0,0,29,3,1,0,0.55625,0.6355140186915887,0,1,1,1,1,1,1.0,0,0,0
1,0,0,1,0,7,6,7,13.861666666666666,0.8571428571428571,1.0,0,0,0,18,0,1,1,0.2802021129995407,0.17717717717717718,0,1,3,3,2,0,2.0,0,0,0
1,0,1,0,0,6,6,6,12.166666666666666,1.0,1.0,0,0,0,18,0,1,1,0.2802021129995407,0.3400673400673401,0,1,1,1,1,1,1.0,0,0,0
1,0,0,1,0,6,4,17,13.75,0.6666666666666666,2.8333333333333335,0,0,0,38,4,2,1,0.6412213740458015,0.20967741935483872,2,1,1,2,2,1,1.5,0,0,0
1,0,1,0,0,7,6,7,15.433333333333332,0.8571428571428571,1.0,0,0,0,19,0,1,1,0.2802021129995407,0.17717717717717718,0,4,1,1,1,1,1.0,0,0,0
1,0,1,0,0,6,6,6,13.833333333333334,1.0,1.0,0,0,0,39,4,3,0,0.55625,0.36597938144329895,1,1,1,1,1,1,1.0,0,0,0
1,0,0,1,0,14,12,21,11.833333333333334,0.8571428571428571,1.5,0,0,0,37,4,1,0,0.55625,0.6355140186915887,2,1,1,1,1,1,1.0,0,0,0
1,0,0,1,0,7,0,7,0.0,0.0,1.0,1,0,0,32,3,1,1,0.2802021129995407,0.4782608695652174,0,2,1,1,1,1,1.0,0,1,0
1,0,0,1,0,1,0,1,0.0,0.0,1.0,1,0,0,18,0,1,1,0.55625,0.20967741935483872,0,1,1,1,2,0,1.0,0,1,0
1,0,0,1,0,6,6,6,11.166666666666666,1.0,1.0,0,0,0,20,0,1,1,0.2802021129995407,0.2786885245901639,0,5,1,1,1,1,1.0,0,0,0
1,0,1,0,0,6,6,6,14.666666666666666,1.0,1.0,0,0,0,23,1,1,1,0.2802021129995407,0.3423076923076923,0,1,1,1,1,1,1.0,0,0,0
1,0,0,1,0,6,6,9,13.714285714285714,1.0,1.5,0,0,0,18,0,1,1,0.2802021129995407,0.20967741935483872,0,1,1,1,1,0,0.75,0,0,0
1,0,0,1,0,5,5,5,12.8,1.0,1.0,0,0,1,19,0,1,1,0.2802021129995407,0.4944649446494465,0,1,1,2,1,1,1.25,0,0,0
1,0,0,1,0,6,4,9,13.25,0.6666666666666666,1.5,0,0,0,20,0,1,1,0.2802021129995407,0.3400673400673401,0,4,3,1,1,1,1.5,0,0,0
1,0,0,1,0,8,6,10,13.78,0.75,1.25,0,0,0,19,0,1,1,0.2802021129995407,0.17717717717717718,0,5,1,2,1,1,1.25,0,0,0
1,0,0,1,0,8,7,8,15.11,0.875,1.0,0,0,0,19,0,1,1,0.2802021129995407,0.17717717717717718,0,3,1,1,2,1,1.25,0,0,0
1,0,0,1,0,6,4,10,11.0,0.6666666666666666,1.6666666666666667,0,0,0,18,0,1,1,0.2802021129995407,0.20967741935483872,0,2,3,2,2,1,2.0,0,0,0
1,0,1,0,0,8,7,8,15.798571428571426,0.875,1.0,0,0,0,20,0,1,1,0.2802021129995407,0.17717717717717718,0,1,1,2,1,1,1.25,0,0,0
1,0,0,1,0,7,7,7,13.775714285714288,1.0,1.0,0,0,0,20,0,1,1,0.2802021129995407,0.17717717717717718,0,3,1,1,1,1,1.0,0,0,0
1,0,0,1,0,8,7,11,12.16,0.875,1.375,0,0,0,24,2,3,1,0.55625,0.17717717717717718,0,1,1,1,1,1,1.0,0,0,0
1,0,0,1,0,7,0,0,0.0,0.0,0.0,1,1,0,24,2,3,1,0.55625,0.4782608695652174,0,2,1,1,1,1,1.0,0,1,0
1,0,0,1,0,6,6,6,14.333333333333334,1.0,1.0,0,0,0,20,0,1,1,0.2802021129995407,0.3400673400673401,0,2,4,3,1,1,2.25,0,0,0
1,0,0,1,0,8,7,8,14.2,0.875,1.0,0,0,0,18,0,1,1,0.2802021129995407,0.17717717717717718,0,1,3,1,1,1,1.5,0,0,0
1,0,0,1,0,5,5,6,12.2,1.0,1.2,0,0,0,21,1,1,1,0.2802021129995407,0.3423076923076923,0,1,4,3,2,2,2.75,0,0,0
1,0,0,1,0,6,4,10,13.0,0.6666666666666666,1.6666666666666667,0,0,0,18,0,1,1,0.2802021129995407,0.5985915492957746,0,1,3,1,2,0,1.5,0,0,0
1,0,1,0,0,8,7,8,12.485714285714286,0.875,1.0,0,0,0,19,0,1,1,0.2802021129995407,0.17717717717717718,0,5,1,3,1,2,1.75,0,0,0
1,0,0,1,0,6,6,7,17.0,1.0,1.1666666666666667,0,0,0,22,1,1,1,0.6412213740458015,0.3423076923076923,1,1,3,3,2,2,2.5,0,0,0
1,0,0,1,0,6,5,7,10.8,0.8333333333333334,1.1666666666666667,0,0,0,19,0,1,1,0.2802021129995407,0.20967741935483872,0,3,1,2,1,1,1.25,0,0,0
1,0,0,1,0,7,6,7,14.716666666666669,0.8571428571428571,1.0,0,0,0,18,0,1,1,0.2802021129995407,0.17717717717717718,0,3,1,1,1,1,1.0,0,0,0
1,0,0,1,0,6,6,7,12.333333333333334,1.0,1.1666666666666667,0,0,0,34,3,1,0,0.2802021129995407,0.36597938144329895,0,1,1,1,1,1,1.0,0,0,0
1,0,0,1,0,12,6,22,15.307692307692308,0.5,1.8333333333333333,0,0,0,19,0,1,1,0.2802021129995407,0.3423076923076923,0,5,1,1,1,1,1.0,0,0,0
1,0,1,0,0,7,6,7,12.666666666666666,0.8571428571428571,1.0,0,0,0,18,0,1,1,0.2802021129995407,0.17717717717717718,0,1,1,1,1,1,1.0,0,0,0
1,0,1,0,0,7,7,10,14.368,1.0,1.4285714285714286,0,0,0,19,0,1,1,0.2802021129995407,0.17717717717717718,0,5,1,1,1,1,1.0,0,0,0
1,0,0,1,0,8,7,8,12.084285714285716,0.875,1.0,0,0,0,25,2,1,1,0.55625,0.17717717717717718,0,1,1,3,1,1,1.5,0,0,0
1,0,1,0,0,6,4,12,11.0,0.6666666666666666,2.0,0,0,0,18,0,1,1,0.2802021129995407,0.20967741935483872,0,1,3,1,2,1,1.75,0,0,0
1,0,0,1,0,6,5,8,12.8,0.8333333333333334,1.3333333333333333,0,0,0,28,3,1,0,0.2802021129995407,0.36597938144329895,0,1,1,1,1,1,1.0,0,0,0
1,0,1,0,0,8,7,8,11.857142857142858,0.875,1.0,0,0,0,18,0,3,1,0.55625,0.17717717717717718,0,1,3,1,1,1,1.5,0,0,0
1,0,0,1,0,6,6,8,12.285714285714286,1.0,1.3333333333333333,0,0,0,41,4,2,1,0.55625,0.45714285714285713,0,1,1,1,1,1,1.0,0,0,0
1,0,0,1,0,6,3,11,12.333333333333334,0.5,1.8333333333333333,0,0,0,18,0,1,1,0.2802021129995407,0.5985915492957746,0,2,1,1,1,0,0.75,0,0,0
1,0,1,0,0,6,4,11,11.25,0.6666666666666666,1.8333333333333333,0,0,0,21,1,1,1,0.2802021129995407,0.20967741935483872,0,1,1,2,1,1,1.25,0,0,0
1,1,0,2,0,6,0,0,0.0,0.0,0.0,1,1,0,41,4,3,1,0.6412213740458015,0.20967741935483872,1,1,3,1,0,0,1.0,0,2,0
1,0,0,1,0,3,2,3,16.0,0.6666666666666666,1.0,0,0,0,32,3,1,1,0.6412213740458015,0.2786885245901639,2,1,4,4,1,1,2.5,0,0,0
1,0,0,1,0,6,6,10,11.666666666666666,1.0,1.6666666666666667,0,0,0,29,3,1,0,0.55625,0.36597938144329895,1,1,3,1,0,0,1.0,0,0,0
1,0,0,1,0,6,0,0,0.0,0.0,0.0,1,1,0,21,1,1,1,0.2802021129995407,0.20967741935483872,0,1,1,3,1,2,1.75,0,1,0
1,0,0,1,0,7,4,12,12.0,0.5714285714285714,1.7142857142857142,0,0,0,39,4,2,1,0.55625,0.17717717717717718,1,1,1,1,1,0,0.75,0,0,0
1,0,0,1,0,14,12,26,13.417391304347827,0.8571428571428571,1.8571428571428572,0,0,0,21,1,1,1,0.55625,0.17717717717717718,0,3,1,1,1,1,1.0,0,0,0
1,0,0,1,0,6,6,6,15.166666666666666,1.0,1.0,0,0,0,18,0,1,1,0.2802021129995407,0.3400673400673401,0,1,3,3,0,2,2.0,0,0,0
1,1,0,2,0,6,5,10,13.833333333333334,0.8333333333333334,1.6666666666666667,0,0,0,34,3,1,1,0.55625,0.4941860465116279,0,1,1,1,1,1,1.0,0,0,0
1,0,0,1,0,5,5,6,13.333333333333334,1.0,1.2,0,0,0,18,0,1,1,0.2802021129995407,0.3423076923076923,0,3,0,2,0,0,0.5,0,0,0
1,0,0,1,0,6,3,11,11.666666666666666,0.5,1.8333333333333333,0,0,0,18,0,1,1,0.2802021129995407,0.5985915492957746,0,1,1,2,2,1,1.5,0,0,0
1,0,0,1,0,6,5,12,15.0,0.8333333333333334,2.0,0,0,0,19,0,1,1,0.2802021129995407,0.3423076923076923,0,5,4,2,1,2,2.25,0,0,0
1,0,0,1,0,5,1,13,13.0,0.2,2.6,0,0,0,19,0,1,1,0.2802021129995407,0.65,0,5,4,3,1,1,2.25,0,0,0
1,0,1,0,0,7,6,8,13.075,0.8571428571428571,1.1428571428571428,0,0,0,19,0,1,1,0.2802021129995407,0.17717717717717718,0,2,4,1,2,1,2.0,0,0,0
1,0,1,0,0,6,6,6,13.5,1.0,1.0,0,0,0,18,0,1,1,0.2802021129995407,0.4337899543378995,0,1,1,2,1,1,1.25,0,0,0
1,0,1,0,0,6,5,8,11.8,0.8333333333333334,1.3333333333333333,0,0,0,23,1,1,0,0.55625,0.6355140186915887,1,1,1,1,1,1,1.0,0,0,0
1,0,0,1,0,6,6,6,12.166666666666666,1.0,1.0,0,0,0,33,3,3,1,0.55625,0.5985915492957746,0,1,1,4,0,0,1.25,0,0,0
1,0,0,1,0,6,6,9,12.166666666666666,1.0,1.5,0,0,0,19,0,1,1,0.2802021129995407,0.20967741935483872,0,2,1,1,1,1,1.0,0,0,0
1,0,0,1,0,0,0,0,0.0,0.0,0.0,1,1,0,21,1,1,1,0.55625,0.4606741573033708,0,3,1,1,1,1,1.0,0,1,0
1,0,0,1,0,7,7,7,13.557142857142855,1.0,1.0,0,0,0,18,0,1,1,0.2802021129995407,0.17717717717717718,0,5,1,2,1,1,1.25,0,0,0
1,0,0,1,0,6,6,6,14.333333333333334,1.0,1.0,0,0,0,19,0,1,1,0.2802021129995407,0.2786885245901639,0,2,1,1,2,1,1.25,0,0,0
1,0,0,1,0,6,4,10,10.5,0.6666666666666666,1.6666666666666667,0,0,0,20,0,1,1,0.2802021129995407,0.3400673400673401,0,2,3,1,0,1,1.25,0,0,0
1,0,0,1,0,4,0,8,0.0,0.0,2.0,1,0,0,20,0,1,1,0.2802021129995407,0.3400673400673401,0,1,1,1,0,1,0.75,0,1,0
1,0,1,0,0,7,7,9,14.093333333333332,1.0,1.2857142857142858,0,0,0,20,0,1,1,0.2802021129995407,0.17717717717717718,0,2,1,1,1,1,1.0,0,0,0
1,0,1,0,0,6,6,6,13.333333333333334,1.0,1.0,0,0,0,21,1,1,1,0.2802021129995407,0.20967741935483872,0,1,1,1,1,2,1.25,0,0,0
1,0,0,1,0,8,7,12,12.071428571428571,0.875,1.5,0,0,0,19,0,1,1,0.55625,0.17717717717717718,0,1,1,2,1,1,1.25,0,0,0
1,0,1,0,0,6,6,6,12.666666666666666,1.0,1.0,0,0,0,18,0,1,1,0.2802021129995407,0.45714285714285713,0,3,1,3,1,1,1.5,0,0,0
1,0,1,0,0,7,7,9,13.2,1.0,1.2857142857142858,0,0,0,21,1,1,1,0.2802021129995407,0.17717717717717718,0,2,1,1,1,1,1.0,0,0,0
1,0,1,0,0,7,7,8,14.15,1.0,1.1428571428571428,0,0,0,18,0,1,1,0.2802021129995407,0.17717717717717718,0,4,4,2,2,1,2.25,0,0,0
0,1,0,3,1,6,0,0,0.0,0.0,0.0,1,1,0,28,3,1,1,0.55625,0.5985915492957746,0,1,1,1,1,1,1.0,0,3,1
1,0,0,1,0,7,5,13,12.2,0.7142857142857143,1.8571428571428572,0,0,0,36,4,1,1,0.55625,0.4782608695652174,0,1,1,1,1,1,1.0,0,0,0
1,0,0,1,0,5,5,6,14.8,1.0,1.2,0,0,0,20,0,1,1,0.2802021129995407,0.3423076923076923,0,1,1,1,1,0,0.75,0,0,0
1,0,0,1,0,6,5,8,11.0,0.8333333333333334,1.3333333333333333,0,0,0,19,0,1,1,0.2802021129995407,0.20967741935483872,0,1,1,1,0,1,0.75,0,0,0
1,0,0,1,0,6,5,8,11.833333333333334,0.8333333333333334,1.3333333333333333,0,0,0,28,3,2,0,0.55625,0.36597938144329895,0,1,1,1,2,1,1.25,0,0,0
1,0,0,1,0,5,4,7,11.75,0.8,1.4,0,0,0,20,0,1,1,0.2802021129995407,0.4337899543378995,0,1,1,3,1,0,1.25,0,0,0
1,0,0,1,0,14,12,22,12.333333333333334,0.8571428571428571,1.5714285714285714,0,0,0,28,3,1,1,0.55625,0.45714285714285713,0,1,1,1,1,1,1.0,0,0,0
1,0,0,1,0,10,3,16,11.666666666666666,0.3,1.6,0,0,0,24,2,1,0,0.55625,0.6355140186915887,1,1,1,1,1,1,1.0,0,0,0
1,0,1,0,0,6,6,7,11.285714285714286,1.0,1.1666666666666667,0,0,0,18,0,1,1,0.2802021129995407,0.45714285714285713,0,2,3,4,2,2,2.75,0,0,0
0,1,0,3,1,5,2,12,11.5,0.4,2.4,0,0,0,22,1,1,1,0.2802021129995407,0.4944649446494465,0,5,1,1,1,1,1.0,0,0,0
1,0,1,0,0,6,6,10,11.666666666666666,1.0,1.6666666666666667,0,0,0,18,0,1,1,0.2802021129995407,0.45714285714285713,0,5,1,1,1,1,1.0,0,0,0
1,0,1,0,0,8,7,8,13.514285714285714,0.875,1.0,0,0,0,21,1,1,1,0.2802021129995407,0.17717717717717718,0,1,1,1,1,1,1.0,0,0,0
1,0,0,1,0,6,6,7,13.0,1.0,1.1666666666666667,0,0,0,19,0,1,1,0.2802021129995407,0.3400673400673401,0,5,3,3,2,1,2.25,0,0,0
1,0,1,0,0,8,7,8,12.744285714285716,0.875,1.0,0,0,0,20,0,1,1,0.2802021129995407,0.17717717717717718,0,1,1,1,1,1,1.0,0,0,0
1,0,0,1,0,5,4,10,11.75,0.8,2.0,0,0,0,20,0,1,1,0.2802021129995407,0.4944649446494465,0,1,1,1,2,2,1.5,0,0,0
1,1,0,2,0,6,6,6,12.166666666666666,1.0,1.0,0,0,0,19,0,1,0,0.2802021129995407,0.36597938144329895,0,1,1,1,1,2,1.25,0,0,0
1,0,1,0,0,6,5,9,13.4,0.8333333333333334,1.5,0,0,0,20,0,1,1,0.2802021129995407,0.2786885245901639,0,2,1,1,1,1,1.0,0,0,0
1,0,0,1,0,6,5,9,11.8,0.8333333333333334,1.5,0,0,0,20,0,1,1,0.2802021129995407,0.20967741935483872,0,1,3,1,0,1,1.25,0,0,0
1,0,0,1,0,7,6,7,13.533333333333331,0.8571428571428571,1.0,0,0,0,19,0,1,1,0.2802021129995407,0.17717717717717718,0,3,3,1,2,1,1.75,0,0,0
1,0,1,0,0,6,6,7,14.166666666666666,1.0,1.1666666666666667,0,0,0,18,0,1,1,0.2802021129995407,0.45714285714285713,0,1,1,2,1,1,1.25,0,0,0
1,0,1,0,0,7,7,7,14.652857142857142,1.0,1.0,0,0,0,18,0,1,1,0.2802021129995407,0.17717717717717718,0,1,1,1,1,1,1.0,0,0,0
0,0,0,2,0,0,0,0,0.0,0.0,0.0,1,1,0,19,0,1,1,0.2802021129995407,0.4606741573033708,0,1,3,1,2,1,1.75,0,2,1
1,0,0,1,0,5,5,5,13.6,1.0,1.0,0,0,1,20,0,1,1,0.2802021129995407,0.4944649446494465,0,1,1,1,1,1,1.0,0,0,0
1,0,1,0,0,6,6,9,12.833333333333334,1.0,1.5,0,0,0,22,1,1,1,0.2802021129995407,0.45714285714285713,0,1,1,3,2,1,1.75,0,0,0
1,0,1,0,0,6,6,6,14.666666666666666,1.0,1.0,0,0,0,18,0,1,1,0.2802021129995407,0.20967741935483872,0,1,1,1,1,2,1.25,0,0,0
1,0,0,1,0,6,6,6,13.333333333333334,1.0,1.0,0,0,0,19,0,1,1,0.2802021129995407,0.3400673400673401,0,2,3,3,2,1,2.25,0,0,0
0,0,1,1,0,6,5,10,13.4,0.8333333333333334,1.6666666666666667,0,0,0,20,0,1,1,0.2802021129995407,0.20967741935483872,0,1,1,1,1,1,1.0,0,0,0
1,0,1,0,0,7,7,9,13.3125,1.0,1.2857142857142858,0,0,0,19,0,1,1,0.2802021129995407,0.17717717717717718,0,2,1,1,1,2,1.25,0,0,0
0,1,0,3,1,0,0,0,0.0,0.0,0.0,1,1,0,18,0,1,1,0.2802021129995407,0.4606741573033708,0,1,1,1,1,2,1.25,0,3,1
0,1,0,3,1,4,0,4,0.0,0.0,1.0,1,0,0,20,0,1,1,0.2802021129995407,0.3400673400673401,0,5,3,1,2,2,2.0,0,3,1
1,0,1,0,0,6,6,7,12.333333333333334,1.0,1.1666666666666667,0,0,0,19,0,1,1,0.2802021129995407,0.3400673400673401,0,2,3,4,1,2,2.5,0,0,0
1,0,0,1,0,6,5,8,13.0,0.8333333333333334,1.3333333333333333,0,0,0,18,0,1,1,0.2802021129995407,0.20967741935483872,0,4,1,1,1,1,1.0,0,0,0
1,0,0,1,0,5,2,6,12.5,0.4,1.2,0,0,0,22,1,1,1,0.2802021129995407,0.4337899543378995,0,1,3,1,0,2,1.5,0,0,0
1,0,0,1,0,6,6,10,17.0,1.0,1.6666666666666667,0,0,0,18,0,1,1,0.2802021129995407,0.20967741935483872,0,1,1,1,1,1,1.0,0,0,0
1,0,0,1,0,6,6,7,13.5,1.0,1.1666666666666667,0,0,0,20,0,1,1,0.2802021129995407,0.20967741935483872,0,1,1,3,1,1,1.5,0,0,0
1,0,0,1,0,6,6,7,12.714285714285714,1.0,1.1666666666666667,0,0,0,19,0,1,1,0.2802021129995407,0.45714285714285713,0,2,1,1,1,1,1.0,0,0,0
1,0,1,0,0,7,6,9,13.0,0.8571428571428571,1.2857142857142858,0,0,0,19,0,1,1,0.55625,0.17717717717717718,0,1,1,2,1,1,1.25,0,0,0
1,0,0,1,0,6,6,7,12.571428571428571,1.0,1.1666666666666667,0,0,0,21,1,1,1,0.55625,0.20967741935483872,1,1,1,2,1,0,1.0,0,0,0
1,0,1,0,0,6,4,10,11.5,0.6666666666666666,1.6666666666666667,0,0,0,19,0,1,0,0.2802021129995407,0.36597938144329895,0,2,1,3,1,1,1.5,0,0,0
1,0,1,0,0,6,6,6,13.5,1.0,1.0,0,0,0,19,0,1,1,0.2802021129995407,0.20967741935483872,0,5,1,3,1,2,1.75,0,0,0
0,0,1,1,0,5,1,14,12.0,0.2,2.8,0,0,0,28,3,2,1,0.55625,0.3423076923076923,0,1,1,2,0,1,1.0,0,0,0
1,0,0,1,0,7,7,8,14.95,1.0,1.1428571428571428,0,0,0,28,3,2,1,0.55625,0.17717717717717718,0,1,4,4,1,1,2.5,0,0,0
0,1,0,3,1,6,3,13,10.666666666666666,0.5,2.1666666666666665,0,0,0,19,0,1,1,0.55625,0.4337899543378995,0,1,3,1,2,2,2.0,0,0,0
1,0,0,1,0,8,7,8,14.992857142857142,0.875,1.0,0,0,0,19,0,1,1,0.2802021129995407,0.17717717717717718,0,5,1,1,1,1,1.0,0,0,0
1,0,1,0,0,6,6,6,12.333333333333334,1.0,1.0,0,0,1,20,0,1,1,0.55625,0.3400673400673401,0,1,1,2,1,1,1.25,0,0,0
0,1,0,3,1,5,3,7,11.333333333333334,0.6,1.4,0,0,1,20,0,1,1,0.2802021129995407,0.3423076923076923,0,1,1,2,2,0,1.25,0,0,0
1,0,0,1,0,6,6,7,16.142857142857142,1.0,1.1666666666666667,0,0,0,27,2,1,1,0.55625,0.3423076923076923,1,1,4,4,2,1,2.75,0,0,0
1,0,0,1,0,6,6,8,14.833333333333334,1.0,1.3333333333333333,0,0,0,22,1,1,1,0.55625,0.3423076923076923,0,1,3,3,1,2,2.25,0,0,0
0,1,0,3,1,8,7,8,13.327142857142857,0.875,1.0,0,0,0,19,0,1,1,0.2802021129995407,0.17717717717717718,0,3,1,1,1,1,1.0,0,0,0
0,0,0,2,0,6,4,13,11.0,0.6666666666666666,2.1666666666666665,0,0,0,19,0,1,1,0.2802021129995407,0.20967741935483872,0,1,1,1,2,2,1.5,0,0,0
1,0,0,1,0,12,12,13,12.333333333333334,1.0,1.0833333333333333,0,0,0,19,0,1,1,0.2802021129995407,0.4606741573033708,0,1,4,4,1,1,2.5,0,0,0
0,1,0,3,1,7,0,9,0.0,0.0,1.2857142857142858,1,0,0,20,0,1,1,0.55625,0.5985915492957746,0,4,1,1,1,2,1.25,0,3,1
0,0,0,2,0,15,12,15,11.916666666666666,0.8,1.0,0,0,0,39,4,2,0,0.55625,0.6355140186915887,0,1,1,2,2,2,1.75,0,0,0
1,1,0,2,0,6,6,9,11.833333333333334,1.0,1.5,0,0,0,37,4,2,0,0.55625,0.36597938144329895,1,2,1,1,2,1,1.25,0,0,0
0,1,0,3,1,7,3,11,12.333333333333334,0.42857142857142855,1.5714285714285714,0,0,0,30,3,2,1,0.55625,0.17717717717717718,2,1,3,3,2,2,2.5,0,0,0
1,0,0,1,0,10,10,11,14.3,1.0,1.1,0,0,0,41,4,2,0,0.55625,0.6355140186915887,2,1,1,1,1,1,1.0,0,0,0
0,0,0,2,0,8,5,11,11.832,0.625,1.375,0,0,0,40,4,3,1,0.55625,0.17717717717717718,1,1,1,1,1,1,1.0,0,0,0
1,0,0,1,0,5,2,13,10.0,0.4,2.6,0,0,0,20,0,1,1,0.2802021129995407,0.4944649446494465,0,1,0,4,2,2,2.0,0,0,0
1,0,0,1,0,5,5,5,12.0,1.0,1.0,0,0,0,28,3,2,0,0.2802021129995407,0.6355140186915887,0,1,1,2,1,1,1.25,0,0,0
0,1,0,3,1,7,5,11,12.2,0.7142857142857143,1.5714285714285714,0,0,0,19,0,1,1,0.55625,0.5985915492957746,0,2,1,1,1,2,1.25,0,0,0
1,0,0,1,0,5,3,7,11.333333333333334,0.6,1.4,0,0,0,23,1,1,1,0.2802021129995407,0.4337899543378995,0,1,1,1,1,1,1.0,0,0,0
1,0,0,1,0,16,13,24,13.846153846153848,0.8125,1.5,0,0,0,18,0,1,0,0.6412213740458015,0.36597938144329895,2,1,4,4,1,1,2.5,0,0,0
1,0,0,1,0,8,7,8,12.412857142857144,0.875,1.0,0,0,0,24,2,1,1,0.55625,0.17717717717717718,0,1,3,2,2,1,2.0,0,0,0
1,0,0,1,0,8,7,11,12.545714285714286,0.875,1.375,0,0,0,19,0,1,1,0.2802021129995407,0.17717717717717718,0,2,1,2,1,1,1.25,0,0,0
1,0,0,1,0,6,3,12,13.0,0.5,2.0,0,0,0,19,0,1,1,0.2802021129995407,0.3400673400673401,0,1,1,2,1,0,1.0,0,0,0
0,1,0,3,1,6,0,6,0.0,0.0,1.0,1,0,0,48,4,1,1,0.55625,0.4941860465116279,0,1,1,1,1,1,1.0,0,3,1
0,0,0,2,0,12,9,12,12.22222222222222,0.75,1.0,0,0,0,38,4,2,0,0.55625,0.6355140186915887,2,1,1,1,1,1,1.0,0,0,0
1,0,0,1,0,5,5,10,13.285714285714286,1.0,2.0,0,0,0,19,0,1,1,0.2802021129995407,0.4944649446494465,0,1,3,1,2,1,1.75,0,0,0
1,0,0,1,0,5,3,7,11.666666666666666,0.6,1.4,0,0,1,30,3,2,0,0.55625,0.6355140186915887,1,1,1,3,1,2,1.75,3,0,0
1,0,1,0,0,6,6,9,13.555555555555555,1.0,1.5,0,0,1,24,2,1,1,0.55625,0.4941860465116279,1,1,1,2,1,1,1.25,2,0,0
1,0,0,1,0,6,6,6,13.166666666666666,1.0,1.0,0,0,1,19,0,1,1,0.2802021129995407,0.3400673400673401,0,5,3,2,1,1,1.75,0,0,0
1,0,1,0,0,6,6,6,11.666666666666666,1.0,1.0,0,0,1,21,1,1,1,0.2802021129995407,0.45714285714285713,0,1,3,3,1,1,2.0,1,0,0
1,0,0,1,0,5,4,11,11.0,0.8,2.2,0,0,1,19,0,1,0,0.2802021129995407,0.6355140186915887,0,2,4,3,2,2,2.75,0,0,0
1,0,1,0,0,6,6,6,13.666666666666666,1.0,1.0,0,0,1,18,0,1,1,0.2802021129995407,0.2786885245901639,0,1,1,1,1,1,1.0,0,0,0
1,0,0,1,0,5,5,6,14.6,1.0,1.2,0,0,1,19,0,1,1,0.2802021129995407,0.8653846153846154,0,4,3,4,1,2,2.5,0,0,0
1,0,1,0,0,8,7,8,12.514285714285714,0.875,1.0,0,0,1,19,0,1,1,0.2802021129995407,0.17717717717717718,0,1,3,2,1,1,1.75,0,0,0
0,0,0,2,0,5,1,5,13.0,0.2,1.0,0,0,1,29,3,3,1,0.55625,0.4944649446494465,0,1,3,2,2,1,2.0,3,0,0
1,0,0,1,0,5,1,10,10.0,0.2,2.0,0,0,1,21,1,1,1,0.2802021129995407,0.8653846153846154,0,1,1,1,0,1,0.75,1,0,0
1,1,1,1,0,6,6,6,14.333333333333334,1.0,1.0,0,0,1,18,0,1,1,0.2802021129995407,0.3400673400673401,0,3,3,3,2,1,2.25,0,0,0
1,0,1,0,0,6,0,6,0.0,0.0,1.0,1,0,1,20,0,1,1,0.2802021129995407,0.45714285714285713,0,1,1,3,1,1,1.5,0,0,0
1,0,0,1,0,5,1,7,11.0,0.2,1.4,0,0,1,27,2,1,0,0.55625,0.6355140186915887,0,1,1,1,1,1,1.0,2,0,0
1,0,0,1,0,5,4,7,10.75,0.8,1.4,0,0,1,20,0,1,1,0.55625,0.4944649446494465,0,2,1,1,1,1,1.0,0,0,0
0,1,0,3,1,5,1,7,11.0,0.2,1.4,0,0,1,28,3,1,1,0.55625,0.4944649446494465,1,1,1,2,1,1,1.25,3,0,0
1,0,0,1,0,5,5,8,12.8,1.0,1.6,0,0,1,20,0,1,1,0.2802021129995407,0.3423076923076923,0,1,1,2,1,1,1.25,0,0,0
1,0,0,1,0,5,3,15,12.333333333333334,0.6,3.0,0,0,1,21,1,1,1,0.55625,0.3423076923076923,1,1,3,3,2,2,2.5,1,0,0
0,1,0,3,1,6,2,12,11.333333333333334,0.3333333333333333,2.0,0,0,1,23,1,1,1,0.55625,0.4941860465116279,1,1,3,4,1,1,2.25,1,0,0
1,0,0,1,0,6,5,10,11.6,0.8333333333333334,1.6666666666666667,0,0,1,18,0,1,1,0.2802021129995407,0.20967741935483872,0,1,1,3,1,2,1.75,0,0,0
1,0,1,0,0,14,12,15,10.923076923076923,0.8571428571428571,1.0714285714285714,0,0,1,20,0,1,1,0.2802021129995407,0.4606741573033708,0,1,3,1,2,2,2.0,0,0,0
1,0,0,1,0,0,0,0,0.0,0.0,0.0,1,1,1,19,0,1,1,0.2802021129995407,0.4606741573033708,0,1,3,1,2,1,1.75,0,1,0
1,0,0,1,0,7,7,7,13.62857142857143,1.0,1.0,0,0,1,32,3,2,1,0.55625,0.17717717717717718,2,1,3,3,2,2,2.5,3,0,0
1,0,0,1,0,6,3,16,10.333333333333334,0.5,2.6666666666666665,0,0,1,20,0,1,1,0.2802021129995407,0.45714285714285713,0,5,1,2,1,1,1.25,0,0,0
1,0,0,1,0,18,18,25,13.736842105263158,1.0,1.3888888888888888,0,0,1,32,3,1,1,0.55625,0.4941860465116279,0,1,1,1,1,1,1.0,3,0,0
1,0,1,0,0,7,4,7,11.5,0.5714285714285714,1.0,0,0,1,21,1,1,1,0.55625,0.2786885245901639,1,1,3,1,1,1,1.5,1,0,0
1,0,1,0,0,6,5,8,14.0,0.8333333333333334,1.3333333333333333,0,0,1,19,0,1,1,0.2802021129995407,0.3400673400673401,0,1,1,1,1,2,1.25,0,0,0
1,0,0,1,0,5,3,7,11.333333333333334,0.6,1.4,0,0,1,24,2,1,0,0.55625,0.6355140186915887,1,1,1,2,1,1,1.25,2,0,0
1,0,0,1,0,5,1,13,10.0,0.2,2.6,0,0,1,18,0,1,1,0.2802021129995407,0.4944649446494465,0,1,1,1,1,1,1.0,0,0,0
1,0,0,1,0,6,5,14,11.714285714285714,0.8333333333333334,2.3333333333333335,0,0,1,20,0,1,1,0.55625,0.4941860465116279,1,1,3,1,2,2,2.0,0,0,0
0,0,0,2,0,0,0,0,0.0,0.0,0.0,1,1,1,25,2,1,1,0.55625,0.4606741573033708,1,1,1,1,1,1,1.0,2,2,1
1,0,0,1,0,15,13,15,10.76923076923077,0.8666666666666667,1.0,0,0,1,25,2,1,1,0.2802021129995407,0.4944649446494465,0,5,1,1,1,1,1.0,2,0,0
1,0,0,1,0,6,5,10,11.6,0.8333333333333334,1.6666666666666667,0,0,1,18,0,1,1,0.2802021129995407,0.3400673400673401,0,4,3,3,2,1,2.25,0,0,0
1,0,0,1,0,5,4,6,13.75,0.8,1.2,0,0,1,19,0,1,1,0.2802021129995407,0.4944649446494465,0,1,1,3,1,1,1.5,0,0,0
1,0,0,1,0,5,4,14,11.0,0.8,2.8,0,0,1,18,0,1,1,0.2802021129995407,0.4944649446494465,0,5,1,4,1,1,1.75,0,0,0
0,0,0,2,0,5,0,6,0.0,0.0,1.2,1,0,1,25,2,1,1,0.55625,0.4944649446494465,0,1,1,3,2,2,2.0,2,2,1
1,0,0,1,0,0,0,0,0.0,0.0,0.0,1,1,1,38,4,1,1,0.55625,0.4606741573033708,0,1,3,1,0,0,1.0,4,1,0
1,0,0,1,0,0,0,0,0.0,0.0,0.0,1,1,1,19,0,1,1,0.55625,0.4606741573033708,1,1,3,3,1,1,2.0,0,1,0
1,0,0,1,0,6,6,7,12.333333333333334,1.0,1.1666666666666667,0,0,1,19,0,1,1,0.2802021129995407,0.3400673400673401,0,4,3,2,1,1,1.75,0,0,0
1,0,1,0,0,6,6,9,13.428571428571429,1.0,1.5,0,0,1,22,1,1,1,0.55625,0.3423076923076923,1,1,1,1,1,2,1.25,1,0,0
0,0,0,2,0,5,4,12,14.75,0.8,2.4,0,0,1,32,3,1,0,0.6412213740458015,0.6355140186915887,2,1,1,2,2,1,1.5,3,0,0
1,0,0,1,0,21,21,21,12.476190476190476,1.0,1.0,0,0,1,37,4,1,1,0.55625,0.5985915492957746,0,1,4,1,1,1,1.75,4,0,0
1,0,0,1,0,5,0,8,0.0,0.0,1.6,1,0,1,21,1,1,1,0.2802021129995407,0.8653846153846154,0,1,1,1,1,2,1.25,1,1,0
1,0,0,1,0,6,3,15,11.666666666666666,0.5,2.5,0,0,1,18,0,1,1,0.2802021129995407,0.45714285714285713,0,1,3,4,2,1,2.5,0,0,0
1,1,0,2,0,6,6,6,12.0,1.0,1.0,0,0,1,19,0,1,1,0.2802021129995407,0.2786885245901639,0,3,1,4,0,2,1.75,0,0,0
1,0,1,0,0,6,6,7,12.0,1.0,1.1666666666666667,0,0,1,19,0,1,1,0.2802021129995407,0.4337899543378995,0,1,3,2,2,1,2.0,0,0,0
0,0,0,2,0,12,12,12,15.25,1.0,1.0,0,0,0,19,0,1,1,0.2802021129995407,0.4606741573033708,0,1,3,3,1,1,2.0,0,0,0
1,0,1,0,0,6,5,9,12.4,0.8333333333333334,1.5,0,0,1,19,0,1,1,0.2802021129995407,0.3400673400673401,0,1,1,1,1,1,1.0,0,0,0
0,1,0,3,1,6,5,8,12.2,0.8333333333333334,1.3333333333333333,0,0,0,19,0,1,1,0.2802021129995407,0.3400673400673401,0,1,3,3,2,1,2.25,0,0,0
1,1,0,2,0,5,2,14,10.5,0.4,2.8,0,0,0,28,3,1,0,0.55625,0.6355140186915887,1,1,1,1,1,2,1.25,0,0,0
1,0,1,0,0,8,7,8,14.4,0.875,1.0,0,0,0,19,0,1,1,0.2802021129995407,0.17717717717717718,0,1,1,2,1,1,1.25,0,0,0
1,0,0,1,0,14,13,18,12.846153846153848,0.9285714285714286,1.2857142857142858,0,0,0,32,3,2,0,0.6412213740458015,0.36597938144329895,2,1,1,1,2,1,1.25,0,0,0
0,1,0,3,1,6,4,13,12.0,0.6666666666666666,2.1666666666666665,0,0,0,26,2,1,0,0.55625,0.36597938144329895,1,1,1,1,1,1,1.0,0,0,0
1,0,0,1,0,5,0,0,0.0,0.0,0.0,1,1,0,25,2,2,1,0.55625,0.4944649446494465,1,1,1,1,1,1,1.0,0,1,0
1,0,0,1,0,7,6,8,13.666666666666666,0.8571428571428571,1.1428571428571428,0,0,0,31,3,2,1,0.55625,0.5985915492957746,0,2,1,1,2,1,1.25,0,0,0
1,0,1,0,0,6,5,10,11.857142857142858,0.8333333333333334,1.6666666666666667,0,0,0,20,0,1,1,0.2802021129995407,0.20967741935483872,0,1,1,3,1,1,1.5,0,0,0
1,0,0,1,0,6,0,0,0.0,0.0,0.0,1,1,0,19,0,1,1,0.2802021129995407,0.20967741935483872,0,4,3,1,1,1,1.5,0,1,0
1,0,0,1,0,0,0,0,0.0,0.0,0.0,1,1,0,23,1,1,1,0.2802021129995407,0.4606741573033708,0,1,1,2,1,1,1.25,0,1,0
1,0,0,1,0,6,5,8,13.2,0.8333333333333334,1.3333333333333333,0,0,0,18,0,1,1,0.2802021129995407,0.20967741935483872,0,1,1,3,1,1,1.5,0,0,0
1,0,1,0,0,6,6,8,12.714285714285714,1.0,1.3333333333333333,0,0,0,19,0,1,1,0.2802021129995407,0.20967741935483872,0,2,1,1,1,1,1.0,0,0,0
1,0,0,1,0,6,6,6,12.5,1.0,1.0,0,0,0,18,0,1,1,0.2802021129995407,0.45714285714285713,0,1,1,2,1,0,1.0,0,0,0
1,0,0,1,0,5,5,6,13.0,1.0,1.2,0,0,0,24,2,1,1,0.2802021129995407,0.3423076923076923,0,1,3,2,2,1,2.0,0,0,0
1,0,0,1,0,14,12,14,13.291666666666666,0.8571428571428571,1.0,0,0,0,25,2,1,1,0.55625,0.17717717717717718,0,1,4,1,1,2,2.0,0,0,0
1,0,0,1,0,5,3,12,11.666666666666666,0.6,2.4,0,0,0,20,0,1,1,0.2802021129995407,0.3423076923076923,0,1,4,4,1,1,2.5,0,0,0
1,0,0,1,0,8,7,8,14.24,0.875,1.0,0,0,0,18,0,1,1,0.2802021129995407,0.17717717717717718,0,2,1,1,1,1,1.0,0,0,0
1,0,0,1,0,5,3,10,13.0,0.6,2.0,0,0,0,24,2,1,1,0.55625,0.4337899543378995,0,1,3,1,0,0,1.0,0,0,0
0,1,0,3,1,6,5,10,11.833333333333334,0.8333333333333334,1.6666666666666667,0,0,0,21,1,1,1,0.2802021129995407,0.20967741935483872,0,5,1,1,1,1,1.0,0,0,0
1,0,0,1,0,6,6,6,12.833333333333334,1.0,1.0,0,0,0,18,0,1,1,0.2802021129995407,0.3400673400673401,0,1,3,2,1,0,1.5,0,0,0
1,0,0,1,0,6,1,16,10.0,0.16666666666666666,2.6666666666666665,0,0,0,20,0,1,1,0.2802021129995407,0.45714285714285713,0,2,1,2,1,1,1.25,0,0,0
1,0,0,1,0,5,2,9,11.0,0.4,1.8,0,0,0,19,0,1,1,0.2802021129995407,0.4944649446494465,0,5,3,3,2,2,2.5,0,0,0
1,0,0,1,0,7,7,7,14.105714285714289,1.0,1.0,0,0,0,20,0,1,1,0.2802021129995407,0.17717717717717718,0,1,4,3,1,1,2.25,0,0,0
1,0,0,1,0,8,7,12,12.471428571428572,0.875,1.5,0,0,0,20,0,1,1,0.2802021129995407,0.17717717717717718,0,5,1,2,1,2,1.5,0,0,0
1,0,1,0,0,6,6,11,11.833333333333334,1.0,1.8333333333333333,0,0,0,20,0,1,1,0.55625,0.3423076923076923,1,1,4,3,2,2,2.75,0,0,0
1,0,0,1,0,6,6,6,12.5,1.0,1.0,0,0,0,20,0,1,1,0.2802021129995407,0.2786885245901639,0,3,3,3,2,1,2.25,0,0,0
1,0,0,1,0,6,6,7,11.666666666666666,1.0,1.1666666666666667,0,0,0,18,0,1,1,0.2802021129995407,0.5985915492957746,0,5,1,1,1,1,1.0,0,0,0
1,0,0,1,0,0,0,0,0.0,0.0,0.0,1,1,0,18,0,1,1,0.2802021129995407,0.4606741573033708,0,1,4,3,2,2,2.75,0,1,0
1,0,0,1,0,5,5,8,16.166666666666668,1.0,1.6,0,0,0,18,0,1,1,0.2802021129995407,0.3423076923076923,0,2,4,2,1,1,2.0,0,0,0
1,0,0,1,0,6,3,11,12.666666666666666,0.5,1.8333333333333333,0,0,0,35,3,1,1,0.55625,0.3423076923076923,1,1,1,1,2,1,1.25,0,0,0
0,1,0,3,1,6,2,14,10.5,0.3333333333333333,2.3333333333333335,0,0,0,31,3,1,0,0.55625,0.36597938144329895,0,1,1,1,1,1,1.0,0,0,0
1,1,0,2,0,6,2,13,11.5,0.3333333333333333,2.1666666666666665,0,0,0,19,0,1,1,0.55625,0.45714285714285713,0,1,1,1,1,1,1.0,0,0,0
1,0,0,1,0,6,6,6,13.0,1.0,1.0,0,0,0,19,0,1,1,0.2802021129995407,0.20967741935483872,0,4,3,2,2,1,2.0,0,0,0
1,0,0,1,0,7,6,7,11.966666666666669,0.8571428571428571,1.0,0,0,0,19,0,1,1,0.2802021129995407,0.17717717717717718,0,4,1,1,2,1,1.25,0,0,0
1,0,0,1,0,8,8,8,13.3475,1.0,1.0,0,0,0,19,0,1,1,0.2802021129995407,0.17717717717717718,0,1,4,4,1,2,2.75,0,0,0
1,0,0,1,0,5,5,7,12.0,1.0,1.4,0,0,0,21,1,1,1,0.2802021129995407,0.3423076923076923,0,3,3,1,1,0,1.25,0,0,0
1,0,0,1,0,6,2,10,10.5,0.3333333333333333,1.6666666666666667,0,0,0,18,0,1,1,0.2802021129995407,0.5985915492957746,0,3,3,1,0,0,1.0,0,0,0
1,0,0,1,0,0,0,0,0.0,0.0,0.0,1,1,1,19,0,1,1,0.2802021129995407,0.4606741573033708,0,2,1,1,2,1,1.25,0,1,0
1,0,0,1,0,6,6,9,13.571428571428571,1.0,1.5,0,0,1,18,0,1,1,0.2802021129995407,0.4337899543378995,0,1,4,2,2,1,2.25,0,0,0
1,0,0,1,0,6,6,10,14.7,1.0,1.6666666666666667,0,0,1,18,0,1,1,0.2802021129995407,0.3423076923076923,0,1,1,2,1,1,1.25,0,0,0
0,0,0,2,0,5,0,5,0.0,0.0,1.0,1,0,1,25,2,1,0,0.55625,0.6355140186915887,0,1,1,1,1,1,1.0,2,2,1
1,0,0,1,0,0,0,0,0.0,0.0,0.0,1,1,1,19,0,1,1,0.2802021129995407,0.4606741573033708,0,3,3,4,1,1,2.25,0,1,0
1,0,0,1,0,7,7,7,13.175714285714289,1.0,1.0,0,0,1,18,0,1,1,0.2802021129995407,0.17717717717717718,0,5,1,2,2,2,1.75,0,0,0
1,0,0,1,0,6,0,7,0.0,0.0,1.1666666666666667,1,0,1,24,2,1,1,0.55625,0.4941860465116279,0,1,1,1,1,1,1.0,2,1,0
1,0,0,1,0,8,7,11,13.742857142857144,0.875,1.375,0,0,0,29,3,3,1,0.6412213740458015,0.17717717717717718,1,1,1,1,2,1,1.25,0,0,0
1,0,0,1,0,5,0,5,0.0,0.0,1.0,1,0,0,27,2,1,0,0.55625,0.6355140186915887,0,1,1,1,1,1,1.0,0,1,0
1,0,0,1,0,7,7,8,12.217142857142855,1.0,1.1428571428571428,0,0,0,18,0,1,1,0.2802021129995407,0.17717717717717718,0,5,1,3,1,0,1.25,0,0,0
1,0,0,1,0,15,14,15,11.071428571428571,0.9333333333333333,1.0,0,0,0,28,3,2,0,0.55625,0.6355140186915887,0,1,1,1,1,1,1.0,0,0,0
1,0,1,0,0,7,7,10,13.428571428571429,1.0,1.4285714285714286,0,0,0,32,3,2,1,0.55625,0.5985915492957746,1,1,1,1,1,1,1.0,0,0,0
1,0,0,1,0,5,5,7,11.4,1.0,1.4,0,0,0,30,3,1,0,0.55625,0.6355140186915887,0,1,1,1,1,1,1.0,0,0,0
1,0,0,1,0,8,4,14,11.325,0.5,1.75,0,0,0,29,3,1,1,0.6412213740458015,0.17717717717717718,2,1,1,1,1,1,1.0,0,0,0
1,0,0,1,0,8,7,8,15.0,0.875,1.0,0,0,0,19,0,1,1,0.2802021129995407,0.17717717717717718,0,1,3,3,1,1,2.0,0,0,0
1,0,0,1,0,6,6,7,13.166666666666666,1.0,1.1666666666666667,0,0,0,29,3,1,0,0.55625,0.36597938144329895,0,2,1,1,1,1,1.0,0,0,0
0,0,0,2,0,6,2,12,11.0,0.3333333333333333,2.0,0,0,0,27,2,2,1,0.2802021129995407,0.20967741935483872,0,1,1,1,1,1,1.0,0,0,0
1,0,0,1,0,6,0,0,0.0,0.0,0.0,1,1,0,19,0,1,1,0.2802021129995407,0.20967741935483872,0,1,1,2,2,2,1.75,0,1,0
1,0,1,0,0,5,3,7,12.333333333333334,0.6,1.4,0,0,0,21,1,1,1,0.2802021129995407,0.4337899543378995,0,1,1,1,1,1,1.0,0,0,0
0,0,0,2,0,5,4,6,12.25,0.8,1.2,0,0,0,29,3,2,0,0.2802021129995407,0.6355140186915887,0,1,1,1,1,1,1.0,0,0,0
0,1,0,3,1,13,13,13,11.923076923076923,1.0,1.0,0,0,0,42,4,2,1,0.55625,0.4944649446494465,2,1,1,1,1,1,1.0,0,0,0
1,0,1,0,0,6,6,6,14.333333333333334,1.0,1.0,0,0,0,18,0,1,1,0.2802021129995407,0.20967741935483872,0,1,1,2,1,1,1.25,0,0,0
1,0,0,1,0,5,5,6,12.0,1.0,1.2,0,0,0,24,2,1,1,0.55625,0.3423076923076923,0,1,1,1,1,1,1.0,0,0,0
1,0,0,1,0,5,3,10,12.333333333333334,0.6,2.0,0,0,0,27,2,1,0,0.55625,0.6355140186915887,0,1,1,1,1,1,1.0,0,0,0
1,0,0,1,0,8,8,8,14.88875,1.0,1.0,0,0,0,18,0,1,1,0.2802021129995407,0.17717717717717718,0,4,1,3,1,0,1.25,0,0,0
1,1,1,1,0,6,6,8,12.166666666666666,1.0,1.3333333333333333,0,0,0,19,0,1,1,0.2802021129995407,0.3400673400673401,0,3,3,1,0,0,1.0,0,0,0
1,0,1,0,0,6,6,7,12.666666666666666,1.0,1.1666666666666667,0,0,0,18,0,1,1,0.2802021129995407,0.3400673400673401,0,2,1,1,1,0,0.75,0,0,0
1,0,1,0,0,5,4,8,13.0,0.8,1.6,0,0,0,26,2,1,1,0.55625,0.4944649446494465,0,1,1,1,1,1,1.0,0,0,0
1,0,1,0,0,6,6,9,13.875,1.0,1.5,0,0,0,22,1,1,1,0.2802021129995407,0.45714285714285713,0,1,1,2,1,1,1.25,0,0,0
1,1,0,2,0,5,4,10,10.75,0.8,2.0,0,0,1,37,4,2,0,0.55625,0.6355140186915887,0,1,1,1,2,2,1.5,4,0,0
1,0,0,1,0,5,3,10,14.666666666666666,0.6,2.0,0,0,1,24,2,1,1,0.6412213740458015,0.3423076923076923,2,1,1,1,0,0,0.5,2,0,0
1,0,1,0,0,7,6,11,12.4125,0.8571428571428571,1.5714285714285714,0,0,1,19,0,1,1,0.2802021129995407,0.17717717717717718,0,3,3,3,2,0,2.0,0,0,0
0,1,0,3,1,6,1,12,11.0,0.16666666666666666,2.0,0,0,1,28,3,2,1,0.55625,0.65,1,1,4,3,1,1,2.25,3,0,0
1,0,1,0,0,8,7,8,14.314285714285717,0.875,1.0,0,0,1,18,0,1,1,0.2802021129995407,0.17717717717717718,0,4,1,1,1,1,1.0,0,0,0
1,0,0,1,0,6,6,6,12.833333333333334,1.0,1.0,0,0,1,18,0,1,1,0.2802021129995407,0.3400673400673401,0,1,3,2,2,2,2.25,0,0,0
1,0,0,1,0,6,5,8,11.4,0.8333333333333334,1.3333333333333333,0,0,1,47,4,2,1,0.55625,0.3400673400673401,0,1,1,1,1,1,1.0,4,0,0
1,0,0,1,0,5,5,5,14.6,1.0,1.0,0,0,1,38,4,2,0,0.55625,0.6355140186915887,0,1,1,1,2,1,1.25,4,0,0
1,0,1,0,0,6,6,7,13.5,1.0,1.1666666666666667,0,0,1,20,0,1,1,0.2802021129995407,0.2786885245901639,0,1,1,2,1,2,1.5,0,0,0
1,0,0,1,0,6,6,8,12.5,1.0,1.3333333333333333,0,0,1,21,1,1,1,0.55625,0.65,1,1,1,1,1,2,1.25,1,0,0
1,0,0,1,0,5,5,6,11.8,1.0,1.2,0,0,0,18,0,1,1,0.2802021129995407,0.65,0,1,4,1,2,1,2.0,0,0,0
0,1,0,3,1,7,3,14,12.333333333333334,0.42857142857142855,2.0,0,0,0,46,4,3,1,0.55625,0.17717717717717718,1,1,1,1,2,2,1.5,0,0,0
1,0,0,1,0,14,12,15,12.625,0.8571428571428571,1.0714285714285714,0,0,0,23,1,1,1,0.55625,0.17717717717717718,0,2,1,1,1,1,1.0,0,0,0
1,0,1,0,0,6,6,6,13.833333333333334,1.0,1.0,0,0,0,20,0,1,1,0.2802021129995407,0.2786885245901639,0,1,3,3,1,1,2.0,0,0,0
1,0,0,1,0,7,6,7,12.5,0.8571428571428571,1.0,0,0,1,20,0,1,1,0.55625,0.2786885245901639,1,1,4,1,2,1,2.0,0,0,0
1,0,0,1,0,6,5,7,13.6,0.8333333333333334,1.1666666666666667,0,0,1,19,0,1,1,0.2802021129995407,0.3400673400673401,0,5,3,3,1,2,2.25,0,0,0
0,1,0,3,1,6,6,6,12.0,1.0,1.0,0,0,0,18,0,1,1,0.2802021129995407,0.3400673400673401,0,2,3,3,1,1,2.0,0,0,0
1,0,1,0,0,7,7,8,14.9125,1.0,1.1428571428571428,0,0,0,30,3,1,1,0.2802021129995407,0.17717717717717718,0,1,1,1,1,1,1.0,0,0,0
1,0,1,0,0,5,5,5,13.8,1.0,1.0,0,0,0,20,0,1,1,0.2802021129995407,0.4944649446494465,0,1,1,1,1,2,1.25,0,0,0
1,0,0,1,0,6,6,8,11.666666666666666,1.0,1.3333333333333333,0,0,0,22,1,1,1,0.55625,0.3400673400673401,0,1,1,1,1,1,1.0,0,0,0
